LOT_ID,Model,Machine,Defect,Delam_Panel_Count,Yield,Violation_Count,Abnormal_LOT
LOT000001,MODEL_B,PRESS_01,Normal,0,98.35,0,False
LOT000002,MODEL_C,PRESS_03,Normal,0,98.91,0,False
LOT000003,MODEL_A,PRESS_02,Normal,0,99.52,0,False
LOT000004,MODEL_B,PRESS_02,Normal,0,98.92,0,False
LOT000005,MODEL_C,PRESS_02,Normal,0,98.14,0,False
LOT000006,MODEL_C,PRESS_03,Normal,0,99.11,0,False
LOT000007,MODEL_B,PRESS_01,Normal,0,98.5,0,False
LOT000008,MODEL_A,PRESS_03,Normal,0,98.46,0,False
LOT000009,MODEL_A,PRESS_01,Normal,0,98.02,0,False
LOT000010,MODEL_B,PRESS_01,Normal,0,99.39,0,False
LOT000011,MODEL_B,PRESS_02,Normal,0,98.04,0,False
LOT000012,MODEL_A,PRESS_03,Normal,0,98.42,0,False
LOT000013,MODEL_A,PRESS_03,Normal,0,98.42,0,False
LOT000014,MODEL_B,PRESS_03,Normal,0,98.5,0,False
LOT000015,MODEL_C,PRESS_03,Normal,0,99.05,0,False
LOT000016,MODEL_A,PRESS_03,Normal,0,98.45,0,False
LOT000017,MODEL_B,PRESS_02,Delamination,17,22.57,1,True
LOT000018,MODEL_A,PRESS_01,Normal,0,98.69,0,False
LOT000019,MODEL_A,PRESS_03,Normal,0,98.69,0,False
LOT000020,MODEL_B,PRESS_02,Normal,0,98.94,0,False
LOT000021,MODEL_A,PRESS_02,Normal,0,98.62,0,False
LOT000022,MODEL_A,PRESS_02,Normal,0,98.68,0,False
LOT000023,MODEL_C,PRESS_01,Normal,0,99.1,0,False
LOT000024,MODEL_A,PRESS_03,Normal,0,98.12,0,False
LOT000025,MODEL_A,PRESS_03,Delamination,1,94.31,1,True
LOT000026,MODEL_C,PRESS_02,Delamination,2,90.59,1,True
LOT000027,MODEL_B,PRESS_02,Normal,0,98.4,0,False
LOT000028,MODEL_A,PRESS_03,Normal,0,99.02,0,False
LOT000029,MODEL_B,PRESS_02,Delamination,3,84.76,1,True
LOT000030,MODEL_B,PRESS_02,Delamination,1,94.16,1,True
LOT000031,MODEL_A,PRESS_02,Delamination,1,93.76,1,True
LOT000032,MODEL_B,PRESS_01,Normal,0,99.15,0,False
LOT000033,MODEL_B,PRESS_01,Normal,0,98.81,0,False
LOT000034,MODEL_A,PRESS_02,Normal,0,97.73,0,False
LOT000035,MODEL_C,PRESS_03,Normal,0,98.69,0,False
LOT000036,MODEL_B,PRESS_01,Delamination,2,89.68,1,True
LOT000037,MODEL_C,PRESS_03,Normal,0,98.77,0,False
LOT000038,MODEL_A,PRESS_03,Normal,0,99.35,0,False
LOT000039,MODEL_A,PRESS_01,Normal,0,98.3,0,False
LOT000040,MODEL_C,PRESS_02,Normal,0,98.76,0,False
LOT000041,MODEL_C,PRESS_01,Normal,0,97.47,0,False
LOT000042,MODEL_A,PRESS_03,Delamination,1,94.65,1,True
LOT000043,MODEL_C,PRESS_03,Normal,0,97.93,0,False
LOT000044,MODEL_A,PRESS_02,Normal,0,98.24,0,False
LOT000045,MODEL_B,PRESS_01,Normal,0,98.6,0,False
LOT000046,MODEL_A,PRESS_03,Normal,0,98.79,0,False
LOT000047,MODEL_B,PRESS_02,Normal,0,98.18,0,False
LOT000048,MODEL_C,PRESS_03,Normal,0,99.3,0,False
LOT000049,MODEL_C,PRESS_03,Normal,0,98.5,0,False
LOT000050,MODEL_C,PRESS_03,Delamination,1,94.6,1,True
LOT000051,MODEL_A,PRESS_03,Normal,0,98.2,0,False
LOT000052,MODEL_C,PRESS_01,Normal,0,99.9,0,False
LOT000053,MODEL_B,PRESS_02,Normal,0,98.58,0,False
LOT000054,MODEL_B,PRESS_02,Delamination,1,94.08,1,True
LOT000055,MODEL_C,PRESS_02,Normal,0,98.77,0,False
LOT000056,MODEL_B,PRESS_01,Delamination,1,94.02,1,True
LOT000057,MODEL_B,PRESS_02,Normal,0,98.98,0,False
LOT000058,MODEL_B,PRESS_01,Normal,0,98.69,0,False
LOT000059,MODEL_B,PRESS_03,Normal,0,98.43,0,False
LOT000060,MODEL_C,PRESS_03,Normal,0,98.55,0,False
LOT000061,MODEL_B,PRESS_03,Normal,0,98.29,0,False
LOT000062,MODEL_B,PRESS_03,Normal,0,98.48,0,False
LOT000063,MODEL_A,PRESS_02,Normal,0,97.56,0,False
LOT000064,MODEL_B,PRESS_03,Normal,0,97.99,0,False
LOT000065,MODEL_C,PRESS_02,Normal,0,98.61,0,False
LOT000066,MODEL_B,PRESS_01,Normal,0,98.57,0,False
LOT000067,MODEL_A,PRESS_03,Normal,0,99.18,0,False
LOT000068,MODEL_B,PRESS_02,Normal,0,98.96,0,False
LOT000069,MODEL_C,PRESS_01,Normal,0,98.76,0,False
LOT000070,MODEL_A,PRESS_02,Normal,0,98.3,0,False
LOT000071,MODEL_A,PRESS_03,Normal,0,98.85,0,False
LOT000072,MODEL_B,PRESS_01,Normal,0,98.39,0,False
LOT000073,MODEL_B,PRESS_02,Normal,0,98.53,0,False
LOT000074,MODEL_A,PRESS_01,Normal,0,97.72,0,False
LOT000075,MODEL_C,PRESS_03,Normal,0,98.65,0,False
LOT000076,MODEL_C,PRESS_02,Normal,0,98.55,0,False
LOT000077,MODEL_B,PRESS_01,Normal,0,98.74,0,False
LOT000078,MODEL_B,PRESS_01,Normal,0,98.56,0,False
LOT000079,MODEL_A,PRESS_02,Normal,0,97.85,0,False
LOT000080,MODEL_C,PRESS_03,Normal,0,98.94,0,False
LOT000081,MODEL_C,PRESS_03,Normal,0,98.64,0,False
LOT000082,MODEL_B,PRESS_02,Delamination,1,94.63,1,True
LOT000083,MODEL_B,PRESS_01,Normal,0,97.66,0,False
LOT000084,MODEL_C,PRESS_03,Delamination,1,93.99,1,True
LOT000085,MODEL_C,PRESS_02,Normal,0,99.11,0,False
LOT000086,MODEL_A,PRESS_03,Normal,0,98.0,0,False
LOT000087,MODEL_C,PRESS_01,Normal,0,99.06,0,False
LOT000088,MODEL_C,PRESS_01,Normal,0,99.14,0,False
LOT000089,MODEL_C,PRESS_03,Normal,0,98.82,0,False
LOT000090,MODEL_B,PRESS_03,Normal,0,98.25,0,False
LOT000091,MODEL_B,PRESS_02,Normal,0,98.21,0,False
LOT000092,MODEL_A,PRESS_03,Normal,0,98.65,0,False
LOT000093,MODEL_B,PRESS_03,Normal,0,98.94,0,False
LOT000094,MODEL_A,PRESS_02,Delamination,6,72.46,1,True
LOT000095,MODEL_B,PRESS_03,Normal,0,98.85,0,False
LOT000096,MODEL_A,PRESS_01,Normal,0,98.26,0,False
LOT000097,MODEL_B,PRESS_01,Normal,0,99.14,0,False
LOT000098,MODEL_B,PRESS_03,Normal,0,99.36,0,False
LOT000099,MODEL_A,PRESS_02,Normal,0,98.78,0,False
LOT000100,MODEL_C,PRESS_01,Normal,0,98.87,0,False
LOT000101,MODEL_B,PRESS_03,Normal,0,98.99,0,False
LOT000102,MODEL_C,PRESS_01,Normal,0,97.4,0,False
LOT000103,MODEL_A,PRESS_03,Normal,0,98.69,0,False
LOT000104,MODEL_C,PRESS_01,Delamination,1,94.01,1,True
LOT000105,MODEL_A,PRESS_03,Normal,0,98.18,0,False
LOT000106,MODEL_B,PRESS_03,Normal,0,98.79,0,False
LOT000107,MODEL_B,PRESS_03,Normal,0,98.76,0,False
LOT000108,MODEL_B,PRESS_02,Delamination,1,94.29,1,True
LOT000109,MODEL_B,PRESS_02,Normal,0,98.8,0,False
LOT000110,MODEL_C,PRESS_03,Normal,0,98.84,0,False
LOT000111,MODEL_A,PRESS_01,Normal,0,98.77,0,False
LOT000112,MODEL_C,PRESS_03,Delamination,1,94.05,1,True
LOT000113,MODEL_A,PRESS_02,Normal,0,98.15,0,False
LOT000114,MODEL_A,PRESS_02,Delamination,1,95.21,0,True
LOT000115,MODEL_A,PRESS_02,Normal,0,99.05,0,False
LOT000116,MODEL_C,PRESS_02,Normal,0,99.0,0,False
LOT000117,MODEL_A,PRESS_01,Normal,0,98.81,0,False
LOT000118,MODEL_B,PRESS_01,Normal,0,99.02,0,False
LOT000119,MODEL_B,PRESS_01,Normal,0,98.63,0,False
LOT000120,MODEL_C,PRESS_01,Normal,0,98.92,0,False
LOT000121,MODEL_B,PRESS_02,Normal,0,97.73,0,False
LOT000122,MODEL_C,PRESS_03,Delamination,1,94.63,1,True
LOT000123,MODEL_C,PRESS_02,Delamination,1,94.13,1,True
LOT000124,MODEL_C,PRESS_02,Normal,0,98.41,0,False
LOT000125,MODEL_C,PRESS_03,Normal,0,98.75,0,False
LOT000126,MODEL_A,PRESS_02,Normal,0,98.8,0,False
LOT000127,MODEL_B,PRESS_01,Normal,0,98.98,0,False
LOT000128,MODEL_B,PRESS_03,Normal,0,98.95,0,False
LOT000129,MODEL_A,PRESS_02,Normal,0,99.28,0,False
LOT000130,MODEL_A,PRESS_02,Normal,0,98.35,0,False
LOT000131,MODEL_A,PRESS_02,Normal,0,98.71,0,False
LOT000132,MODEL_C,PRESS_02,Normal,0,98.61,0,False
LOT000133,MODEL_B,PRESS_01,Normal,0,97.9,0,False
LOT000134,MODEL_A,PRESS_02,Normal,0,98.88,0,False
LOT000135,MODEL_C,PRESS_03,Normal,0,98.6,0,False
LOT000136,MODEL_C,PRESS_01,Normal,0,98.96,0,False
LOT000137,MODEL_C,PRESS_02,Normal,0,99.0,0,False
LOT000138,MODEL_C,PRESS_01,Normal,0,98.43,0,False
LOT000139,MODEL_C,PRESS_02,Delamination,2,90.44,1,True
LOT000140,MODEL_A,PRESS_02,Delamination,1,93.63,1,True
LOT000141,MODEL_C,PRESS_03,Normal,0,97.97,0,False
LOT000142,MODEL_B,PRESS_01,Normal,0,98.28,0,False
LOT000143,MODEL_B,PRESS_01,Normal,0,98.41,0,False
LOT000144,MODEL_B,PRESS_02,Normal,0,98.44,0,False
LOT000145,MODEL_B,PRESS_03,Normal,0,98.92,0,False
LOT000146,MODEL_B,PRESS_03,Normal,0,98.42,0,False
LOT000147,MODEL_C,PRESS_01,Normal,0,98.83,0,False
LOT000148,MODEL_A,PRESS_01,Normal,0,97.98,0,False
LOT000149,MODEL_A,PRESS_03,Normal,0,98.78,0,False
LOT000150,MODEL_A,PRESS_01,Normal,0,98.31,0,False
LOT000151,MODEL_C,PRESS_03,Normal,0,98.72,0,False
LOT000152,MODEL_B,PRESS_01,Normal,0,98.44,0,False
LOT000153,MODEL_B,PRESS_03,Normal,0,98.44,0,False
LOT000154,MODEL_B,PRESS_01,Normal,0,98.65,0,False
LOT000155,MODEL_B,PRESS_02,Delamination,1,94.37,1,True
LOT000156,MODEL_B,PRESS_02,Normal,0,99.41,0,False
LOT000157,MODEL_A,PRESS_01,Normal,0,98.81,0,False
LOT000158,MODEL_A,PRESS_02,Normal,0,98.92,0,False
LOT000159,MODEL_C,PRESS_02,Normal,0,98.92,0,False
LOT000160,MODEL_B,PRESS_03,Normal,0,98.15,0,False
LOT000161,MODEL_A,PRESS_03,Normal,0,98.7,0,False
LOT000162,MODEL_B,PRESS_02,Normal,0,98.36,0,False
LOT000163,MODEL_B,PRESS_02,Normal,0,99.54,0,False
LOT000164,MODEL_A,PRESS_02,Delamination,1,94.37,1,True
LOT000165,MODEL_A,PRESS_02,Normal,0,98.08,0,False
LOT000166,MODEL_C,PRESS_03,Delamination,2,89.34,1,True
LOT000167,MODEL_A,PRESS_01,Normal,0,98.22,0,False
LOT000168,MODEL_A,PRESS_01,Normal,0,98.73,0,False
LOT000169,MODEL_B,PRESS_02,Normal,0,98.56,0,False
LOT000170,MODEL_B,PRESS_01,Normal,0,98.61,0,False
LOT000171,MODEL_C,PRESS_01,Delamination,1,93.88,1,True
LOT000172,MODEL_C,PRESS_01,Normal,0,98.48,0,False
LOT000173,MODEL_A,PRESS_03,Normal,0,99.02,0,False
LOT000174,MODEL_B,PRESS_03,Normal,0,98.83,0,False
LOT000175,MODEL_A,PRESS_03,Normal,0,98.23,0,False
LOT000176,MODEL_B,PRESS_02,Normal,0,98.64,0,False
LOT000177,MODEL_A,PRESS_03,Normal,0,98.02,0,False
LOT000178,MODEL_A,PRESS_01,Normal,0,98.81,0,False
LOT000179,MODEL_C,PRESS_03,Normal,0,98.55,0,False
LOT000180,MODEL_A,PRESS_02,Normal,0,98.36,0,False
LOT000181,MODEL_B,PRESS_03,Normal,0,97.94,0,False
LOT000182,MODEL_A,PRESS_01,Normal,0,98.52,0,False
LOT000183,MODEL_C,PRESS_02,Normal,0,98.85,1,True
LOT000184,MODEL_C,PRESS_03,Normal,0,98.44,0,False
LOT000185,MODEL_B,PRESS_02,Delamination,1,94.47,1,True
LOT000186,MODEL_C,PRESS_02,Normal,0,98.07,0,False
LOT000187,MODEL_B,PRESS_01,Normal,0,98.42,0,False
LOT000188,MODEL_A,PRESS_02,Delamination,1,94.05,1,True
LOT000189,MODEL_A,PRESS_01,Normal,0,98.92,0,False
LOT000190,MODEL_A,PRESS_01,Normal,0,99.24,0,False
LOT000191,MODEL_A,PRESS_03,Normal,0,99.04,0,False
LOT000192,MODEL_A,PRESS_02,Normal,0,99.0,0,False
LOT000193,MODEL_A,PRESS_02,Normal,0,99.12,0,False
LOT000194,MODEL_B,PRESS_02,Normal,0,97.87,0,False
LOT000195,MODEL_A,PRESS_03,Normal,0,97.69,0,False
LOT000196,MODEL_B,PRESS_01,Normal,0,98.36,0,False
LOT000197,MODEL_B,PRESS_02,Normal,0,98.83,0,False
LOT000198,MODEL_C,PRESS_01,Normal,0,98.96,0,False
LOT000199,MODEL_B,PRESS_02,Delamination,1,94.25,1,True
LOT000200,MODEL_C,PRESS_03,Delamination,1,94.05,1,True
LOT000201,MODEL_B,PRESS_02,Normal,0,98.77,0,False
LOT000202,MODEL_A,PRESS_03,Normal,0,98.43,0,False
LOT000203,MODEL_B,PRESS_02,Normal,0,99.12,0,False
LOT000204,MODEL_B,PRESS_03,Normal,0,98.93,0,False
LOT000205,MODEL_B,PRESS_02,Normal,0,99.28,0,False
LOT000206,MODEL_B,PRESS_01,Normal,0,99.33,0,False
LOT000207,MODEL_B,PRESS_03,Normal,0,98.74,0,False
LOT000208,MODEL_A,PRESS_03,Delamination,1,94.63,1,True
LOT000209,MODEL_A,PRESS_01,Normal,0,98.51,0,False
LOT000210,MODEL_C,PRESS_03,Normal,0,98.73,0,False
LOT000211,MODEL_C,PRESS_01,Normal,0,99.0,0,False
LOT000212,MODEL_A,PRESS_03,Normal,0,99.36,0,False
LOT000213,MODEL_C,PRESS_03,Normal,0,98.93,0,False
LOT000214,MODEL_C,PRESS_02,Delamination,3,85.11,1,True
LOT000215,MODEL_A,PRESS_03,Normal,0,98.61,0,False
LOT000216,MODEL_C,PRESS_01,Normal,0,99.23,0,False
LOT000217,MODEL_B,PRESS_01,Normal,0,98.57,0,False
LOT000218,MODEL_C,PRESS_01,Normal,0,98.73,0,False
LOT000219,MODEL_B,PRESS_02,Normal,0,98.47,0,False
LOT000220,MODEL_B,PRESS_03,Normal,0,98.72,0,False
LOT000221,MODEL_A,PRESS_01,Normal,0,98.35,0,False
LOT000222,MODEL_A,PRESS_02,Normal,0,98.83,0,False
LOT000223,MODEL_B,PRESS_03,Normal,0,98.32,0,False
LOT000224,MODEL_C,PRESS_01,Normal,0,98.6,0,False
LOT000225,MODEL_C,PRESS_03,Normal,0,98.68,0,False
LOT000226,MODEL_C,PRESS_01,Normal,0,98.57,0,False
LOT000227,MODEL_B,PRESS_03,Normal,0,98.48,0,False
LOT000228,MODEL_B,PRESS_02,Normal,0,98.51,0,False
LOT000229,MODEL_B,PRESS_02,Normal,0,98.63,0,False
LOT000230,MODEL_C,PRESS_01,Normal,0,98.23,0,False
LOT000231,MODEL_A,PRESS_02,Normal,0,98.27,0,False
LOT000232,MODEL_A,PRESS_03,Normal,0,98.98,0,False
LOT000233,MODEL_C,PRESS_01,Normal,0,98.73,0,False
LOT000234,MODEL_B,PRESS_03,Normal,0,98.55,0,False
LOT000235,MODEL_B,PRESS_02,Normal,0,98.85,0,False
LOT000236,MODEL_C,PRESS_03,Normal,0,98.73,0,False
LOT000237,MODEL_C,PRESS_02,Normal,0,98.87,0,False
LOT000238,MODEL_A,PRESS_02,Normal,0,98.57,0,False
LOT000239,MODEL_B,PRESS_01,Normal,0,98.67,0,False
LOT000240,MODEL_B,PRESS_02,Delamination,1,94.09,1,True
LOT000241,MODEL_C,PRESS_01,Normal,0,98.63,0,False
LOT000242,MODEL_C,PRESS_02,Delamination,3,85.16,1,True
LOT000243,MODEL_B,PRESS_01,Normal,0,98.52,0,False
LOT000244,MODEL_C,PRESS_02,Normal,0,98.25,0,False
LOT000245,MODEL_B,PRESS_02,Normal,0,98.58,0,False
LOT000246,MODEL_C,PRESS_01,Normal,0,98.86,0,False
LOT000247,MODEL_B,PRESS_03,Normal,0,98.81,0,False
LOT000248,MODEL_B,PRESS_02,Delamination,1,94.24,1,True
LOT000249,MODEL_B,PRESS_03,Normal,0,98.84,0,False
LOT000250,MODEL_C,PRESS_01,Normal,0,98.0,0,False
LOT000251,MODEL_B,PRESS_01,Normal,0,98.85,0,False
LOT000252,MODEL_A,PRESS_02,Normal,0,98.62,0,False
LOT000253,MODEL_A,PRESS_01,Normal,0,98.26,0,False
LOT000254,MODEL_B,PRESS_01,Delamination,1,93.69,1,True
LOT000255,MODEL_C,PRESS_02,Normal,0,98.07,0,False
LOT000256,MODEL_B,PRESS_01,Delamination,1,94.93,1,True
LOT000257,MODEL_B,PRESS_03,Normal,0,99.25,0,False
LOT000258,MODEL_C,PRESS_01,Normal,0,98.68,0,False
LOT000259,MODEL_B,PRESS_01,Normal,0,98.97,0,False
LOT000260,MODEL_C,PRESS_02,Normal,0,98.54,0,False
LOT000261,MODEL_B,PRESS_03,Normal,0,98.2,0,False
LOT000262,MODEL_C,PRESS_01,Normal,0,98.43,0,False
LOT000263,MODEL_C,PRESS_01,Normal,0,98.26,0,False
LOT000264,MODEL_B,PRESS_03,Normal,0,98.44,0,False
LOT000265,MODEL_A,PRESS_03,Normal,0,98.4,0,False
LOT000266,MODEL_B,PRESS_02,Delamination,1,94.02,1,True
LOT000267,MODEL_A,PRESS_02,Normal,0,98.86,0,False
LOT000268,MODEL_B,PRESS_02,Normal,0,98.07,0,False
LOT000269,MODEL_A,PRESS_02,Normal,0,97.41,0,False
LOT000270,MODEL_B,PRESS_02,Normal,0,98.96,0,False
LOT000271,MODEL_B,PRESS_01,Normal,0,98.36,0,False
LOT000272,MODEL_A,PRESS_01,Normal,0,98.6,0,False
LOT000273,MODEL_A,PRESS_01,Normal,0,97.85,0,False
LOT000274,MODEL_B,PRESS_03,Normal,0,98.36,0,False
LOT000275,MODEL_A,PRESS_02,Normal,0,99.14,0,False
LOT000276,MODEL_C,PRESS_02,Delamination,2,89.57,1,True
LOT000277,MODEL_C,PRESS_02,Delamination,8,62.34,1,True
LOT000278,MODEL_C,PRESS_03,Normal,0,98.81,0,False
LOT000279,MODEL_A,PRESS_01,Normal,0,99.2,0,False
LOT000280,MODEL_C,PRESS_01,Normal,0,98.28,0,False
LOT000281,MODEL_B,PRESS_01,Normal,0,98.98,0,False
LOT000282,MODEL_B,PRESS_02,Normal,0,97.97,0,False
LOT000283,MODEL_A,PRESS_03,Normal,0,99.41,0,False
LOT000284,MODEL_B,PRESS_02,Normal,0,98.59,0,False
LOT000285,MODEL_C,PRESS_02,Normal,0,98.46,0,False
LOT000286,MODEL_A,PRESS_03,Normal,0,98.47,2,True
LOT000287,MODEL_A,PRESS_01,Normal,0,98.59,0,False
LOT000288,MODEL_B,PRESS_02,Normal,0,98.81,0,False
LOT000289,MODEL_B,PRESS_02,Normal,0,98.54,0,False
LOT000290,MODEL_B,PRESS_02,Normal,0,99.3,0,False
LOT000291,MODEL_B,PRESS_03,Normal,0,99.08,0,False
LOT000292,MODEL_A,PRESS_01,Normal,0,98.4,0,False
LOT000293,MODEL_A,PRESS_03,Normal,0,98.26,0,False
LOT000294,MODEL_A,PRESS_01,Normal,0,98.65,0,False
LOT000295,MODEL_A,PRESS_02,Normal,0,98.74,0,False
LOT000296,MODEL_C,PRESS_02,Normal,0,98.43,0,False
LOT000297,MODEL_C,PRESS_03,Normal,0,98.55,0,False
LOT000298,MODEL_B,PRESS_02,Delamination,1,94.34,1,True
LOT000299,MODEL_A,PRESS_01,Normal,0,99.07,0,False
LOT000300,MODEL_B,PRESS_01,Normal,0,98.26,0,False
LOT000301,MODEL_C,PRESS_02,Delamination,1,93.23,1,True
LOT000302,MODEL_A,PRESS_03,Delamination,1,93.93,1,True
LOT000303,MODEL_B,PRESS_01,Delamination,1,93.33,1,True
LOT000304,MODEL_B,PRESS_03,Normal,0,98.17,0,False
LOT000305,MODEL_A,PRESS_02,Normal,0,97.49,0,False
LOT000306,MODEL_B,PRESS_01,Normal,0,99.2,0,False
LOT000307,MODEL_B,PRESS_01,Normal,0,97.79,0,False
LOT000308,MODEL_B,PRESS_02,Normal,0,99.48,0,False
LOT000309,MODEL_C,PRESS_01,Normal,0,97.82,0,False
LOT000310,MODEL_B,PRESS_01,Delamination,1,94.48,1,True
LOT000311,MODEL_A,PRESS_02,Normal,0,98.41,0,False
LOT000312,MODEL_A,PRESS_03,Normal,0,98.95,0,False
LOT000313,MODEL_B,PRESS_01,Normal,0,98.92,0,False
LOT000314,MODEL_C,PRESS_01,Normal,0,98.13,0,False
LOT000315,MODEL_A,PRESS_01,Normal,0,99.3,0,False
LOT000316,MODEL_A,PRESS_02,Normal,0,98.0,0,False
LOT000317,MODEL_C,PRESS_03,Normal,0,98.45,0,False
LOT000318,MODEL_B,PRESS_03,Normal,0,99.37,0,False
LOT000319,MODEL_A,PRESS_03,Normal,0,98.75,0,False
LOT000320,MODEL_A,PRESS_03,Normal,0,98.5,0,False
LOT000321,MODEL_B,PRESS_01,Normal,0,98.59,0,False
LOT000322,MODEL_B,PRESS_01,Normal,0,98.69,0,False
LOT000323,MODEL_B,PRESS_02,Normal,0,99.04,0,False
LOT000324,MODEL_A,PRESS_03,Normal,0,98.83,0,False
LOT000325,MODEL_B,PRESS_03,Normal,0,98.43,0,False
LOT000326,MODEL_C,PRESS_01,Normal,0,98.84,0,False
LOT000327,MODEL_A,PRESS_01,Normal,0,97.72,0,False
LOT000328,MODEL_B,PRESS_01,Normal,0,98.82,0,False
LOT000329,MODEL_A,PRESS_01,Normal,0,98.39,0,False
LOT000330,MODEL_B,PRESS_02,Normal,0,98.47,0,False
LOT000331,MODEL_A,PRESS_02,Normal,0,98.8,0,False
LOT000332,MODEL_A,PRESS_02,Delamination,1,94.44,1,True
LOT000333,MODEL_C,PRESS_01,Normal,0,98.1,0,False
LOT000334,MODEL_A,PRESS_03,Normal,0,98.63,0,False
LOT000335,MODEL_C,PRESS_02,Normal,0,98.0,0,False
LOT000336,MODEL_B,PRESS_03,Normal,0,98.74,0,False
LOT000337,MODEL_B,PRESS_03,Normal,0,97.98,0,False
LOT000338,MODEL_B,PRESS_01,Normal,0,98.14,0,False
LOT000339,MODEL_B,PRESS_01,Normal,0,98.94,0,False
LOT000340,MODEL_B,PRESS_03,Normal,0,98.5,0,False
LOT000341,MODEL_C,PRESS_02,Normal,0,98.63,0,False
LOT000342,MODEL_C,PRESS_01,Normal,0,98.26,0,False
LOT000343,MODEL_A,PRESS_02,Normal,0,98.88,0,False
LOT000344,MODEL_C,PRESS_02,Normal,0,98.02,0,False
LOT000345,MODEL_A,PRESS_03,Normal,0,98.49,0,False
LOT000346,MODEL_C,PRESS_01,Normal,0,98.47,0,False
LOT000347,MODEL_A,PRESS_03,Normal,0,98.69,0,False
LOT000348,MODEL_A,PRESS_03,Normal,0,98.58,0,False
LOT000349,MODEL_C,PRESS_01,Normal,0,98.59,0,False
LOT000350,MODEL_C,PRESS_01,Normal,0,98.12,0,False
LOT000351,MODEL_A,PRESS_02,Normal,0,97.86,0,False
LOT000352,MODEL_B,PRESS_01,Normal,0,98.55,0,False
LOT000353,MODEL_B,PRESS_01,Normal,0,98.56,0,False
LOT000354,MODEL_B,PRESS_02,Normal,0,98.21,0,False
LOT000355,MODEL_B,PRESS_03,Normal,0,97.71,0,False
LOT000356,MODEL_C,PRESS_03,Normal,0,99.23,0,False
LOT000357,MODEL_C,PRESS_01,Normal,0,98.71,0,False
LOT000358,MODEL_B,PRESS_03,Normal,0,98.87,0,False
LOT000359,MODEL_C,PRESS_01,Normal,0,98.56,0,False
LOT000360,MODEL_C,PRESS_03,Normal,0,97.78,0,False
LOT000361,MODEL_A,PRESS_03,Normal,0,98.06,0,False
LOT000362,MODEL_C,PRESS_03,Delamination,1,94.24,1,True
LOT000363,MODEL_C,PRESS_01,Normal,0,99.07,0,False
LOT000364,MODEL_A,PRESS_03,Normal,0,98.46,0,False
LOT000365,MODEL_C,PRESS_01,Normal,0,98.91,0,False
LOT000366,MODEL_C,PRESS_02,Normal,0,97.54,0,False
LOT000367,MODEL_B,PRESS_02,Normal,0,97.91,0,False
LOT000368,MODEL_B,PRESS_01,Normal,0,98.65,0,False
LOT000369,MODEL_B,PRESS_01,Normal,0,98.73,0,False
LOT000370,MODEL_C,PRESS_03,Delamination,1,93.84,1,True
LOT000371,MODEL_C,PRESS_02,Delamination,1,94.67,1,True
LOT000372,MODEL_C,PRESS_02,Normal,0,97.95,0,False
LOT000373,MODEL_B,PRESS_02,Normal,0,98.6,0,False
LOT000374,MODEL_A,PRESS_02,Normal,0,98.5,0,False
LOT000375,MODEL_C,PRESS_03,Normal,0,98.38,0,False
LOT000376,MODEL_A,PRESS_01,Normal,0,98.84,0,False
LOT000377,MODEL_A,PRESS_03,Normal,0,98.49,0,False
LOT000378,MODEL_A,PRESS_03,Normal,0,97.47,0,False
LOT000379,MODEL_C,PRESS_02,Delamination,1,94.08,1,True
LOT000380,MODEL_B,PRESS_01,Normal,0,98.85,0,False
LOT000381,MODEL_A,PRESS_01,Normal,0,97.97,0,False
LOT000382,MODEL_A,PRESS_03,Normal,0,98.91,0,False
LOT000383,MODEL_B,PRESS_03,Delamination,1,94.04,1,True
LOT000384,MODEL_C,PRESS_01,Normal,0,97.98,0,False
LOT000385,MODEL_C,PRESS_01,Normal,0,98.67,0,False
LOT000386,MODEL_B,PRESS_01,Normal,0,98.03,0,False
LOT000387,MODEL_B,PRESS_01,Normal,0,98.67,0,False
LOT000388,MODEL_C,PRESS_03,Delamination,1,94.42,1,True
LOT000389,MODEL_C,PRESS_03,Delamination,1,95.2,0,True
LOT000390,MODEL_A,PRESS_01,Normal,0,98.78,0,False
LOT000391,MODEL_C,PRESS_03,Normal,0,98.18,0,False
LOT000392,MODEL_B,PRESS_01,Normal,0,97.72,0,False
LOT000393,MODEL_C,PRESS_02,Normal,0,98.82,0,False
LOT000394,MODEL_A,PRESS_02,Normal,0,98.34,0,False
LOT000395,MODEL_A,PRESS_03,Normal,0,97.36,0,False
LOT000396,MODEL_C,PRESS_03,Normal,0,98.31,0,False
LOT000397,MODEL_C,PRESS_01,Normal,0,98.06,0,False
LOT000398,MODEL_A,PRESS_01,Normal,0,99.45,0,False
LOT000399,MODEL_C,PRESS_01,Normal,0,98.13,0,False
LOT000400,MODEL_A,PRESS_01,Normal,0,98.45,0,False
LOT000401,MODEL_C,PRESS_03,Normal,0,98.55,0,False
LOT000402,MODEL_A,PRESS_03,Normal,0,98.66,0,False
LOT000403,MODEL_A,PRESS_01,Normal,0,99.06,0,False
LOT000404,MODEL_C,PRESS_03,Normal,0,98.74,0,False
LOT000405,MODEL_C,PRESS_02,Normal,0,98.35,0,False
LOT000406,MODEL_A,PRESS_02,Normal,0,98.3,0,False
LOT000407,MODEL_A,PRESS_02,Normal,0,98.26,0,False
LOT000408,MODEL_B,PRESS_01,Normal,0,99.5,0,False
LOT000409,MODEL_A,PRESS_03,Delamination,1,94.06,1,True
LOT000410,MODEL_C,PRESS_01,Normal,0,98.69,0,False
LOT000411,MODEL_C,PRESS_01,Normal,0,98.59,0,False
LOT000412,MODEL_C,PRESS_01,Normal,0,97.78,0,False
LOT000413,MODEL_A,PRESS_01,Normal,0,99.28,0,False
LOT000414,MODEL_A,PRESS_01,Normal,0,98.14,0,False
LOT000415,MODEL_C,PRESS_01,Normal,0,98.53,0,False
LOT000416,MODEL_A,PRESS_03,Normal,0,98.7,0,False
LOT000417,MODEL_B,PRESS_03,Normal,0,98.02,0,False
LOT000418,MODEL_B,PRESS_01,Normal,0,98.46,0,False
LOT000419,MODEL_C,PRESS_01,Normal,0,98.71,0,False
LOT000420,MODEL_A,PRESS_02,Normal,0,99.41,0,False
LOT000421,MODEL_C,PRESS_03,Normal,0,97.97,0,False
LOT000422,MODEL_C,PRESS_03,Normal,0,98.92,0,False
LOT000423,MODEL_A,PRESS_03,Normal,0,99.06,0,False
LOT000424,MODEL_B,PRESS_02,Normal,0,98.11,0,False
LOT000425,MODEL_A,PRESS_02,Normal,0,98.72,0,False
LOT000426,MODEL_B,PRESS_01,Normal,0,99.09,0,False
LOT000427,MODEL_A,PRESS_03,Normal,0,99.18,0,False
LOT000428,MODEL_A,PRESS_03,Normal,0,98.11,0,False
LOT000429,MODEL_B,PRESS_01,Normal,0,98.66,0,False
LOT000430,MODEL_B,PRESS_03,Normal,0,99.46,0,False
LOT000431,MODEL_A,PRESS_01,Delamination,1,93.69,1,True
LOT000432,MODEL_A,PRESS_03,Normal,0,99.06,0,False
LOT000433,MODEL_A,PRESS_03,Normal,0,99.17,0,False
LOT000434,MODEL_C,PRESS_01,Normal,0,99.37,0,False
LOT000435,MODEL_B,PRESS_02,Normal,0,98.09,0,False
LOT000436,MODEL_A,PRESS_01,Normal,0,98.48,0,False
LOT000437,MODEL_A,PRESS_02,Normal,0,98.94,0,False
LOT000438,MODEL_C,PRESS_03,Normal,0,98.83,0,False
LOT000439,MODEL_A,PRESS_01,Normal,0,97.76,0,False
LOT000440,MODEL_C,PRESS_02,Delamination,1,94.83,1,True
LOT000441,MODEL_B,PRESS_03,Normal,0,98.29,0,False
LOT000442,MODEL_A,PRESS_01,Normal,0,98.15,0,False
LOT000443,MODEL_A,PRESS_01,Normal,0,99.15,0,False
LOT000444,MODEL_A,PRESS_02,Normal,0,98.44,0,False
LOT000445,MODEL_C,PRESS_02,Delamination,19,13.87,2,True
LOT000446,MODEL_B,PRESS_02,Normal,0,98.52,0,False
LOT000447,MODEL_B,PRESS_01,Normal,0,98.6,0,False
LOT000448,MODEL_A,PRESS_03,Normal,0,98.47,0,False
LOT000449,MODEL_C,PRESS_02,Normal,0,98.07,0,False
LOT000450,MODEL_A,PRESS_01,Normal,0,98.9,0,False
LOT000451,MODEL_B,PRESS_03,Normal,0,99.0,0,False
LOT000452,MODEL_C,PRESS_03,Normal,0,98.92,0,False
LOT000453,MODEL_C,PRESS_02,Normal,0,98.86,0,False
LOT000454,MODEL_B,PRESS_01,Normal,0,99.12,0,False
LOT000455,MODEL_C,PRESS_02,Normal,0,98.4,0,False
LOT000456,MODEL_A,PRESS_02,Normal,0,99.08,0,False
LOT000457,MODEL_C,PRESS_01,Normal,0,98.92,0,False
LOT000458,MODEL_B,PRESS_02,Normal,0,98.55,0,False
LOT000459,MODEL_B,PRESS_03,Normal,0,98.36,0,False
LOT000460,MODEL_A,PRESS_01,Normal,0,98.48,0,False
LOT000461,MODEL_C,PRESS_03,Normal,0,98.08,0,False
LOT000462,MODEL_C,PRESS_01,Normal,0,98.9,0,False
LOT000463,MODEL_C,PRESS_03,Normal,0,98.72,0,False
LOT000464,MODEL_A,PRESS_02,Normal,0,98.6,0,False
LOT000465,MODEL_B,PRESS_01,Normal,0,98.73,0,False
LOT000466,MODEL_C,PRESS_03,Normal,0,99.26,0,False
LOT000467,MODEL_B,PRESS_01,Normal,0,98.67,0,False
LOT000468,MODEL_C,PRESS_02,Normal,0,99.05,0,False
LOT000469,MODEL_C,PRESS_01,Normal,0,99.0,0,False
LOT000470,MODEL_A,PRESS_03,Normal,0,98.35,0,False
LOT000471,MODEL_B,PRESS_03,Normal,0,99.07,0,False
LOT000472,MODEL_A,PRESS_03,Normal,0,98.76,0,False
LOT000473,MODEL_B,PRESS_02,Normal,0,98.79,0,False
LOT000474,MODEL_B,PRESS_02,Normal,0,98.51,0,False
LOT000475,MODEL_C,PRESS_02,Normal,0,97.94,0,False
LOT000476,MODEL_C,PRESS_03,Normal,0,97.69,0,False
LOT000477,MODEL_B,PRESS_03,Normal,0,98.04,0,False
LOT000478,MODEL_B,PRESS_01,Normal,0,98.76,0,False
LOT000479,MODEL_B,PRESS_02,Normal,0,98.33,0,False
LOT000480,MODEL_B,PRESS_01,Normal,0,98.18,0,False
LOT000481,MODEL_B,PRESS_01,Normal,0,98.62,0,False
LOT000482,MODEL_C,PRESS_03,Normal,0,98.32,0,False
LOT000483,MODEL_C,PRESS_01,Normal,0,99.04,0,False
LOT000484,MODEL_C,PRESS_03,Normal,0,99.1,0,False
LOT000485,MODEL_A,PRESS_02,Normal,0,99.06,0,False
LOT000486,MODEL_B,PRESS_01,Normal,0,98.84,0,False
LOT000487,MODEL_B,PRESS_02,Delamination,1,93.69,1,True
LOT000488,MODEL_B,PRESS_02,Normal,0,98.67,0,False
LOT000489,MODEL_B,PRESS_03,Normal,0,98.65,0,False
LOT000490,MODEL_C,PRESS_02,Normal,0,98.79,0,False
LOT000491,MODEL_B,PRESS_03,Normal,0,98.56,0,False
LOT000492,MODEL_A,PRESS_03,Normal,0,98.77,0,False
LOT000493,MODEL_B,PRESS_03,Normal,0,98.57,0,False
LOT000494,MODEL_C,PRESS_02,Normal,0,99.09,0,False
LOT000495,MODEL_A,PRESS_01,Normal,0,98.14,0,False
LOT000496,MODEL_A,PRESS_02,Normal,0,98.65,0,False
LOT000497,MODEL_C,PRESS_01,Normal,0,98.66,0,False
LOT000498,MODEL_A,PRESS_02,Normal,0,98.27,0,False
LOT000499,MODEL_B,PRESS_03,Delamination,1,93.81,1,True
LOT000500,MODEL_C,PRESS_02,Normal,0,98.29,0,False
LOT000501,MODEL_A,PRESS_01,Normal,0,98.88,0,False
LOT000502,MODEL_B,PRESS_02,Normal,0,98.19,0,False
LOT000503,MODEL_A,PRESS_03,Delamination,1,93.64,1,True
LOT000504,MODEL_A,PRESS_03,Normal,0,98.1,0,False
LOT000505,MODEL_A,PRESS_01,Normal,0,98.6,0,False
LOT000506,MODEL_A,PRESS_02,Normal,0,98.06,0,False
LOT000507,MODEL_B,PRESS_02,Normal,0,98.41,0,False
LOT000508,MODEL_B,PRESS_01,Normal,0,98.76,0,False
LOT000509,MODEL_A,PRESS_01,Normal,0,98.93,0,False
LOT000510,MODEL_C,PRESS_01,Normal,0,99.41,0,False
LOT000511,MODEL_C,PRESS_03,Normal,0,98.48,0,False
LOT000512,MODEL_A,PRESS_03,Normal,0,98.89,0,False
LOT000513,MODEL_C,PRESS_03,Normal,0,98.73,0,False
LOT000514,MODEL_A,PRESS_03,Normal,0,98.43,0,False
LOT000515,MODEL_B,PRESS_03,Normal,0,98.3,0,False
LOT000516,MODEL_B,PRESS_01,Normal,0,98.72,0,False
LOT000517,MODEL_B,PRESS_03,Normal,0,98.85,0,False
LOT000518,MODEL_C,PRESS_01,Normal,0,98.48,0,False
LOT000519,MODEL_C,PRESS_02,Delamination,1,94.04,1,True
LOT000520,MODEL_A,PRESS_02,Normal,0,99.2,0,False
LOT000521,MODEL_B,PRESS_02,Normal,0,99.31,0,False
LOT000522,MODEL_C,PRESS_01,Normal,0,98.44,0,False
LOT000523,MODEL_C,PRESS_01,Normal,0,98.73,0,False
LOT000524,MODEL_C,PRESS_03,Normal,0,98.96,0,False
LOT000525,MODEL_B,PRESS_01,Normal,0,98.58,0,False
LOT000526,MODEL_A,PRESS_01,Normal,0,98.37,0,False
LOT000527,MODEL_B,PRESS_03,Delamination,1,94.2,1,True
LOT000528,MODEL_C,PRESS_01,Normal,0,98.93,0,False
LOT000529,MODEL_C,PRESS_03,Normal,0,98.74,0,False
LOT000530,MODEL_C,PRESS_03,Normal,0,98.62,0,False
LOT000531,MODEL_C,PRESS_02,Delamination,2,89.07,1,True
LOT000532,MODEL_B,PRESS_01,Normal,0,98.72,0,False
LOT000533,MODEL_A,PRESS_01,Normal,0,98.41,0,False
LOT000534,MODEL_B,PRESS_01,Normal,0,98.76,0,False
LOT000535,MODEL_B,PRESS_02,Normal,0,98.33,0,False
LOT000536,MODEL_C,PRESS_01,Normal,0,98.42,0,False
LOT000537,MODEL_B,PRESS_02,Delamination,1,94.87,2,True
LOT000538,MODEL_C,PRESS_01,Normal,0,98.71,0,False
LOT000539,MODEL_A,PRESS_02,Normal,0,97.54,0,False
LOT000540,MODEL_C,PRESS_01,Normal,0,99.15,0,False
LOT000541,MODEL_B,PRESS_03,Normal,0,98.03,0,False
LOT000542,MODEL_C,PRESS_01,Normal,0,98.25,0,False
LOT000543,MODEL_B,PRESS_01,Normal,0,98.57,0,False
LOT000544,MODEL_B,PRESS_01,Normal,0,99.05,0,False
LOT000545,MODEL_A,PRESS_03,Normal,0,98.72,0,False
LOT000546,MODEL_C,PRESS_01,Normal,0,97.9,0,False
LOT000547,MODEL_C,PRESS_02,Delamination,1,94.3,1,True
LOT000548,MODEL_C,PRESS_02,Delamination,1,93.91,1,True
LOT000549,MODEL_A,PRESS_02,Normal,0,98.49,0,False
LOT000550,MODEL_A,PRESS_03,Normal,0,98.37,0,False
LOT000551,MODEL_C,PRESS_03,Normal,0,98.2,0,False
LOT000552,MODEL_A,PRESS_02,Normal,0,98.2,0,False
LOT000553,MODEL_B,PRESS_03,Normal,0,98.92,0,False
LOT000554,MODEL_B,PRESS_01,Normal,0,98.26,0,False
LOT000555,MODEL_C,PRESS_03,Normal,0,98.07,0,False
LOT000556,MODEL_C,PRESS_02,Delamination,1,93.8,1,True
LOT000557,MODEL_C,PRESS_03,Normal,0,98.55,0,False
LOT000558,MODEL_A,PRESS_03,Normal,0,98.8,0,False
LOT000559,MODEL_B,PRESS_03,Normal,0,98.73,0,False
LOT000560,MODEL_C,PRESS_03,Normal,0,98.52,0,False
LOT000561,MODEL_C,PRESS_02,Delamination,1,93.74,1,True
LOT000562,MODEL_A,PRESS_01,Normal,0,98.16,0,False
LOT000563,MODEL_C,PRESS_02,Normal,0,98.99,0,False
LOT000564,MODEL_B,PRESS_01,Normal,0,98.83,0,False
LOT000565,MODEL_A,PRESS_03,Normal,0,98.82,0,False
LOT000566,MODEL_B,PRESS_01,Normal,0,98.71,0,False
LOT000567,MODEL_C,PRESS_01,Normal,0,98.75,0,False
LOT000568,MODEL_A,PRESS_01,Normal,0,98.63,0,False
LOT000569,MODEL_A,PRESS_02,Normal,0,98.28,0,False
LOT000570,MODEL_C,PRESS_02,Normal,0,99.35,0,False
LOT000571,MODEL_C,PRESS_03,Normal,0,97.99,0,False
LOT000572,MODEL_A,PRESS_02,Normal,0,98.04,0,False
LOT000573,MODEL_C,PRESS_01,Normal,0,98.8,0,False
LOT000574,MODEL_C,PRESS_01,Normal,0,98.74,0,False
LOT000575,MODEL_C,PRESS_01,Normal,0,99.44,0,False
LOT000576,MODEL_A,PRESS_02,Normal,0,98.72,0,False
LOT000577,MODEL_B,PRESS_03,Normal,0,98.64,0,False
LOT000578,MODEL_C,PRESS_02,Normal,0,99.03,0,False
LOT000579,MODEL_C,PRESS_03,Normal,0,99.63,0,False
LOT000580,MODEL_B,PRESS_01,Normal,0,98.85,0,False
LOT000581,MODEL_A,PRESS_01,Normal,0,98.05,0,False
LOT000582,MODEL_A,PRESS_03,Normal,0,99.49,0,False
LOT000583,MODEL_A,PRESS_01,Normal,0,98.65,0,False
LOT000584,MODEL_A,PRESS_01,Normal,0,98.68,0,False
LOT000585,MODEL_A,PRESS_02,Normal,0,97.68,0,False
LOT000586,MODEL_A,PRESS_03,Normal,0,98.29,0,False
LOT000587,MODEL_C,PRESS_03,Delamination,1,93.7,1,True
LOT000588,MODEL_B,PRESS_01,Normal,0,98.4,0,False
LOT000589,MODEL_B,PRESS_03,Normal,0,98.95,0,False
LOT000590,MODEL_C,PRESS_03,Normal,0,97.83,0,False
LOT000591,MODEL_B,PRESS_03,Normal,0,97.7,0,False
LOT000592,MODEL_B,PRESS_03,Normal,0,99.24,0,False
LOT000593,MODEL_A,PRESS_01,Normal,0,98.8,0,False
LOT000594,MODEL_B,PRESS_03,Delamination,1,94.04,1,True
LOT000595,MODEL_A,PRESS_01,Normal,0,98.86,0,False
LOT000596,MODEL_B,PRESS_03,Normal,0,98.48,0,False
LOT000597,MODEL_C,PRESS_02,Delamination,1,93.65,1,True
LOT000598,MODEL_B,PRESS_03,Normal,0,98.05,0,False
LOT000599,MODEL_A,PRESS_02,Delamination,1,94.12,1,True
LOT000600,MODEL_C,PRESS_02,Normal,0,98.62,0,False
LOT000601,MODEL_C,PRESS_02,Delamination,1,93.74,1,True
LOT000602,MODEL_B,PRESS_03,Delamination,1,94.43,1,True
LOT000603,MODEL_A,PRESS_03,Normal,0,98.92,0,False
LOT000604,MODEL_C,PRESS_01,Normal,0,97.93,0,False
LOT000605,MODEL_A,PRESS_03,Delamination,1,94.57,1,True
LOT000606,MODEL_C,PRESS_02,Normal,0,98.52,0,False
LOT000607,MODEL_A,PRESS_01,Normal,0,98.36,0,False
LOT000608,MODEL_B,PRESS_02,Normal,0,98.84,0,False
LOT000609,MODEL_C,PRESS_03,Normal,0,98.42,0,False
LOT000610,MODEL_A,PRESS_03,Normal,0,97.78,0,False
LOT000611,MODEL_A,PRESS_03,Normal,0,98.36,0,False
LOT000612,MODEL_A,PRESS_02,Normal,0,98.25,0,False
LOT000613,MODEL_B,PRESS_03,Normal,0,98.46,0,False
LOT000614,MODEL_B,PRESS_02,Normal,0,98.77,0,False
LOT000615,MODEL_A,PRESS_03,Normal,0,98.22,0,False
LOT000616,MODEL_B,PRESS_02,Normal,0,99.13,0,False
LOT000617,MODEL_C,PRESS_01,Normal,0,98.63,0,False
LOT000618,MODEL_C,PRESS_01,Normal,0,98.81,0,False
LOT000619,MODEL_A,PRESS_01,Normal,0,98.36,0,False
LOT000620,MODEL_B,PRESS_01,Normal,0,99.16,0,False
LOT000621,MODEL_A,PRESS_02,Normal,0,98.95,0,False
LOT000622,MODEL_B,PRESS_02,Normal,0,98.04,0,False
LOT000623,MODEL_C,PRESS_01,Normal,0,98.48,0,False
LOT000624,MODEL_C,PRESS_02,Normal,0,99.59,0,False
LOT000625,MODEL_A,PRESS_02,Normal,0,99.31,0,False
LOT000626,MODEL_A,PRESS_01,Normal,0,98.67,0,False
LOT000627,MODEL_C,PRESS_02,Normal,0,99.09,0,False
LOT000628,MODEL_C,PRESS_02,Normal,0,98.43,0,False
LOT000629,MODEL_A,PRESS_02,Normal,0,99.03,0,False
LOT000630,MODEL_A,PRESS_02,Normal,0,98.09,0,False
LOT000631,MODEL_B,PRESS_03,Normal,0,97.96,0,False
LOT000632,MODEL_B,PRESS_01,Normal,0,99.51,0,False
LOT000633,MODEL_B,PRESS_02,Normal,0,98.84,0,False
LOT000634,MODEL_C,PRESS_02,Delamination,1,93.8,1,True
LOT000635,MODEL_C,PRESS_01,Normal,0,98.9,0,False
LOT000636,MODEL_C,PRESS_03,Normal,0,98.79,0,False
LOT000637,MODEL_A,PRESS_01,Normal,0,97.89,0,False
LOT000638,MODEL_C,PRESS_01,Normal,0,98.73,0,False
LOT000639,MODEL_C,PRESS_03,Normal,0,98.92,0,False
LOT000640,MODEL_B,PRESS_03,Normal,0,99.34,0,False
LOT000641,MODEL_B,PRESS_03,Normal,0,98.42,0,False
LOT000642,MODEL_C,PRESS_03,Normal,0,97.79,0,False
LOT000643,MODEL_C,PRESS_03,Normal,0,98.23,0,False
LOT000644,MODEL_B,PRESS_02,Normal,0,98.26,0,False
LOT000645,MODEL_A,PRESS_03,Normal,0,98.39,0,False
LOT000646,MODEL_B,PRESS_01,Normal,0,98.62,0,False
LOT000647,MODEL_C,PRESS_02,Normal,0,98.7,0,False
LOT000648,MODEL_A,PRESS_02,Normal,0,99.42,0,False
LOT000649,MODEL_C,PRESS_03,Normal,0,97.75,0,False
LOT000650,MODEL_A,PRESS_03,Normal,0,97.65,0,False
LOT000651,MODEL_C,PRESS_02,Normal,0,98.41,0,False
LOT000652,MODEL_B,PRESS_02,Normal,0,98.04,0,False
LOT000653,MODEL_A,PRESS_01,Normal,0,98.39,0,False
LOT000654,MODEL_A,PRESS_03,Normal,0,97.81,0,False
LOT000655,MODEL_A,PRESS_02,Normal,0,99.25,0,False
LOT000656,MODEL_C,PRESS_02,Delamination,1,94.83,1,True
LOT000657,MODEL_B,PRESS_03,Normal,0,98.58,0,False
LOT000658,MODEL_C,PRESS_02,Normal,0,99.38,0,False
LOT000659,MODEL_A,PRESS_01,Normal,0,99.67,0,False
LOT000660,MODEL_C,PRESS_01,Normal,0,98.54,0,False
LOT000661,MODEL_C,PRESS_01,Normal,0,98.82,0,False
LOT000662,MODEL_A,PRESS_03,Normal,0,98.0,0,False
LOT000663,MODEL_B,PRESS_01,Normal,0,98.33,0,False
LOT000664,MODEL_C,PRESS_01,Normal,0,99.18,0,False
LOT000665,MODEL_A,PRESS_02,Normal,0,98.87,0,False
LOT000666,MODEL_A,PRESS_03,Normal,0,98.59,0,False
LOT000667,MODEL_C,PRESS_02,Normal,0,98.76,0,False
LOT000668,MODEL_B,PRESS_03,Normal,0,98.98,0,False
LOT000669,MODEL_A,PRESS_03,Normal,0,99.11,0,False
LOT000670,MODEL_C,PRESS_01,Delamination,2,89.5,1,True
LOT000671,MODEL_C,PRESS_03,Normal,0,98.44,0,False
LOT000672,MODEL_A,PRESS_02,Normal,0,98.67,0,False
LOT000673,MODEL_A,PRESS_02,Normal,0,98.19,0,False
LOT000674,MODEL_A,PRESS_01,Normal,0,98.43,0,False
LOT000675,MODEL_C,PRESS_02,Normal,0,98.94,0,False
LOT000676,MODEL_A,PRESS_03,Normal,0,98.78,0,False
LOT000677,MODEL_C,PRESS_02,Delamination,3,85.66,1,True
LOT000678,MODEL_B,PRESS_01,Normal,0,98.42,0,False
LOT000679,MODEL_B,PRESS_02,Normal,0,99.28,0,False
LOT000680,MODEL_C,PRESS_03,Normal,0,98.37,0,False
LOT000681,MODEL_C,PRESS_03,Normal,0,98.33,0,False
LOT000682,MODEL_A,PRESS_01,Normal,0,97.98,0,False
LOT000683,MODEL_A,PRESS_03,Normal,0,97.57,0,False
LOT000684,MODEL_A,PRESS_03,Normal,0,98.86,0,False
LOT000685,MODEL_C,PRESS_01,Normal,0,98.62,0,False
LOT000686,MODEL_B,PRESS_03,Normal,0,98.82,0,False
LOT000687,MODEL_A,PRESS_02,Normal,0,98.56,0,False
LOT000688,MODEL_A,PRESS_02,Normal,0,98.5,0,False
LOT000689,MODEL_B,PRESS_02,Normal,0,98.73,0,False
LOT000690,MODEL_C,PRESS_03,Normal,0,99.12,0,False
LOT000691,MODEL_B,PRESS_03,Normal,0,98.91,0,False
LOT000692,MODEL_C,PRESS_03,Normal,0,99.31,0,False
LOT000693,MODEL_C,PRESS_03,Normal,0,98.84,0,False
LOT000694,MODEL_C,PRESS_03,Normal,0,98.34,0,False
LOT000695,MODEL_B,PRESS_01,Normal,0,99.61,0,False
LOT000696,MODEL_C,PRESS_01,Normal,0,99.19,0,False
LOT000697,MODEL_C,PRESS_03,Normal,0,98.69,0,False
LOT000698,MODEL_B,PRESS_02,Delamination,18,17.87,1,True
LOT000699,MODEL_B,PRESS_01,Normal,0,98.84,0,False
LOT000700,MODEL_C,PRESS_01,Delamination,1,93.64,1,True
LOT000701,MODEL_B,PRESS_02,Normal,0,98.63,0,False
LOT000702,MODEL_A,PRESS_02,Normal,0,98.65,0,False
LOT000703,MODEL_C,PRESS_01,Normal,0,99.08,0,False
LOT000704,MODEL_A,PRESS_01,Normal,0,98.51,0,False
LOT000705,MODEL_C,PRESS_01,Normal,0,98.78,0,False
LOT000706,MODEL_B,PRESS_02,Delamination,1,94.85,1,True
LOT000707,MODEL_B,PRESS_01,Normal,0,98.7,0,False
LOT000708,MODEL_A,PRESS_02,Normal,0,98.92,0,False
LOT000709,MODEL_B,PRESS_02,Normal,0,98.92,0,False
LOT000710,MODEL_C,PRESS_02,Delamination,4,80.56,1,True
LOT000711,MODEL_A,PRESS_03,Normal,0,98.65,0,False
LOT000712,MODEL_C,PRESS_02,Normal,0,98.54,0,False
LOT000713,MODEL_C,PRESS_03,Normal,0,98.08,0,False
LOT000714,MODEL_C,PRESS_03,Normal,0,98.53,0,False
LOT000715,MODEL_B,PRESS_03,Normal,0,98.23,0,False
LOT000716,MODEL_A,PRESS_03,Delamination,1,94.22,1,True
LOT000717,MODEL_C,PRESS_02,Normal,0,99.1,0,False
LOT000718,MODEL_B,PRESS_02,Normal,0,99.44,0,False
LOT000719,MODEL_B,PRESS_01,Normal,0,98.42,0,False
LOT000720,MODEL_C,PRESS_02,Delamination,1,94.19,1,True
LOT000721,MODEL_C,PRESS_01,Normal,0,98.39,0,False
LOT000722,MODEL_A,PRESS_03,Normal,0,98.13,0,False
LOT000723,MODEL_C,PRESS_03,Normal,0,98.65,0,False
LOT000724,MODEL_B,PRESS_01,Normal,0,97.73,0,False
LOT000725,MODEL_C,PRESS_03,Normal,0,98.92,0,False
LOT000726,MODEL_B,PRESS_01,Normal,0,98.39,0,False
LOT000727,MODEL_C,PRESS_03,Normal,0,98.4,0,False
LOT000728,MODEL_C,PRESS_01,Normal,0,97.88,0,False
LOT000729,MODEL_C,PRESS_02,Delamination,1,93.65,1,True
LOT000730,MODEL_C,PRESS_02,Delamination,1,94.39,1,True
LOT000731,MODEL_B,PRESS_03,Normal,0,98.73,0,False
LOT000732,MODEL_A,PRESS_02,Normal,0,98.48,0,False
LOT000733,MODEL_B,PRESS_03,Normal,0,98.66,0,False
LOT000734,MODEL_B,PRESS_03,Normal,0,98.23,0,False
LOT000735,MODEL_C,PRESS_01,Normal,0,97.76,0,False
LOT000736,MODEL_B,PRESS_03,Normal,0,98.96,0,False
LOT000737,MODEL_B,PRESS_03,Normal,0,98.97,0,False
LOT000738,MODEL_A,PRESS_02,Delamination,1,93.99,1,True
LOT000739,MODEL_C,PRESS_03,Normal,0,99.13,0,False
LOT000740,MODEL_B,PRESS_03,Normal,0,98.08,0,False
LOT000741,MODEL_A,PRESS_03,Normal,0,98.97,0,False
LOT000742,MODEL_A,PRESS_03,Normal,0,98.3,0,False
LOT000743,MODEL_C,PRESS_02,Normal,0,98.4,0,False
LOT000744,MODEL_A,PRESS_01,Normal,0,98.11,0,False
LOT000745,MODEL_B,PRESS_03,Normal,0,99.02,0,False
LOT000746,MODEL_B,PRESS_02,Delamination,1,94.51,1,True
LOT000747,MODEL_A,PRESS_02,Normal,0,98.49,0,False
LOT000748,MODEL_A,PRESS_01,Delamination,1,93.98,1,True
LOT000749,MODEL_C,PRESS_01,Normal,0,99.16,0,False
LOT000750,MODEL_B,PRESS_01,Normal,0,98.65,0,False
LOT000751,MODEL_A,PRESS_03,Normal,0,98.5,0,False
LOT000752,MODEL_A,PRESS_01,Normal,0,97.78,0,False
LOT000753,MODEL_B,PRESS_01,Normal,0,99.13,0,False
LOT000754,MODEL_C,PRESS_03,Normal,0,98.14,0,False
LOT000755,MODEL_C,PRESS_02,Normal,0,98.78,0,False
LOT000756,MODEL_A,PRESS_02,Normal,0,98.07,0,False
LOT000757,MODEL_C,PRESS_03,Normal,0,98.78,0,False
LOT000758,MODEL_C,PRESS_02,Normal,0,98.41,0,False
LOT000759,MODEL_A,PRESS_01,Normal,0,98.26,0,False
LOT000760,MODEL_A,PRESS_03,Normal,0,97.76,0,False
LOT000761,MODEL_C,PRESS_01,Normal,0,98.43,0,False
LOT000762,MODEL_B,PRESS_02,Normal,0,97.83,0,False
LOT000763,MODEL_C,PRESS_03,Normal,0,98.66,0,False
LOT000764,MODEL_A,PRESS_03,Normal,0,98.75,0,False
LOT000765,MODEL_A,PRESS_02,Normal,0,98.7,0,False
LOT000766,MODEL_A,PRESS_03,Normal,0,98.33,0,False
LOT000767,MODEL_A,PRESS_02,Delamination,3,84.7,1,True
LOT000768,MODEL_B,PRESS_02,Normal,0,98.89,1,True
LOT000769,MODEL_A,PRESS_01,Normal,0,99.56,0,False
LOT000770,MODEL_C,PRESS_02,Delamination,1,93.95,1,True
LOT000771,MODEL_B,PRESS_02,Normal,0,98.87,0,False
LOT000772,MODEL_C,PRESS_03,Normal,0,98.43,0,False
LOT000773,MODEL_B,PRESS_01,Normal,0,98.56,0,False
LOT000774,MODEL_A,PRESS_03,Normal,0,98.32,0,False
LOT000775,MODEL_B,PRESS_03,Normal,0,98.82,0,False
LOT000776,MODEL_A,PRESS_03,Normal,0,97.78,0,False
LOT000777,MODEL_C,PRESS_02,Normal,0,97.51,0,False
LOT000778,MODEL_C,PRESS_01,Normal,0,98.5,0,False
LOT000779,MODEL_A,PRESS_01,Normal,0,99.05,0,False
LOT000780,MODEL_B,PRESS_03,Normal,0,98.9,0,False
LOT000781,MODEL_B,PRESS_03,Normal,0,98.86,0,False
LOT000782,MODEL_A,PRESS_02,Normal,0,99.4,0,False
LOT000783,MODEL_A,PRESS_01,Normal,0,99.21,0,False
LOT000784,MODEL_C,PRESS_01,Delamination,2,89.5,1,True
LOT000785,MODEL_A,PRESS_02,Normal,0,98.41,0,False
LOT000786,MODEL_B,PRESS_02,Normal,0,97.86,0,False
LOT000787,MODEL_A,PRESS_01,Normal,0,98.61,0,False
LOT000788,MODEL_B,PRESS_03,Normal,0,99.31,0,False
LOT000789,MODEL_A,PRESS_02,Normal,0,99.08,0,False
LOT000790,MODEL_B,PRESS_01,Normal,0,99.14,0,False
LOT000791,MODEL_B,PRESS_01,Normal,0,98.62,0,False
LOT000792,MODEL_B,PRESS_02,Normal,0,98.42,0,False
LOT000793,MODEL_B,PRESS_03,Normal,0,98.77,0,False
LOT000794,MODEL_A,PRESS_03,Normal,0,98.94,0,False
LOT000795,MODEL_B,PRESS_02,Normal,0,98.54,0,False
LOT000796,MODEL_C,PRESS_01,Normal,0,98.9,0,False
LOT000797,MODEL_B,PRESS_03,Normal,0,98.37,0,False
LOT000798,MODEL_A,PRESS_02,Normal,0,98.64,0,False
LOT000799,MODEL_C,PRESS_01,Normal,0,98.36,0,False
LOT000800,MODEL_C,PRESS_02,Delamination,1,94.15,1,True
LOT000801,MODEL_C,PRESS_01,Normal,0,98.71,0,False
LOT000802,MODEL_C,PRESS_01,Normal,0,98.6,0,False
LOT000803,MODEL_C,PRESS_02,Normal,0,98.27,0,False
LOT000804,MODEL_C,PRESS_03,Normal,0,98.01,0,False
LOT000805,MODEL_B,PRESS_03,Normal,0,99.41,0,False
LOT000806,MODEL_A,PRESS_03,Normal,0,98.9,0,False
LOT000807,MODEL_B,PRESS_02,Normal,0,98.52,0,False
LOT000808,MODEL_A,PRESS_01,Normal,0,99.02,0,False
LOT000809,MODEL_C,PRESS_02,Normal,0,98.62,0,False
LOT000810,MODEL_B,PRESS_03,Normal,0,99.19,0,False
LOT000811,MODEL_C,PRESS_01,Normal,0,98.33,0,False
LOT000812,MODEL_B,PRESS_03,Normal,0,98.15,0,False
LOT000813,MODEL_B,PRESS_03,Normal,0,98.1,0,False
LOT000814,MODEL_C,PRESS_01,Normal,0,98.46,0,False
LOT000815,MODEL_B,PRESS_03,Normal,0,97.74,0,False
LOT000816,MODEL_B,PRESS_03,Normal,0,98.54,0,False
LOT000817,MODEL_B,PRESS_01,Normal,0,98.26,0,False
LOT000818,MODEL_C,PRESS_01,Normal,0,98.42,0,False
LOT000819,MODEL_C,PRESS_02,Delamination,1,94.32,1,True
LOT000820,MODEL_A,PRESS_03,Normal,0,98.83,0,False
LOT000821,MODEL_B,PRESS_01,Normal,0,97.9,0,False
LOT000822,MODEL_B,PRESS_02,Normal,0,99.02,0,False
LOT000823,MODEL_B,PRESS_01,Normal,0,98.3,0,False
LOT000824,MODEL_A,PRESS_02,Normal,0,97.7,0,False
LOT000825,MODEL_C,PRESS_02,Normal,0,97.68,0,False
LOT000826,MODEL_C,PRESS_01,Normal,0,99.02,0,False
LOT000827,MODEL_A,PRESS_03,Normal,0,98.75,0,False
LOT000828,MODEL_A,PRESS_03,Normal,0,99.04,0,False
LOT000829,MODEL_B,PRESS_03,Normal,0,99.51,0,False
LOT000830,MODEL_A,PRESS_01,Normal,0,98.44,0,False
LOT000831,MODEL_C,PRESS_01,Normal,0,99.15,0,False
LOT000832,MODEL_C,PRESS_01,Normal,0,98.29,0,False
LOT000833,MODEL_C,PRESS_02,Delamination,6,71.35,1,True
LOT000834,MODEL_B,PRESS_01,Normal,0,98.96,0,False
LOT000835,MODEL_C,PRESS_03,Normal,0,98.03,0,False
LOT000836,MODEL_A,PRESS_03,Delamination,1,93.37,1,True
LOT000837,MODEL_A,PRESS_03,Normal,0,98.05,0,False
LOT000838,MODEL_A,PRESS_01,Delamination,1,93.7,1,True
LOT000839,MODEL_C,PRESS_01,Normal,0,98.13,0,False
LOT000840,MODEL_B,PRESS_03,Delamination,1,93.8,1,True
LOT000841,MODEL_A,PRESS_01,Normal,0,99.0,0,False
LOT000842,MODEL_A,PRESS_02,Delamination,2,89.77,1,True
LOT000843,MODEL_B,PRESS_03,Normal,0,98.42,0,False
LOT000844,MODEL_A,PRESS_01,Normal,0,98.81,0,False
LOT000845,MODEL_B,PRESS_01,Normal,0,99.3,0,False
LOT000846,MODEL_B,PRESS_01,Normal,0,98.8,0,False
LOT000847,MODEL_A,PRESS_01,Normal,0,99.01,0,False
LOT000848,MODEL_A,PRESS_01,Normal,0,98.49,0,False
LOT000849,MODEL_B,PRESS_03,Normal,0,98.9,0,False
LOT000850,MODEL_B,PRESS_02,Delamination,1,94.48,1,True
LOT000851,MODEL_A,PRESS_03,Normal,0,97.68,0,False
LOT000852,MODEL_B,PRESS_03,Normal,0,99.62,0,False
LOT000853,MODEL_B,PRESS_03,Normal,0,98.4,0,False
LOT000854,MODEL_A,PRESS_01,Normal,0,98.36,0,False
LOT000855,MODEL_B,PRESS_01,Normal,0,98.56,0,False
LOT000856,MODEL_A,PRESS_03,Normal,0,99.38,0,False
LOT000857,MODEL_A,PRESS_01,Normal,0,97.85,0,False
LOT000858,MODEL_A,PRESS_01,Normal,0,98.9,0,False
LOT000859,MODEL_A,PRESS_03,Normal,0,98.47,0,False
LOT000860,MODEL_A,PRESS_03,Delamination,1,94.37,1,True
LOT000861,MODEL_C,PRESS_03,Delamination,1,93.83,1,True
LOT000862,MODEL_A,PRESS_03,Normal,0,98.54,0,False
LOT000863,MODEL_C,PRESS_01,Normal,0,98.31,0,False
LOT000864,MODEL_C,PRESS_03,Normal,0,98.66,0,False
LOT000865,MODEL_C,PRESS_03,Normal,0,98.29,0,False
LOT000866,MODEL_C,PRESS_03,Normal,0,98.64,0,False
LOT000867,MODEL_A,PRESS_03,Normal,0,98.78,0,False
LOT000868,MODEL_B,PRESS_03,Normal,0,99.5,0,False
LOT000869,MODEL_C,PRESS_02,Normal,0,98.68,0,False
LOT000870,MODEL_B,PRESS_01,Delamination,1,93.88,1,True
LOT000871,MODEL_A,PRESS_02,Normal,0,98.31,0,False
LOT000872,MODEL_B,PRESS_01,Normal,0,98.24,0,False
LOT000873,MODEL_C,PRESS_01,Normal,0,98.38,0,False
LOT000874,MODEL_C,PRESS_01,Normal,0,98.3,0,False
LOT000875,MODEL_B,PRESS_03,Normal,0,99.12,0,False
LOT000876,MODEL_A,PRESS_02,Normal,0,98.6,0,False
LOT000877,MODEL_A,PRESS_02,Normal,0,98.48,0,False
LOT000878,MODEL_A,PRESS_03,Normal,0,98.67,0,False
LOT000879,MODEL_B,PRESS_02,Normal,0,99.05,0,False
LOT000880,MODEL_A,PRESS_02,Normal,0,98.22,0,False
LOT000881,MODEL_B,PRESS_01,Normal,0,98.54,0,False
LOT000882,MODEL_A,PRESS_03,Normal,0,99.34,0,False
LOT000883,MODEL_A,PRESS_02,Normal,0,98.09,0,False
LOT000884,MODEL_A,PRESS_01,Normal,0,98.25,0,False
LOT000885,MODEL_A,PRESS_03,Normal,0,98.87,0,False
LOT000886,MODEL_C,PRESS_03,Normal,0,98.38,0,False
LOT000887,MODEL_C,PRESS_01,Normal,0,98.4,0,False
LOT000888,MODEL_C,PRESS_01,Normal,0,98.7,0,False
LOT000889,MODEL_B,PRESS_01,Normal,0,98.22,0,False
LOT000890,MODEL_A,PRESS_01,Normal,0,98.84,0,False
LOT000891,MODEL_C,PRESS_01,Normal,0,99.53,0,False
LOT000892,MODEL_B,PRESS_03,Normal,0,98.01,0,False
LOT000893,MODEL_C,PRESS_02,Normal,0,98.15,0,False
LOT000894,MODEL_B,PRESS_03,Normal,0,99.42,0,False
LOT000895,MODEL_B,PRESS_03,Normal,0,98.32,0,False
LOT000896,MODEL_B,PRESS_02,Normal,0,98.52,0,False
LOT000897,MODEL_A,PRESS_02,Normal,0,97.98,0,False
LOT000898,MODEL_B,PRESS_01,Normal,0,99.24,0,False
LOT000899,MODEL_C,PRESS_01,Normal,0,98.92,0,False
LOT000900,MODEL_A,PRESS_02,Normal,0,98.7,0,False
LOT000901,MODEL_A,PRESS_01,Normal,0,98.59,0,False
LOT000902,MODEL_C,PRESS_01,Normal,0,98.36,0,False
LOT000903,MODEL_B,PRESS_01,Delamination,1,94.01,1,True
LOT000904,MODEL_C,PRESS_03,Normal,0,98.84,0,False
LOT000905,MODEL_B,PRESS_02,Delamination,1,93.65,1,True
LOT000906,MODEL_B,PRESS_03,Normal,0,99.25,0,False
LOT000907,MODEL_C,PRESS_02,Normal,0,99.23,0,False
LOT000908,MODEL_B,PRESS_01,Normal,0,98.95,0,False
LOT000909,MODEL_A,PRESS_02,Normal,0,98.79,0,False
LOT000910,MODEL_B,PRESS_01,Normal,0,98.98,0,False
LOT000911,MODEL_A,PRESS_03,Normal,0,99.37,0,False
LOT000912,MODEL_B,PRESS_01,Normal,0,98.33,0,False
LOT000913,MODEL_C,PRESS_02,Delamination,1,94.51,1,True
LOT000914,MODEL_A,PRESS_03,Normal,0,98.0,0,False
LOT000915,MODEL_C,PRESS_02,Normal,0,98.71,0,False
LOT000916,MODEL_B,PRESS_02,Normal,0,98.72,0,False
LOT000917,MODEL_A,PRESS_02,Delamination,2,89.88,1,True
LOT000918,MODEL_A,PRESS_03,Normal,0,98.08,0,False
LOT000919,MODEL_C,PRESS_01,Normal,0,98.48,0,False
LOT000920,MODEL_C,PRESS_02,Normal,0,98.78,0,False
LOT000921,MODEL_C,PRESS_03,Normal,0,98.79,0,False
LOT000922,MODEL_B,PRESS_02,Normal,0,98.6,0,False
LOT000923,MODEL_B,PRESS_02,Normal,0,98.73,0,False
LOT000924,MODEL_B,PRESS_01,Normal,0,98.64,0,False
LOT000925,MODEL_B,PRESS_01,Normal,0,98.3,0,False
LOT000926,MODEL_A,PRESS_03,Normal,0,98.53,0,False
LOT000927,MODEL_A,PRESS_02,Normal,0,98.02,0,False
LOT000928,MODEL_C,PRESS_01,Normal,0,98.5,0,False
LOT000929,MODEL_B,PRESS_02,Normal,0,98.44,0,False
LOT000930,MODEL_A,PRESS_02,Normal,0,98.22,0,False
LOT000931,MODEL_C,PRESS_02,Normal,0,98.56,0,False
LOT000932,MODEL_A,PRESS_03,Normal,0,98.43,0,False
LOT000933,MODEL_B,PRESS_01,Normal,0,99.05,0,False
LOT000934,MODEL_A,PRESS_02,Delamination,4,81.1,2,True
LOT000935,MODEL_B,PRESS_02,Normal,0,97.62,0,False
LOT000936,MODEL_B,PRESS_03,Normal,0,98.47,0,False
LOT000937,MODEL_C,PRESS_01,Normal,0,98.55,0,False
LOT000938,MODEL_C,PRESS_01,Normal,0,98.63,0,False
LOT000939,MODEL_C,PRESS_02,Delamination,1,94.03,1,True
LOT000940,MODEL_A,PRESS_02,Normal,0,98.33,0,False
LOT000941,MODEL_A,PRESS_03,Normal,0,98.95,0,False
LOT000942,MODEL_C,PRESS_02,Normal,0,98.82,0,False
LOT000943,MODEL_C,PRESS_03,Normal,0,99.16,0,False
LOT000944,MODEL_A,PRESS_02,Delamination,1,93.86,1,True
LOT000945,MODEL_A,PRESS_01,Normal,0,98.04,0,False
LOT000946,MODEL_B,PRESS_01,Normal,0,99.05,0,False
LOT000947,MODEL_A,PRESS_03,Normal,0,98.7,0,False
LOT000948,MODEL_A,PRESS_01,Normal,0,98.33,0,False
LOT000949,MODEL_C,PRESS_03,Normal,0,98.34,0,False
LOT000950,MODEL_B,PRESS_01,Normal,0,98.0,0,False
LOT000951,MODEL_A,PRESS_01,Normal,0,98.51,0,False
LOT000952,MODEL_B,PRESS_01,Normal,0,98.46,0,False
LOT000953,MODEL_B,PRESS_02,Normal,0,97.83,0,False
LOT000954,MODEL_B,PRESS_02,Normal,0,97.99,0,False
LOT000955,MODEL_C,PRESS_03,Normal,0,98.5,0,False
LOT000956,MODEL_A,PRESS_02,Delamination,1,94.38,1,True
LOT000957,MODEL_B,PRESS_02,Normal,0,97.81,0,False
LOT000958,MODEL_C,PRESS_02,Normal,0,98.33,0,False
LOT000959,MODEL_B,PRESS_03,Normal,0,98.8,0,False
LOT000960,MODEL_C,PRESS_02,Normal,0,99.32,0,False
LOT000961,MODEL_B,PRESS_01,Normal,0,98.6,0,False
LOT000962,MODEL_B,PRESS_02,Normal,0,98.46,0,False
LOT000963,MODEL_C,PRESS_03,Normal,0,98.89,0,False
LOT000964,MODEL_B,PRESS_01,Normal,0,98.45,0,False
LOT000965,MODEL_C,PRESS_03,Normal,0,97.94,0,False
LOT000966,MODEL_C,PRESS_02,Normal,0,98.47,0,False
LOT000967,MODEL_C,PRESS_02,Normal,0,98.94,0,False
LOT000968,MODEL_A,PRESS_01,Normal,0,99.0,0,False
LOT000969,MODEL_B,PRESS_03,Normal,0,98.25,0,False
LOT000970,MODEL_C,PRESS_01,Normal,0,97.66,0,False
LOT000971,MODEL_B,PRESS_01,Normal,0,98.49,0,False
LOT000972,MODEL_A,PRESS_02,Normal,0,98.74,0,False
LOT000973,MODEL_A,PRESS_02,Normal,0,99.03,0,False
LOT000974,MODEL_C,PRESS_02,Delamination,1,94.83,1,True
LOT000975,MODEL_A,PRESS_01,Normal,0,99.31,0,False
LOT000976,MODEL_A,PRESS_01,Normal,0,98.62,0,False
LOT000977,MODEL_C,PRESS_01,Normal,0,98.74,0,False
LOT000978,MODEL_A,PRESS_02,Delamination,2,89.05,1,True
LOT000979,MODEL_C,PRESS_02,Normal,0,99.08,0,False
LOT000980,MODEL_B,PRESS_02,Normal,0,99.15,0,False
LOT000981,MODEL_C,PRESS_02,Normal,0,97.81,0,False
LOT000982,MODEL_B,PRESS_03,Normal,0,98.77,0,False
LOT000983,MODEL_C,PRESS_02,Delamination,1,94.23,1,True
LOT000984,MODEL_C,PRESS_02,Normal,0,99.19,0,False
LOT000985,MODEL_A,PRESS_02,Normal,0,98.7,0,False
LOT000986,MODEL_C,PRESS_02,Delamination,1,94.19,1,True
LOT000987,MODEL_C,PRESS_02,Normal,0,98.83,0,False
LOT000988,MODEL_A,PRESS_01,Normal,0,98.4,0,False
LOT000989,MODEL_A,PRESS_01,Normal,0,98.15,0,False
LOT000990,MODEL_A,PRESS_03,Normal,0,98.5,0,False
LOT000991,MODEL_A,PRESS_02,Normal,0,98.39,0,False
LOT000992,MODEL_B,PRESS_02,Normal,0,98.61,0,False
LOT000993,MODEL_C,PRESS_01,Normal,0,99.81,0,False
LOT000994,MODEL_B,PRESS_02,Normal,0,98.86,0,False
LOT000995,MODEL_A,PRESS_02,Normal,0,98.27,0,False
LOT000996,MODEL_B,PRESS_02,Normal,0,98.34,0,False
LOT000997,MODEL_A,PRESS_02,Normal,0,99.17,0,False
LOT000998,MODEL_C,PRESS_02,Normal,0,98.58,0,False
LOT000999,MODEL_A,PRESS_03,Normal,0,99.01,0,False
LOT001000,MODEL_C,PRESS_02,Normal,0,98.11,0,False
LOT001001,MODEL_B,PRESS_03,Normal,0,98.49,0,False
LOT001002,MODEL_A,PRESS_03,Delamination,1,93.97,1,True
LOT001003,MODEL_C,PRESS_02,Delamination,1,94.5,1,True
LOT001004,MODEL_B,PRESS_03,Normal,0,98.7,0,False
LOT001005,MODEL_C,PRESS_01,Normal,0,98.78,0,False
LOT001006,MODEL_B,PRESS_03,Delamination,1,94.39,1,True
LOT001007,MODEL_C,PRESS_03,Normal,0,98.57,0,False
LOT001008,MODEL_B,PRESS_02,Normal,0,98.86,0,False
LOT001009,MODEL_A,PRESS_03,Normal,0,98.57,0,False
LOT001010,MODEL_A,PRESS_02,Normal,0,99.22,0,False
LOT001011,MODEL_B,PRESS_01,Normal,0,98.32,0,False
LOT001012,MODEL_B,PRESS_03,Normal,0,98.32,0,False
LOT001013,MODEL_C,PRESS_01,Normal,0,98.47,0,False
LOT001014,MODEL_B,PRESS_01,Normal,0,98.18,0,False
LOT001015,MODEL_C,PRESS_02,Normal,0,98.06,0,False
LOT001016,MODEL_A,PRESS_03,Normal,0,98.53,0,False
LOT001017,MODEL_B,PRESS_02,Normal,0,99.3,0,False
LOT001018,MODEL_C,PRESS_02,Normal,0,98.74,0,False
LOT001019,MODEL_A,PRESS_01,Normal,0,98.69,0,False
LOT001020,MODEL_A,PRESS_01,Normal,0,98.47,0,False
LOT001021,MODEL_C,PRESS_01,Normal,0,99.17,0,False
LOT001022,MODEL_B,PRESS_01,Normal,0,98.07,0,False
LOT001023,MODEL_C,PRESS_03,Normal,0,98.11,0,False
LOT001024,MODEL_B,PRESS_03,Normal,0,98.58,0,False
LOT001025,MODEL_C,PRESS_03,Normal,0,98.78,0,False
LOT001026,MODEL_C,PRESS_01,Normal,0,98.19,0,False
LOT001027,MODEL_C,PRESS_01,Delamination,1,93.89,1,True
LOT001028,MODEL_A,PRESS_01,Normal,0,98.6,0,False
LOT001029,MODEL_B,PRESS_02,Normal,0,99.25,0,False
LOT001030,MODEL_A,PRESS_02,Normal,0,97.9,0,False
LOT001031,MODEL_A,PRESS_02,Normal,0,98.84,0,False
LOT001032,MODEL_A,PRESS_01,Normal,0,98.98,0,False
LOT001033,MODEL_B,PRESS_03,Normal,0,99.4,0,False
LOT001034,MODEL_B,PRESS_01,Normal,0,98.04,0,False
LOT001035,MODEL_C,PRESS_01,Normal,0,98.13,0,False
LOT001036,MODEL_A,PRESS_03,Normal,0,98.28,0,False
LOT001037,MODEL_B,PRESS_03,Normal,0,98.02,0,False
LOT001038,MODEL_C,PRESS_01,Normal,0,99.08,0,False
LOT001039,MODEL_C,PRESS_02,Normal,0,98.77,0,False
LOT001040,MODEL_A,PRESS_03,Normal,0,98.64,0,False
LOT001041,MODEL_C,PRESS_03,Normal,0,98.8,0,False
LOT001042,MODEL_A,PRESS_03,Normal,0,99.09,0,False
LOT001043,MODEL_B,PRESS_02,Normal,0,97.55,0,False
LOT001044,MODEL_B,PRESS_02,Normal,0,98.78,0,False
LOT001045,MODEL_C,PRESS_03,Normal,0,98.75,0,False
LOT001046,MODEL_C,PRESS_01,Normal,0,98.86,0,False
LOT001047,MODEL_C,PRESS_01,Normal,0,97.95,0,False
LOT001048,MODEL_C,PRESS_02,Delamination,1,94.05,1,True
LOT001049,MODEL_B,PRESS_03,Delamination,1,93.69,1,True
LOT001050,MODEL_C,PRESS_01,Normal,0,99.14,0,False
LOT001051,MODEL_A,PRESS_02,Normal,0,98.65,0,False
LOT001052,MODEL_B,PRESS_02,Normal,0,98.52,0,False
LOT001053,MODEL_A,PRESS_02,Delamination,1,94.24,1,True
LOT001054,MODEL_C,PRESS_03,Normal,0,98.09,0,False
LOT001055,MODEL_C,PRESS_01,Normal,0,99.16,0,False
LOT001056,MODEL_C,PRESS_03,Normal,0,99.16,0,False
LOT001057,MODEL_C,PRESS_02,Delamination,1,93.54,1,True
LOT001058,MODEL_A,PRESS_03,Normal,0,99.1,0,False
LOT001059,MODEL_C,PRESS_02,Normal,0,99.31,0,False
LOT001060,MODEL_B,PRESS_01,Normal,0,98.28,0,False
LOT001061,MODEL_C,PRESS_03,Normal,0,98.21,0,False
LOT001062,MODEL_C,PRESS_03,Normal,0,98.22,0,False
LOT001063,MODEL_B,PRESS_01,Normal,0,98.93,0,False
LOT001064,MODEL_A,PRESS_03,Normal,0,99.36,0,False
LOT001065,MODEL_B,PRESS_03,Normal,0,98.37,0,False
LOT001066,MODEL_B,PRESS_02,Normal,0,98.82,0,False
LOT001067,MODEL_C,PRESS_03,Normal,0,98.85,0,False
LOT001068,MODEL_B,PRESS_02,Normal,0,98.36,0,False
LOT001069,MODEL_B,PRESS_02,Normal,0,98.37,0,False
LOT001070,MODEL_B,PRESS_01,Normal,0,98.6,0,False
LOT001071,MODEL_A,PRESS_03,Normal,0,98.67,0,False
LOT001072,MODEL_A,PRESS_01,Normal,0,98.28,0,False
LOT001073,MODEL_A,PRESS_03,Normal,0,98.47,0,False
LOT001074,MODEL_B,PRESS_02,Normal,0,98.74,0,False
LOT001075,MODEL_B,PRESS_02,Normal,0,98.66,0,False
LOT001076,MODEL_C,PRESS_01,Normal,0,99.54,0,False
LOT001077,MODEL_C,PRESS_03,Normal,0,98.24,0,False
LOT001078,MODEL_A,PRESS_01,Normal,0,99.3,0,False
LOT001079,MODEL_A,PRESS_02,Normal,0,98.81,0,False
LOT001080,MODEL_B,PRESS_03,Normal,0,98.56,0,False
LOT001081,MODEL_C,PRESS_03,Normal,0,99.73,0,False
LOT001082,MODEL_A,PRESS_03,Normal,0,98.74,0,False
LOT001083,MODEL_A,PRESS_03,Normal,0,98.1,0,False
LOT001084,MODEL_A,PRESS_02,Normal,0,98.7,0,False
LOT001085,MODEL_B,PRESS_01,Normal,0,99.14,0,False
LOT001086,MODEL_C,PRESS_03,Normal,0,98.83,0,False
LOT001087,MODEL_C,PRESS_03,Normal,0,98.89,0,False
LOT001088,MODEL_B,PRESS_03,Normal,0,98.48,0,False
LOT001089,MODEL_A,PRESS_02,Normal,0,98.58,0,False
LOT001090,MODEL_B,PRESS_01,Normal,0,98.27,0,False
LOT001091,MODEL_B,PRESS_02,Normal,0,98.27,0,False
LOT001092,MODEL_A,PRESS_02,Normal,0,98.79,0,False
LOT001093,MODEL_C,PRESS_03,Normal,0,98.96,0,False
LOT001094,MODEL_C,PRESS_02,Normal,0,98.34,0,False
LOT001095,MODEL_A,PRESS_01,Normal,0,98.41,0,False
LOT001096,MODEL_A,PRESS_01,Normal,0,99.24,0,False
LOT001097,MODEL_A,PRESS_03,Normal,0,98.19,0,False
LOT001098,MODEL_C,PRESS_03,Delamination,1,93.8,1,True
LOT001099,MODEL_B,PRESS_01,Normal,0,97.9,0,False
LOT001100,MODEL_A,PRESS_02,Normal,0,98.37,0,False
LOT001101,MODEL_A,PRESS_02,Delamination,1,94.07,1,True
LOT001102,MODEL_A,PRESS_02,Delamination,8,62.97,2,True
LOT001103,MODEL_B,PRESS_03,Normal,0,98.53,0,False
LOT001104,MODEL_C,PRESS_01,Normal,0,98.9,0,False
LOT001105,MODEL_A,PRESS_01,Normal,0,98.14,0,False
LOT001106,MODEL_A,PRESS_01,Normal,0,98.16,0,False
LOT001107,MODEL_B,PRESS_01,Delamination,1,93.48,1,True
LOT001108,MODEL_C,PRESS_03,Delamination,2,89.88,1,True
LOT001109,MODEL_B,PRESS_03,Normal,0,98.37,0,False
LOT001110,MODEL_A,PRESS_01,Normal,0,99.52,0,False
LOT001111,MODEL_A,PRESS_02,Delamination,21,4.96,2,True
LOT001112,MODEL_C,PRESS_01,Normal,0,98.88,0,False
LOT001113,MODEL_C,PRESS_01,Normal,0,97.88,0,False
LOT001114,MODEL_C,PRESS_01,Normal,0,98.55,0,False
LOT001115,MODEL_B,PRESS_01,Normal,0,98.66,0,False
LOT001116,MODEL_C,PRESS_02,Normal,0,98.67,0,False
LOT001117,MODEL_B,PRESS_03,Normal,0,97.69,0,False
LOT001118,MODEL_A,PRESS_02,Normal,0,98.18,0,False
LOT001119,MODEL_B,PRESS_03,Normal,0,98.13,0,False
LOT001120,MODEL_C,PRESS_02,Normal,0,98.52,0,False
LOT001121,MODEL_B,PRESS_01,Normal,0,98.75,0,False
LOT001122,MODEL_C,PRESS_01,Delamination,1,94.28,1,True
LOT001123,MODEL_C,PRESS_01,Delamination,1,93.8,1,True
LOT001124,MODEL_A,PRESS_01,Normal,0,98.68,0,False
LOT001125,MODEL_A,PRESS_03,Normal,0,98.66,0,False
LOT001126,MODEL_A,PRESS_03,Normal,0,98.36,0,False
LOT001127,MODEL_C,PRESS_03,Delamination,1,94.34,1,True
LOT001128,MODEL_C,PRESS_02,Normal,0,99.09,0,False
LOT001129,MODEL_A,PRESS_02,Normal,0,98.21,0,False
LOT001130,MODEL_A,PRESS_02,Normal,0,98.29,0,False
LOT001131,MODEL_B,PRESS_02,Normal,0,98.57,0,False
LOT001132,MODEL_B,PRESS_03,Normal,0,99.03,0,False
LOT001133,MODEL_C,PRESS_03,Normal,0,98.41,0,False
LOT001134,MODEL_C,PRESS_03,Normal,0,99.27,0,False
LOT001135,MODEL_A,PRESS_02,Normal,0,99.17,0,False
LOT001136,MODEL_A,PRESS_01,Normal,0,97.91,0,False
LOT001137,MODEL_B,PRESS_03,Normal,0,98.73,0,False
LOT001138,MODEL_B,PRESS_02,Normal,0,98.61,0,False
LOT001139,MODEL_C,PRESS_03,Normal,0,98.26,0,False
LOT001140,MODEL_B,PRESS_02,Normal,0,98.55,0,False
LOT001141,MODEL_B,PRESS_03,Normal,0,98.84,0,False
LOT001142,MODEL_A,PRESS_02,Normal,0,98.48,0,False
LOT001143,MODEL_A,PRESS_03,Normal,0,99.09,0,False
LOT001144,MODEL_C,PRESS_03,Normal,0,98.19,0,False
LOT001145,MODEL_C,PRESS_01,Normal,0,98.62,0,False
LOT001146,MODEL_A,PRESS_02,Normal,0,98.6,0,False
LOT001147,MODEL_C,PRESS_02,Delamination,2,89.19,2,True
LOT001148,MODEL_B,PRESS_03,Normal,0,97.96,0,False
LOT001149,MODEL_B,PRESS_03,Normal,0,98.75,0,False
LOT001150,MODEL_C,PRESS_03,Normal,0,98.33,0,False
LOT001151,MODEL_C,PRESS_02,Normal,0,97.96,0,False
LOT001152,MODEL_A,PRESS_02,Normal,0,98.58,0,False
LOT001153,MODEL_A,PRESS_02,Normal,0,98.41,0,False
LOT001154,MODEL_C,PRESS_03,Normal,0,98.61,0,False
LOT001155,MODEL_C,PRESS_01,Normal,0,99.02,0,False
LOT001156,MODEL_A,PRESS_02,Normal,0,98.48,0,False
LOT001157,MODEL_C,PRESS_01,Normal,0,99.16,0,False
LOT001158,MODEL_B,PRESS_03,Normal,0,98.74,0,False
LOT001159,MODEL_B,PRESS_02,Normal,0,98.73,0,False
LOT001160,MODEL_A,PRESS_02,Normal,0,97.77,0,False
LOT001161,MODEL_C,PRESS_02,Delamination,1,93.89,1,True
LOT001162,MODEL_C,PRESS_02,Normal,0,98.82,0,False
LOT001163,MODEL_B,PRESS_03,Normal,0,98.6,0,False
LOT001164,MODEL_C,PRESS_02,Delamination,1,93.64,1,True
LOT001165,MODEL_C,PRESS_02,Normal,0,98.35,0,False
LOT001166,MODEL_C,PRESS_01,Normal,0,99.13,0,False
LOT001167,MODEL_C,PRESS_01,Normal,0,98.64,0,False
LOT001168,MODEL_C,PRESS_02,Normal,0,98.83,0,False
LOT001169,MODEL_C,PRESS_03,Normal,0,99.02,0,False
LOT001170,MODEL_C,PRESS_03,Normal,0,98.74,0,False
LOT001171,MODEL_B,PRESS_02,Normal,0,98.73,0,False
LOT001172,MODEL_C,PRESS_02,Normal,0,98.35,0,False
LOT001173,MODEL_A,PRESS_02,Normal,0,99.05,0,False
LOT001174,MODEL_B,PRESS_01,Normal,0,98.37,0,False
LOT001175,MODEL_B,PRESS_01,Normal,0,98.9,0,False
LOT001176,MODEL_C,PRESS_02,Normal,0,99.01,0,False
LOT001177,MODEL_A,PRESS_01,Delamination,1,94.39,1,True
LOT001178,MODEL_B,PRESS_01,Normal,0,98.73,0,False
LOT001179,MODEL_A,PRESS_01,Normal,0,98.11,0,False
LOT001180,MODEL_C,PRESS_01,Normal,0,99.22,0,False
LOT001181,MODEL_C,PRESS_02,Normal,0,98.87,0,False
LOT001182,MODEL_A,PRESS_03,Normal,0,98.11,0,False
LOT001183,MODEL_C,PRESS_03,Delamination,1,93.99,1,True
LOT001184,MODEL_B,PRESS_02,Delamination,2,89.6,1,True
LOT001185,MODEL_C,PRESS_02,Delamination,2,89.95,1,True
LOT001186,MODEL_C,PRESS_01,Delamination,1,93.35,1,True
LOT001187,MODEL_A,PRESS_01,Normal,0,98.66,0,False
LOT001188,MODEL_A,PRESS_02,Normal,0,98.66,0,False
LOT001189,MODEL_B,PRESS_02,Delamination,1,93.73,1,True
LOT001190,MODEL_A,PRESS_01,Normal,0,98.9,0,False
LOT001191,MODEL_A,PRESS_02,Normal,0,98.61,0,False
LOT001192,MODEL_C,PRESS_01,Normal,0,98.86,0,False
LOT001193,MODEL_C,PRESS_01,Normal,0,98.26,0,False
LOT001194,MODEL_B,PRESS_03,Normal,0,98.79,0,False
LOT001195,MODEL_A,PRESS_02,Normal,0,98.85,0,False
LOT001196,MODEL_A,PRESS_02,Normal,0,98.35,0,False
LOT001197,MODEL_C,PRESS_03,Normal,0,98.37,0,False
LOT001198,MODEL_A,PRESS_03,Normal,0,98.14,0,False
LOT001199,MODEL_A,PRESS_03,Normal,0,98.2,0,False
LOT001200,MODEL_B,PRESS_02,Normal,0,98.36,0,False
LOT001201,MODEL_B,PRESS_03,Normal,0,98.6,0,False
LOT001202,MODEL_B,PRESS_02,Normal,0,98.83,0,False
LOT001203,MODEL_B,PRESS_03,Delamination,1,94.25,1,True
LOT001204,MODEL_C,PRESS_03,Normal,0,98.97,0,False
LOT001205,MODEL_B,PRESS_02,Normal,0,98.38,0,False
LOT001206,MODEL_C,PRESS_03,Normal,0,98.06,0,False
LOT001207,MODEL_B,PRESS_02,Normal,0,98.14,0,False
LOT001208,MODEL_B,PRESS_03,Normal,0,99.06,1,True
LOT001209,MODEL_B,PRESS_01,Normal,0,97.75,0,False
LOT001210,MODEL_C,PRESS_03,Normal,0,99.03,0,False
LOT001211,MODEL_C,PRESS_02,Delamination,4,80.07,1,True
LOT001212,MODEL_A,PRESS_03,Normal,0,98.7,0,False
LOT001213,MODEL_C,PRESS_02,Normal,0,99.17,0,False
LOT001214,MODEL_C,PRESS_03,Normal,0,98.66,0,False
LOT001215,MODEL_C,PRESS_01,Normal,0,98.69,0,False
LOT001216,MODEL_A,PRESS_01,Normal,0,98.24,0,False
LOT001217,MODEL_C,PRESS_02,Delamination,5,76.23,1,True
LOT001218,MODEL_A,PRESS_03,Normal,0,98.86,0,False
LOT001219,MODEL_A,PRESS_03,Normal,0,99.46,0,False
LOT001220,MODEL_C,PRESS_02,Normal,0,98.55,0,False
LOT001221,MODEL_A,PRESS_02,Normal,0,99.75,0,False
LOT001222,MODEL_C,PRESS_02,Normal,0,98.13,0,False
LOT001223,MODEL_B,PRESS_03,Normal,0,98.77,0,False
LOT001224,MODEL_A,PRESS_02,Normal,0,98.46,0,False
LOT001225,MODEL_A,PRESS_02,Normal,0,98.52,0,False
LOT001226,MODEL_C,PRESS_03,Normal,0,98.08,0,False
LOT001227,MODEL_C,PRESS_01,Normal,0,98.97,0,False
LOT001228,MODEL_B,PRESS_03,Normal,0,99.14,0,False
LOT001229,MODEL_C,PRESS_01,Normal,0,98.75,0,False
LOT001230,MODEL_A,PRESS_01,Normal,0,98.91,0,False
LOT001231,MODEL_B,PRESS_03,Normal,0,98.23,0,False
LOT001232,MODEL_A,PRESS_03,Normal,0,98.14,0,False
LOT001233,MODEL_B,PRESS_03,Normal,0,98.94,0,False
LOT001234,MODEL_A,PRESS_03,Normal,0,98.73,0,False
LOT001235,MODEL_B,PRESS_02,Delamination,1,94.68,1,True
LOT001236,MODEL_B,PRESS_02,Normal,0,98.8,0,False
LOT001237,MODEL_B,PRESS_01,Normal,0,97.79,0,False
LOT001238,MODEL_B,PRESS_01,Normal,0,98.44,0,False
LOT001239,MODEL_B,PRESS_01,Normal,0,99.08,0,False
LOT001240,MODEL_B,PRESS_01,Normal,0,98.3,0,False
LOT001241,MODEL_A,PRESS_02,Normal,0,98.63,0,False
LOT001242,MODEL_A,PRESS_03,Normal,0,98.21,0,False
LOT001243,MODEL_B,PRESS_03,Normal,0,99.04,0,False
LOT001244,MODEL_C,PRESS_02,Normal,0,98.56,0,False
LOT001245,MODEL_C,PRESS_03,Normal,0,98.67,0,False
LOT001246,MODEL_B,PRESS_03,Normal,0,98.69,0,False
LOT001247,MODEL_C,PRESS_03,Delamination,1,94.26,1,True
LOT001248,MODEL_C,PRESS_02,Delamination,1,93.73,1,True
LOT001249,MODEL_B,PRESS_01,Normal,0,99.05,0,False
LOT001250,MODEL_A,PRESS_03,Normal,0,98.82,0,False
LOT001251,MODEL_B,PRESS_01,Normal,0,98.77,0,False
LOT001252,MODEL_B,PRESS_02,Normal,0,98.87,0,False
LOT001253,MODEL_A,PRESS_01,Normal,0,98.65,0,False
LOT001254,MODEL_C,PRESS_03,Normal,0,98.83,0,False
LOT001255,MODEL_C,PRESS_02,Normal,0,98.42,0,False
LOT001256,MODEL_A,PRESS_01,Normal,0,99.17,0,False
LOT001257,MODEL_B,PRESS_01,Normal,0,97.6,0,False
LOT001258,MODEL_A,PRESS_02,Normal,0,98.78,0,False
LOT001259,MODEL_A,PRESS_02,Normal,0,98.45,0,False
LOT001260,MODEL_A,PRESS_03,Normal,0,99.5,0,False
LOT001261,MODEL_B,PRESS_01,Normal,0,98.64,0,False
LOT001262,MODEL_A,PRESS_03,Normal,0,98.93,0,False
LOT001263,MODEL_A,PRESS_02,Normal,0,97.92,0,False
LOT001264,MODEL_B,PRESS_03,Delamination,1,93.72,1,True
LOT001265,MODEL_B,PRESS_01,Normal,0,98.62,0,False
LOT001266,MODEL_A,PRESS_01,Normal,0,98.97,0,False
LOT001267,MODEL_B,PRESS_01,Normal,0,98.51,0,False
LOT001268,MODEL_A,PRESS_02,Normal,0,99.15,0,False
LOT001269,MODEL_C,PRESS_03,Delamination,1,94.17,1,True
LOT001270,MODEL_B,PRESS_01,Normal,0,99.59,0,False
LOT001271,MODEL_C,PRESS_02,Delamination,1,93.93,1,True
LOT001272,MODEL_A,PRESS_01,Normal,0,99.16,0,False
LOT001273,MODEL_C,PRESS_03,Normal,0,98.82,0,False
LOT001274,MODEL_B,PRESS_03,Normal,0,98.7,0,False
LOT001275,MODEL_A,PRESS_03,Normal,0,98.4,0,False
LOT001276,MODEL_C,PRESS_03,Normal,0,98.77,0,False
LOT001277,MODEL_A,PRESS_02,Normal,0,98.25,0,False
LOT001278,MODEL_A,PRESS_03,Normal,0,98.6,0,False
LOT001279,MODEL_C,PRESS_01,Delamination,2,89.07,1,True
LOT001280,MODEL_A,PRESS_03,Normal,0,98.99,0,False
LOT001281,MODEL_B,PRESS_03,Normal,0,98.48,0,False
LOT001282,MODEL_A,PRESS_03,Normal,0,99.01,0,False
LOT001283,MODEL_A,PRESS_02,Normal,0,98.97,0,False
LOT001284,MODEL_A,PRESS_03,Normal,0,99.05,0,False
LOT001285,MODEL_A,PRESS_02,Normal,0,98.35,0,False
LOT001286,MODEL_B,PRESS_01,Normal,0,99.24,0,False
LOT001287,MODEL_B,PRESS_03,Normal,0,98.9,0,False
LOT001288,MODEL_A,PRESS_01,Normal,0,98.11,0,False
LOT001289,MODEL_B,PRESS_01,Normal,0,98.56,0,False
LOT001290,MODEL_A,PRESS_02,Delamination,1,94.2,1,True
LOT001291,MODEL_B,PRESS_01,Normal,0,98.71,0,False
LOT001292,MODEL_C,PRESS_03,Normal,0,99.51,0,False
LOT001293,MODEL_C,PRESS_02,Normal,0,98.27,0,False
LOT001294,MODEL_C,PRESS_01,Normal,0,98.58,0,False
LOT001295,MODEL_A,PRESS_03,Normal,0,98.48,0,False
LOT001296,MODEL_A,PRESS_02,Delamination,3,85.01,1,True
LOT001297,MODEL_C,PRESS_01,Normal,0,99.4,0,False
LOT001298,MODEL_A,PRESS_03,Normal,0,98.68,0,False
LOT001299,MODEL_C,PRESS_02,Delamination,1,94.46,1,True
LOT001300,MODEL_B,PRESS_01,Normal,0,98.91,0,False
LOT001301,MODEL_A,PRESS_03,Normal,0,98.77,0,False
LOT001302,MODEL_C,PRESS_02,Delamination,22,0.05,1,True
LOT001303,MODEL_B,PRESS_03,Normal,0,98.9,0,False
LOT001304,MODEL_C,PRESS_03,Normal,0,98.71,0,False
LOT001305,MODEL_B,PRESS_02,Normal,0,98.49,0,False
LOT001306,MODEL_A,PRESS_03,Normal,0,98.69,0,False
LOT001307,MODEL_C,PRESS_01,Normal,0,98.85,0,False
LOT001308,MODEL_A,PRESS_01,Delamination,1,93.88,1,True
LOT001309,MODEL_B,PRESS_02,Normal,0,98.67,0,False
LOT001310,MODEL_B,PRESS_03,Normal,0,98.46,0,False
LOT001311,MODEL_C,PRESS_02,Delamination,1,94.0,1,True
LOT001312,MODEL_C,PRESS_02,Delamination,1,94.18,1,True
LOT001313,MODEL_B,PRESS_03,Normal,0,99.17,0,False
LOT001314,MODEL_C,PRESS_03,Normal,0,98.73,0,False
LOT001315,MODEL_A,PRESS_03,Normal,0,99.0,0,False
LOT001316,MODEL_A,PRESS_01,Normal,0,98.98,0,False
LOT001317,MODEL_C,PRESS_03,Normal,0,99.22,0,False
LOT001318,MODEL_B,PRESS_02,Delamination,15,30.89,2,True
LOT001319,MODEL_B,PRESS_02,Normal,0,98.51,0,False
LOT001320,MODEL_A,PRESS_02,Normal,0,98.91,0,False
LOT001321,MODEL_A,PRESS_01,Normal,0,98.94,0,False
LOT001322,MODEL_C,PRESS_01,Normal,0,98.95,0,False
LOT001323,MODEL_C,PRESS_02,Normal,0,98.63,0,False
LOT001324,MODEL_C,PRESS_03,Normal,0,99.53,0,False
LOT001325,MODEL_B,PRESS_03,Normal,0,98.99,0,False
LOT001326,MODEL_B,PRESS_01,Normal,0,98.97,0,False
LOT001327,MODEL_A,PRESS_03,Normal,0,98.1,0,False
LOT001328,MODEL_A,PRESS_01,Normal,0,98.36,0,False
LOT001329,MODEL_B,PRESS_03,Normal,0,97.94,0,False
LOT001330,MODEL_B,PRESS_02,Normal,0,98.31,0,False
LOT001331,MODEL_A,PRESS_02,Normal,0,99.05,0,False
LOT001332,MODEL_B,PRESS_03,Normal,0,98.25,0,False
LOT001333,MODEL_B,PRESS_02,Delamination,2,89.75,2,True
LOT001334,MODEL_C,PRESS_03,Delamination,1,93.85,1,True
LOT001335,MODEL_C,PRESS_02,Normal,0,98.76,0,False
LOT001336,MODEL_B,PRESS_03,Normal,0,98.35,0,False
LOT001337,MODEL_B,PRESS_02,Delamination,1,94.28,1,True
LOT001338,MODEL_C,PRESS_01,Normal,0,98.22,0,False
LOT001339,MODEL_C,PRESS_03,Normal,0,98.41,0,False
LOT001340,MODEL_A,PRESS_02,Normal,0,98.06,0,False
LOT001341,MODEL_C,PRESS_02,Normal,0,98.12,0,False
LOT001342,MODEL_A,PRESS_01,Normal,0,98.58,0,False
LOT001343,MODEL_B,PRESS_01,Normal,0,98.41,0,False
LOT001344,MODEL_A,PRESS_02,Normal,0,98.15,0,False
LOT001345,MODEL_C,PRESS_01,Normal,0,98.4,0,False
LOT001346,MODEL_A,PRESS_03,Normal,0,97.81,0,False
LOT001347,MODEL_C,PRESS_03,Delamination,1,93.82,1,True
LOT001348,MODEL_A,PRESS_03,Normal,0,98.63,0,False
LOT001349,MODEL_A,PRESS_03,Normal,0,98.38,0,False
LOT001350,MODEL_B,PRESS_02,Delamination,3,84.79,1,True
LOT001351,MODEL_C,PRESS_01,Normal,0,98.29,0,False
LOT001352,MODEL_A,PRESS_02,Normal,0,98.93,0,False
LOT001353,MODEL_A,PRESS_02,Normal,0,98.03,0,False
LOT001354,MODEL_A,PRESS_03,Normal,0,98.22,0,False
LOT001355,MODEL_B,PRESS_01,Normal,0,98.26,0,False
LOT001356,MODEL_A,PRESS_02,Normal,0,99.05,0,False
LOT001357,MODEL_C,PRESS_02,Normal,0,99.29,0,False
LOT001358,MODEL_A,PRESS_01,Normal,0,99.01,0,False
LOT001359,MODEL_C,PRESS_01,Normal,0,98.42,0,False
LOT001360,MODEL_C,PRESS_02,Normal,0,98.85,0,False
LOT001361,MODEL_C,PRESS_01,Normal,0,98.65,0,False
LOT001362,MODEL_C,PRESS_01,Delamination,1,93.98,1,True
LOT001363,MODEL_C,PRESS_02,Normal,0,98.99,0,False
LOT001364,MODEL_A,PRESS_01,Normal,0,97.92,0,False
LOT001365,MODEL_B,PRESS_02,Normal,0,98.93,0,False
LOT001366,MODEL_C,PRESS_01,Normal,0,98.88,0,False
LOT001367,MODEL_B,PRESS_01,Normal,0,98.26,0,False
LOT001368,MODEL_C,PRESS_02,Normal,0,98.32,0,False
LOT001369,MODEL_C,PRESS_03,Normal,0,98.34,0,False
LOT001370,MODEL_C,PRESS_02,Delamination,1,94.51,1,True
LOT001371,MODEL_A,PRESS_03,Delamination,1,94.21,1,True
LOT001372,MODEL_B,PRESS_02,Normal,0,98.19,0,False
LOT001373,MODEL_A,PRESS_02,Normal,0,98.85,0,False
LOT001374,MODEL_A,PRESS_02,Normal,0,98.38,0,False
LOT001375,MODEL_A,PRESS_03,Normal,0,98.15,0,False
LOT001376,MODEL_B,PRESS_03,Delamination,3,85.46,1,True
LOT001377,MODEL_B,PRESS_03,Normal,0,98.76,0,False
LOT001378,MODEL_C,PRESS_03,Normal,0,98.59,0,False
LOT001379,MODEL_C,PRESS_02,Normal,0,99.33,0,False
LOT001380,MODEL_C,PRESS_02,Normal,0,98.5,0,False
LOT001381,MODEL_A,PRESS_03,Normal,0,98.13,0,False
LOT001382,MODEL_B,PRESS_01,Normal,0,98.81,0,False
LOT001383,MODEL_C,PRESS_02,Delamination,1,94.6,1,True
LOT001384,MODEL_A,PRESS_03,Normal,0,98.95,0,False
LOT001385,MODEL_B,PRESS_02,Normal,0,98.84,0,False
LOT001386,MODEL_C,PRESS_01,Normal,0,98.25,0,False
LOT001387,MODEL_C,PRESS_02,Normal,0,98.02,0,False
LOT001388,MODEL_C,PRESS_01,Delamination,2,89.6,1,True
LOT001389,MODEL_B,PRESS_03,Normal,0,98.18,0,False
LOT001390,MODEL_B,PRESS_03,Delamination,1,93.89,1,True
LOT001391,MODEL_B,PRESS_01,Normal,0,98.51,0,False
LOT001392,MODEL_C,PRESS_02,Normal,0,99.04,0,False
LOT001393,MODEL_B,PRESS_03,Normal,0,99.0,0,False
LOT001394,MODEL_B,PRESS_03,Normal,0,97.92,0,False
LOT001395,MODEL_A,PRESS_01,Normal,0,99.01,0,False
LOT001396,MODEL_B,PRESS_02,Normal,0,98.55,0,False
LOT001397,MODEL_A,PRESS_02,Normal,0,98.36,1,True
LOT001398,MODEL_B,PRESS_02,Normal,0,98.65,0,False
LOT001399,MODEL_C,PRESS_01,Normal,0,98.43,0,False
LOT001400,MODEL_C,PRESS_01,Normal,0,98.3,0,False
LOT001401,MODEL_B,PRESS_03,Normal,0,98.75,0,False
LOT001402,MODEL_C,PRESS_01,Normal,0,98.85,0,False
LOT001403,MODEL_C,PRESS_01,Normal,0,98.95,0,False
LOT001404,MODEL_B,PRESS_01,Normal,0,98.55,0,False
LOT001405,MODEL_C,PRESS_01,Normal,0,99.5,0,False
LOT001406,MODEL_B,PRESS_01,Normal,0,98.83,0,False
LOT001407,MODEL_C,PRESS_02,Normal,0,98.5,0,False
LOT001408,MODEL_B,PRESS_03,Normal,0,99.07,0,False
LOT001409,MODEL_A,PRESS_01,Delamination,1,93.67,1,True
LOT001410,MODEL_A,PRESS_01,Normal,0,98.14,0,False
LOT001411,MODEL_C,PRESS_01,Normal,0,98.69,0,False
LOT001412,MODEL_A,PRESS_02,Normal,0,97.73,0,False
LOT001413,MODEL_C,PRESS_01,Normal,0,98.44,0,False
LOT001414,MODEL_A,PRESS_03,Normal,0,98.78,0,False
LOT001415,MODEL_B,PRESS_02,Normal,0,99.13,1,True
LOT001416,MODEL_B,PRESS_03,Normal,0,98.56,0,False
LOT001417,MODEL_B,PRESS_02,Delamination,1,94.64,1,True
LOT001418,MODEL_A,PRESS_02,Normal,0,98.05,0,False
LOT001419,MODEL_A,PRESS_03,Normal,0,98.7,0,False
LOT001420,MODEL_B,PRESS_02,Normal,0,99.02,0,False
LOT001421,MODEL_B,PRESS_03,Normal,0,99.22,0,False
LOT001422,MODEL_C,PRESS_03,Normal,0,98.39,0,False
LOT001423,MODEL_B,PRESS_02,Normal,0,99.02,0,False
LOT001424,MODEL_A,PRESS_03,Normal,0,99.31,0,False
LOT001425,MODEL_A,PRESS_01,Normal,0,98.3,0,False
LOT001426,MODEL_B,PRESS_03,Normal,0,98.92,0,False
LOT001427,MODEL_B,PRESS_03,Normal,0,98.34,0,False
LOT001428,MODEL_C,PRESS_03,Normal,0,98.55,0,False
LOT001429,MODEL_B,PRESS_01,Normal,0,99.21,0,False
LOT001430,MODEL_B,PRESS_03,Normal,0,98.16,0,False
LOT001431,MODEL_A,PRESS_02,Delamination,1,94.24,1,True
LOT001432,MODEL_A,PRESS_01,Normal,0,98.24,0,False
LOT001433,MODEL_C,PRESS_01,Delamination,1,95.12,0,True
LOT001434,MODEL_B,PRESS_02,Normal,0,98.47,0,False
LOT001435,MODEL_B,PRESS_01,Delamination,1,94.15,1,True
LOT001436,MODEL_B,PRESS_01,Normal,0,98.97,0,False
LOT001437,MODEL_A,PRESS_02,Normal,0,98.42,0,False
LOT001438,MODEL_B,PRESS_02,Delamination,1,93.88,2,True
LOT001439,MODEL_B,PRESS_01,Normal,0,98.83,0,False
LOT001440,MODEL_A,PRESS_03,Normal,0,99.02,0,False
LOT001441,MODEL_B,PRESS_03,Normal,0,98.34,0,False
LOT001442,MODEL_B,PRESS_02,Normal,0,98.55,0,False
LOT001443,MODEL_A,PRESS_03,Normal,0,98.71,0,False
LOT001444,MODEL_B,PRESS_02,Normal,0,98.95,0,False
LOT001445,MODEL_C,PRESS_01,Normal,0,98.55,0,False
LOT001446,MODEL_A,PRESS_01,Delamination,1,93.74,1,True
LOT001447,MODEL_C,PRESS_03,Normal,0,98.04,0,False
LOT001448,MODEL_B,PRESS_03,Normal,0,98.29,0,False
LOT001449,MODEL_C,PRESS_03,Normal,0,98.84,0,False
LOT001450,MODEL_A,PRESS_01,Normal,0,98.63,0,False
LOT001451,MODEL_C,PRESS_01,Normal,0,98.57,0,False
LOT001452,MODEL_B,PRESS_01,Normal,0,98.57,0,False
LOT001453,MODEL_C,PRESS_01,Normal,0,98.72,0,False
LOT001454,MODEL_C,PRESS_01,Normal,0,98.87,0,False
LOT001455,MODEL_A,PRESS_02,Delamination,1,93.68,1,True
LOT001456,MODEL_A,PRESS_01,Normal,0,97.71,0,False
LOT001457,MODEL_A,PRESS_03,Normal,0,98.44,0,False
LOT001458,MODEL_B,PRESS_02,Normal,0,98.22,0,False
LOT001459,MODEL_C,PRESS_01,Normal,0,98.05,0,False
LOT001460,MODEL_B,PRESS_02,Normal,0,98.53,0,False
LOT001461,MODEL_A,PRESS_03,Normal,0,98.1,0,False
LOT001462,MODEL_A,PRESS_01,Normal,0,99.39,0,False
LOT001463,MODEL_B,PRESS_01,Normal,0,98.43,0,False
LOT001464,MODEL_C,PRESS_01,Normal,0,98.42,0,False
LOT001465,MODEL_A,PRESS_03,Normal,0,99.48,0,False
LOT001466,MODEL_B,PRESS_01,Normal,0,99.01,0,False
LOT001467,MODEL_B,PRESS_02,Normal,0,98.62,0,False
LOT001468,MODEL_A,PRESS_02,Normal,0,98.33,0,False
LOT001469,MODEL_C,PRESS_03,Normal,0,98.51,0,False
LOT001470,MODEL_C,PRESS_01,Normal,0,99.13,0,False
LOT001471,MODEL_B,PRESS_03,Normal,0,98.47,0,False
LOT001472,MODEL_C,PRESS_03,Normal,0,98.79,0,False
LOT001473,MODEL_C,PRESS_02,Delamination,2,89.78,1,True
LOT001474,MODEL_C,PRESS_01,Normal,0,98.98,0,False
LOT001475,MODEL_A,PRESS_03,Normal,0,98.43,0,False
LOT001476,MODEL_A,PRESS_01,Normal,0,99.26,0,False
LOT001477,MODEL_B,PRESS_02,Delamination,1,93.87,1,True
LOT001478,MODEL_A,PRESS_02,Normal,0,99.18,0,False
LOT001479,MODEL_A,PRESS_01,Normal,0,98.72,0,False
LOT001480,MODEL_B,PRESS_02,Normal,0,98.64,0,False
LOT001481,MODEL_B,PRESS_01,Normal,0,98.7,0,False
LOT001482,MODEL_A,PRESS_01,Normal,0,98.83,0,False
LOT001483,MODEL_A,PRESS_01,Normal,0,98.97,0,False
LOT001484,MODEL_A,PRESS_01,Normal,0,99.5,0,False
LOT001485,MODEL_B,PRESS_02,Normal,0,98.07,0,False
LOT001486,MODEL_C,PRESS_03,Normal,0,98.56,0,False
LOT001487,MODEL_B,PRESS_01,Normal,0,98.65,0,False
LOT001488,MODEL_A,PRESS_01,Normal,0,99.16,0,False
LOT001489,MODEL_B,PRESS_01,Delamination,1,93.87,1,True
LOT001490,MODEL_A,PRESS_02,Normal,0,98.58,0,False
LOT001491,MODEL_A,PRESS_01,Normal,0,99.33,0,False
LOT001492,MODEL_A,PRESS_02,Normal,0,98.49,0,False
LOT001493,MODEL_B,PRESS_01,Normal,0,98.17,0,False
LOT001494,MODEL_B,PRESS_01,Normal,0,99.46,0,False
LOT001495,MODEL_B,PRESS_02,Delamination,1,93.23,1,True
LOT001496,MODEL_B,PRESS_02,Delamination,1,93.89,1,True
LOT001497,MODEL_B,PRESS_02,Normal,0,98.95,0,False
LOT001498,MODEL_C,PRESS_03,Normal,0,98.76,0,False
LOT001499,MODEL_C,PRESS_02,Normal,0,98.52,0,False
LOT001500,MODEL_A,PRESS_03,Normal,0,98.02,0,False
LOT001501,MODEL_C,PRESS_02,Normal,0,98.66,0,False
LOT001502,MODEL_A,PRESS_01,Normal,0,98.2,0,False
LOT001503,MODEL_A,PRESS_01,Normal,0,98.55,0,False
LOT001504,MODEL_B,PRESS_01,Normal,0,98.34,0,False
LOT001505,MODEL_A,PRESS_02,Delamination,1,93.96,1,True
LOT001506,MODEL_B,PRESS_01,Normal,0,98.42,0,False
LOT001507,MODEL_A,PRESS_03,Normal,0,99.2,0,False
LOT001508,MODEL_B,PRESS_02,Normal,0,99.64,0,False
LOT001509,MODEL_C,PRESS_03,Normal,0,98.41,0,False
LOT001510,MODEL_C,PRESS_03,Normal,0,99.22,0,False
LOT001511,MODEL_A,PRESS_02,Delamination,1,93.61,1,True
LOT001512,MODEL_B,PRESS_01,Normal,0,99.05,0,False
LOT001513,MODEL_B,PRESS_03,Normal,0,98.77,0,False
LOT001514,MODEL_B,PRESS_01,Normal,0,97.93,0,False
LOT001515,MODEL_B,PRESS_01,Normal,0,98.29,0,False
LOT001516,MODEL_C,PRESS_03,Normal,0,98.41,0,False
LOT001517,MODEL_B,PRESS_02,Normal,0,98.72,0,False
LOT001518,MODEL_A,PRESS_01,Delamination,1,94.2,1,True
LOT001519,MODEL_C,PRESS_02,Normal,0,98.4,0,False
LOT001520,MODEL_C,PRESS_02,Normal,0,98.12,0,False
LOT001521,MODEL_A,PRESS_03,Normal,0,97.78,0,False
LOT001522,MODEL_B,PRESS_03,Normal,0,98.39,0,False
LOT001523,MODEL_C,PRESS_01,Delamination,2,89.53,1,True
LOT001524,MODEL_B,PRESS_01,Normal,0,99.29,0,False
LOT001525,MODEL_B,PRESS_02,Normal,0,98.64,0,False
LOT001526,MODEL_C,PRESS_01,Delamination,1,93.83,1,True
LOT001527,MODEL_C,PRESS_01,Normal,0,99.2,0,False
LOT001528,MODEL_B,PRESS_01,Normal,0,98.81,0,False
LOT001529,MODEL_A,PRESS_01,Normal,0,98.54,0,False
LOT001530,MODEL_B,PRESS_03,Normal,0,97.85,0,False
LOT001531,MODEL_C,PRESS_01,Normal,0,98.26,0,False
LOT001532,MODEL_A,PRESS_01,Normal,0,98.61,0,False
LOT001533,MODEL_B,PRESS_03,Delamination,1,93.94,1,True
LOT001534,MODEL_B,PRESS_01,Normal,0,98.82,0,False
LOT001535,MODEL_A,PRESS_03,Normal,0,98.72,0,False
LOT001536,MODEL_B,PRESS_01,Normal,0,97.62,0,False
LOT001537,MODEL_C,PRESS_01,Normal,0,98.51,0,False
LOT001538,MODEL_A,PRESS_01,Normal,0,98.74,0,False
LOT001539,MODEL_B,PRESS_03,Normal,0,99.21,0,False
LOT001540,MODEL_C,PRESS_02,Normal,0,97.94,0,False
LOT001541,MODEL_A,PRESS_02,Normal,0,98.23,0,False
LOT001542,MODEL_B,PRESS_01,Normal,0,98.74,0,False
LOT001543,MODEL_A,PRESS_01,Normal,0,98.17,0,False
LOT001544,MODEL_B,PRESS_02,Normal,0,98.82,0,False
LOT001545,MODEL_B,PRESS_01,Normal,0,98.67,0,False
LOT001546,MODEL_A,PRESS_02,Normal,0,98.89,0,False
LOT001547,MODEL_A,PRESS_03,Normal,0,99.61,0,False
LOT001548,MODEL_B,PRESS_03,Normal,0,98.46,0,False
LOT001549,MODEL_C,PRESS_02,Normal,0,98.42,0,False
LOT001550,MODEL_A,PRESS_01,Normal,0,99.03,0,False
LOT001551,MODEL_C,PRESS_01,Normal,0,99.4,0,False
LOT001552,MODEL_A,PRESS_03,Normal,0,98.93,0,False
LOT001553,MODEL_B,PRESS_02,Normal,0,99.09,0,False
LOT001554,MODEL_B,PRESS_02,Delamination,1,94.04,1,True
LOT001555,MODEL_B,PRESS_02,Normal,0,98.8,0,False
LOT001556,MODEL_A,PRESS_01,Normal,0,98.48,0,False
LOT001557,MODEL_C,PRESS_03,Normal,0,98.01,0,False
LOT001558,MODEL_A,PRESS_03,Normal,0,98.58,0,False
LOT001559,MODEL_C,PRESS_03,Normal,0,98.67,0,False
LOT001560,MODEL_B,PRESS_03,Delamination,1,94.01,1,True
LOT001561,MODEL_B,PRESS_01,Normal,0,99.07,0,False
LOT001562,MODEL_A,PRESS_01,Normal,0,98.89,0,False
LOT001563,MODEL_B,PRESS_01,Normal,0,98.81,0,False
LOT001564,MODEL_C,PRESS_03,Normal,0,98.33,0,False
LOT001565,MODEL_C,PRESS_02,Normal,0,98.61,0,False
LOT001566,MODEL_C,PRESS_02,Normal,0,98.4,0,False
LOT001567,MODEL_A,PRESS_03,Normal,0,98.48,0,False
LOT001568,MODEL_B,PRESS_02,Normal,0,98.5,0,False
LOT001569,MODEL_B,PRESS_03,Normal,0,98.72,0,False
LOT001570,MODEL_C,PRESS_03,Normal,0,98.64,0,False
LOT001571,MODEL_C,PRESS_01,Delamination,1,93.72,1,True
LOT001572,MODEL_C,PRESS_02,Normal,0,98.62,0,False
LOT001573,MODEL_A,PRESS_03,Delamination,1,94.35,1,True
LOT001574,MODEL_A,PRESS_03,Normal,0,98.88,0,False
LOT001575,MODEL_C,PRESS_01,Normal,0,98.14,0,False
LOT001576,MODEL_C,PRESS_01,Normal,0,98.59,0,False
LOT001577,MODEL_B,PRESS_02,Delamination,2,88.95,1,True
LOT001578,MODEL_A,PRESS_03,Normal,0,98.35,0,False
LOT001579,MODEL_A,PRESS_01,Normal,0,98.59,0,False
LOT001580,MODEL_C,PRESS_02,Normal,0,98.88,0,False
LOT001581,MODEL_B,PRESS_01,Normal,0,98.97,0,False
LOT001582,MODEL_B,PRESS_01,Normal,0,98.27,0,False
LOT001583,MODEL_C,PRESS_02,Normal,0,98.76,0,False
LOT001584,MODEL_A,PRESS_02,Normal,0,98.44,0,False
LOT001585,MODEL_C,PRESS_02,Normal,0,98.7,0,False
LOT001586,MODEL_A,PRESS_01,Normal,0,98.41,0,False
LOT001587,MODEL_C,PRESS_03,Normal,0,98.23,0,False
LOT001588,MODEL_C,PRESS_01,Delamination,3,85.57,1,True
LOT001589,MODEL_B,PRESS_03,Normal,0,98.84,0,False
LOT001590,MODEL_A,PRESS_01,Normal,0,98.93,0,False
LOT001591,MODEL_A,PRESS_03,Normal,0,98.96,0,False
LOT001592,MODEL_A,PRESS_02,Normal,0,98.44,0,False
LOT001593,MODEL_C,PRESS_02,Delamination,1,94.13,1,True
LOT001594,MODEL_A,PRESS_01,Normal,0,98.34,0,False
LOT001595,MODEL_B,PRESS_03,Delamination,1,94.42,1,True
LOT001596,MODEL_B,PRESS_01,Normal,0,99.28,0,False
LOT001597,MODEL_C,PRESS_02,Normal,0,99.02,0,False
LOT001598,MODEL_C,PRESS_03,Normal,0,98.73,0,False
LOT001599,MODEL_B,PRESS_03,Normal,0,98.18,0,False
LOT001600,MODEL_C,PRESS_03,Normal,0,98.41,0,False
LOT001601,MODEL_B,PRESS_01,Normal,0,98.74,0,False
LOT001602,MODEL_B,PRESS_03,Normal,0,99.16,0,False
LOT001603,MODEL_A,PRESS_03,Normal,0,98.74,0,False
LOT001604,MODEL_A,PRESS_01,Normal,0,98.61,0,False
LOT001605,MODEL_B,PRESS_01,Normal,0,98.27,0,False
LOT001606,MODEL_A,PRESS_03,Normal,0,98.61,0,False
LOT001607,MODEL_A,PRESS_01,Normal,0,98.83,0,False
LOT001608,MODEL_B,PRESS_02,Normal,0,98.89,0,False
LOT001609,MODEL_B,PRESS_01,Normal,0,98.64,0,False
LOT001610,MODEL_C,PRESS_01,Normal,0,98.18,0,False
LOT001611,MODEL_C,PRESS_03,Normal,0,99.16,0,False
LOT001612,MODEL_C,PRESS_01,Normal,0,98.91,0,False
LOT001613,MODEL_A,PRESS_03,Normal,0,98.38,0,False
LOT001614,MODEL_B,PRESS_03,Normal,0,99.2,0,False
LOT001615,MODEL_C,PRESS_01,Normal,0,99.13,0,False
LOT001616,MODEL_B,PRESS_01,Normal,0,98.73,0,False
LOT001617,MODEL_B,PRESS_03,Normal,0,98.43,0,False
LOT001618,MODEL_B,PRESS_02,Normal,0,98.43,0,False
LOT001619,MODEL_B,PRESS_01,Normal,0,98.59,0,False
LOT001620,MODEL_B,PRESS_03,Normal,0,97.74,0,False
LOT001621,MODEL_A,PRESS_01,Normal,0,98.79,0,False
LOT001622,MODEL_B,PRESS_01,Normal,0,98.63,0,False
LOT001623,MODEL_A,PRESS_03,Normal,0,98.47,0,False
LOT001624,MODEL_C,PRESS_01,Normal,0,98.35,0,False
LOT001625,MODEL_C,PRESS_02,Delamination,2,89.94,1,True
LOT001626,MODEL_B,PRESS_03,Normal,0,98.19,0,False
LOT001627,MODEL_B,PRESS_02,Delamination,2,89.89,1,True
LOT001628,MODEL_C,PRESS_02,Normal,0,98.51,0,False
LOT001629,MODEL_B,PRESS_02,Normal,0,98.93,0,False
LOT001630,MODEL_B,PRESS_01,Normal,0,98.24,0,False
LOT001631,MODEL_A,PRESS_02,Normal,0,99.11,0,False
LOT001632,MODEL_A,PRESS_03,Normal,0,98.53,0,False
LOT001633,MODEL_A,PRESS_01,Normal,0,98.71,0,False
LOT001634,MODEL_A,PRESS_03,Normal,0,98.06,0,False
LOT001635,MODEL_C,PRESS_02,Normal,0,98.97,0,False
LOT001636,MODEL_B,PRESS_02,Normal,0,98.54,0,False
LOT001637,MODEL_C,PRESS_01,Normal,0,98.29,0,False
LOT001638,MODEL_B,PRESS_02,Normal,0,99.72,0,False
LOT001639,MODEL_C,PRESS_01,Normal,0,99.34,0,False
LOT001640,MODEL_B,PRESS_01,Normal,0,97.88,0,False
LOT001641,MODEL_B,PRESS_03,Normal,0,98.52,0,False
LOT001642,MODEL_C,PRESS_01,Normal,0,97.78,0,False
LOT001643,MODEL_B,PRESS_02,Normal,0,98.27,0,False
LOT001644,MODEL_A,PRESS_02,Normal,0,97.97,0,False
LOT001645,MODEL_B,PRESS_01,Normal,0,98.59,0,False
LOT001646,MODEL_B,PRESS_01,Normal,0,97.9,0,False
LOT001647,MODEL_B,PRESS_02,Normal,0,99.07,0,False
LOT001648,MODEL_C,PRESS_02,Normal,0,98.3,0,False
LOT001649,MODEL_C,PRESS_03,Normal,0,99.01,0,False
LOT001650,MODEL_B,PRESS_03,Normal,0,99.02,0,False
LOT001651,MODEL_A,PRESS_01,Normal,0,99.64,0,False
LOT001652,MODEL_B,PRESS_01,Normal,0,98.77,0,False
LOT001653,MODEL_C,PRESS_01,Delamination,1,94.17,1,True
LOT001654,MODEL_A,PRESS_02,Normal,0,98.1,0,False
LOT001655,MODEL_C,PRESS_01,Normal,0,98.64,0,False
LOT001656,MODEL_B,PRESS_01,Normal,0,98.35,0,False
LOT001657,MODEL_C,PRESS_03,Normal,0,98.71,0,False
LOT001658,MODEL_C,PRESS_03,Normal,0,98.6,0,False
LOT001659,MODEL_C,PRESS_03,Delamination,1,94.04,1,True
LOT001660,MODEL_C,PRESS_01,Normal,0,97.96,0,False
LOT001661,MODEL_A,PRESS_02,Normal,0,99.1,0,False
LOT001662,MODEL_B,PRESS_02,Normal,0,98.96,0,False
LOT001663,MODEL_A,PRESS_01,Normal,0,98.77,0,False
LOT001664,MODEL_A,PRESS_02,Delamination,1,94.11,1,True
LOT001665,MODEL_A,PRESS_02,Normal,0,98.94,0,False
LOT001666,MODEL_C,PRESS_02,Normal,0,98.59,0,False
LOT001667,MODEL_B,PRESS_03,Normal,0,99.32,0,False
LOT001668,MODEL_C,PRESS_03,Normal,0,98.65,0,False
LOT001669,MODEL_A,PRESS_02,Normal,0,98.96,0,False
LOT001670,MODEL_A,PRESS_03,Normal,0,98.59,0,False
LOT001671,MODEL_C,PRESS_03,Normal,0,98.51,0,False
LOT001672,MODEL_C,PRESS_02,Normal,0,98.63,0,False
LOT001673,MODEL_C,PRESS_01,Normal,0,98.66,0,False
LOT001674,MODEL_A,PRESS_03,Normal,0,97.96,0,False
LOT001675,MODEL_B,PRESS_03,Normal,0,99.07,0,False
LOT001676,MODEL_A,PRESS_03,Normal,0,98.26,0,False
LOT001677,MODEL_C,PRESS_01,Normal,0,98.25,0,False
LOT001678,MODEL_A,PRESS_02,Normal,0,98.41,0,False
LOT001679,MODEL_C,PRESS_03,Normal,0,98.67,0,False
LOT001680,MODEL_A,PRESS_02,Normal,0,98.55,0,False
LOT001681,MODEL_A,PRESS_03,Normal,0,98.75,0,False
LOT001682,MODEL_C,PRESS_01,Delamination,1,93.91,1,True
LOT001683,MODEL_B,PRESS_01,Normal,0,99.26,0,False
LOT001684,MODEL_B,PRESS_03,Normal,0,98.48,0,False
LOT001685,MODEL_B,PRESS_02,Normal,0,98.8,0,False
LOT001686,MODEL_A,PRESS_02,Normal,0,97.78,0,False
LOT001687,MODEL_C,PRESS_02,Delamination,2,88.96,1,True
LOT001688,MODEL_B,PRESS_02,Normal,0,98.21,0,False
LOT001689,MODEL_A,PRESS_03,Normal,0,98.33,0,False
LOT001690,MODEL_B,PRESS_01,Delamination,1,94.04,1,True
LOT001691,MODEL_A,PRESS_03,Normal,0,99.04,0,False
LOT001692,MODEL_A,PRESS_03,Normal,0,97.76,0,False
LOT001693,MODEL_B,PRESS_02,Normal,0,98.82,0,False
LOT001694,MODEL_A,PRESS_02,Normal,0,98.32,0,False
LOT001695,MODEL_A,PRESS_01,Normal,0,98.36,0,False
LOT001696,MODEL_B,PRESS_03,Normal,0,99.49,0,False
LOT001697,MODEL_B,PRESS_02,Delamination,3,85.12,1,True
LOT001698,MODEL_A,PRESS_01,Normal,0,98.4,0,False
LOT001699,MODEL_C,PRESS_02,Normal,0,98.14,0,False
LOT001700,MODEL_C,PRESS_03,Normal,0,98.86,0,False
LOT001701,MODEL_A,PRESS_01,Normal,0,98.16,0,False
LOT001702,MODEL_A,PRESS_01,Normal,0,97.97,0,False
LOT001703,MODEL_B,PRESS_03,Normal,0,98.06,0,False
LOT001704,MODEL_C,PRESS_01,Delamination,1,93.82,1,True
LOT001705,MODEL_A,PRESS_03,Normal,0,99.13,0,False
LOT001706,MODEL_C,PRESS_03,Normal,0,98.9,0,False
LOT001707,MODEL_A,PRESS_03,Normal,0,98.25,0,False
LOT001708,MODEL_A,PRESS_03,Delamination,2,89.85,1,True
LOT001709,MODEL_C,PRESS_01,Normal,0,98.04,0,False
LOT001710,MODEL_A,PRESS_01,Normal,0,97.84,0,False
LOT001711,MODEL_A,PRESS_02,Delamination,3,85.75,1,True
LOT001712,MODEL_C,PRESS_02,Normal,0,99.36,0,False
LOT001713,MODEL_B,PRESS_03,Normal,0,98.29,0,False
LOT001714,MODEL_B,PRESS_03,Normal,0,98.08,0,False
LOT001715,MODEL_C,PRESS_02,Delamination,18,17.75,1,True
LOT001716,MODEL_B,PRESS_03,Normal,0,98.74,0,False
LOT001717,MODEL_B,PRESS_02,Normal,0,98.43,0,False
LOT001718,MODEL_A,PRESS_02,Delamination,1,93.75,1,True
LOT001719,MODEL_B,PRESS_02,Normal,0,99.01,0,False
LOT001720,MODEL_A,PRESS_02,Normal,0,98.75,0,False
LOT001721,MODEL_C,PRESS_01,Delamination,1,93.93,1,True
LOT001722,MODEL_B,PRESS_03,Normal,0,98.19,0,False
LOT001723,MODEL_A,PRESS_02,Normal,0,98.67,1,True
LOT001724,MODEL_C,PRESS_03,Normal,0,98.12,0,False
LOT001725,MODEL_A,PRESS_02,Normal,0,98.91,0,False
LOT001726,MODEL_A,PRESS_03,Normal,0,99.07,0,False
LOT001727,MODEL_C,PRESS_03,Normal,0,99.28,0,False
LOT001728,MODEL_C,PRESS_02,Delamination,4,80.24,1,True
LOT001729,MODEL_C,PRESS_02,Delamination,1,93.81,1,True
LOT001730,MODEL_B,PRESS_01,Normal,0,98.7,0,False
LOT001731,MODEL_C,PRESS_03,Normal,0,99.17,0,False
LOT001732,MODEL_A,PRESS_03,Normal,0,98.55,0,False
LOT001733,MODEL_B,PRESS_03,Normal,0,98.46,0,False
LOT001734,MODEL_A,PRESS_03,Normal,0,97.69,0,False
LOT001735,MODEL_B,PRESS_03,Normal,0,98.88,0,False
LOT001736,MODEL_A,PRESS_03,Normal,0,98.06,0,False
LOT001737,MODEL_A,PRESS_02,Delamination,1,94.11,1,True
LOT001738,MODEL_B,PRESS_01,Normal,0,98.35,0,False
LOT001739,MODEL_C,PRESS_01,Normal,0,99.08,0,False
LOT001740,MODEL_B,PRESS_01,Normal,0,98.43,0,False
LOT001741,MODEL_B,PRESS_02,Normal,0,98.63,0,False
LOT001742,MODEL_B,PRESS_03,Normal,0,98.59,0,False
LOT001743,MODEL_B,PRESS_02,Normal,0,98.37,0,False
LOT001744,MODEL_A,PRESS_01,Normal,0,99.27,0,False
LOT001745,MODEL_B,PRESS_01,Normal,0,100.0,0,False
LOT001746,MODEL_C,PRESS_03,Normal,0,98.19,0,False
LOT001747,MODEL_A,PRESS_03,Normal,0,98.47,0,False
LOT001748,MODEL_B,PRESS_02,Normal,0,98.3,0,False
LOT001749,MODEL_C,PRESS_03,Normal,0,98.72,0,False
LOT001750,MODEL_B,PRESS_03,Normal,0,98.69,0,False
LOT001751,MODEL_A,PRESS_03,Normal,0,98.98,0,False
LOT001752,MODEL_B,PRESS_03,Normal,0,98.03,0,False
LOT001753,MODEL_C,PRESS_02,Normal,0,99.0,0,False
LOT001754,MODEL_A,PRESS_02,Normal,0,97.78,0,False
LOT001755,MODEL_B,PRESS_02,Normal,0,98.86,0,False
LOT001756,MODEL_C,PRESS_01,Normal,0,98.29,0,False
LOT001757,MODEL_A,PRESS_02,Normal,0,98.03,0,False
LOT001758,MODEL_B,PRESS_02,Normal,0,98.71,0,False
LOT001759,MODEL_C,PRESS_02,Normal,0,98.33,0,False
LOT001760,MODEL_B,PRESS_02,Normal,0,99.21,0,False
LOT001761,MODEL_B,PRESS_02,Delamination,3,85.35,1,True
LOT001762,MODEL_A,PRESS_02,Normal,0,98.46,0,False
LOT001763,MODEL_C,PRESS_01,Normal,0,98.41,0,False
LOT001764,MODEL_B,PRESS_02,Normal,0,98.56,0,False
LOT001765,MODEL_C,PRESS_02,Delamination,2,90.43,2,True
LOT001766,MODEL_B,PRESS_03,Normal,0,97.87,0,False
LOT001767,MODEL_B,PRESS_02,Normal,0,98.05,0,False
LOT001768,MODEL_B,PRESS_02,Delamination,1,94.71,1,True
LOT001769,MODEL_C,PRESS_01,Normal,0,98.11,0,False
LOT001770,MODEL_C,PRESS_01,Normal,0,98.72,0,False
LOT001771,MODEL_A,PRESS_02,Normal,0,98.92,0,False
LOT001772,MODEL_C,PRESS_02,Normal,0,98.45,0,False
LOT001773,MODEL_C,PRESS_02,Normal,0,98.92,0,False
LOT001774,MODEL_A,PRESS_02,Delamination,3,84.25,1,True
LOT001775,MODEL_A,PRESS_03,Normal,0,98.76,0,False
LOT001776,MODEL_C,PRESS_01,Delamination,1,94.86,1,True
LOT001777,MODEL_C,PRESS_01,Normal,0,98.66,0,False
LOT001778,MODEL_B,PRESS_01,Normal,0,98.91,0,False
LOT001779,MODEL_B,PRESS_01,Normal,0,99.66,0,False
LOT001780,MODEL_C,PRESS_03,Normal,0,98.54,0,False
LOT001781,MODEL_A,PRESS_01,Normal,0,98.06,0,False
LOT001782,MODEL_A,PRESS_02,Normal,0,97.65,0,False
LOT001783,MODEL_C,PRESS_01,Normal,0,98.66,0,False
LOT001784,MODEL_A,PRESS_03,Normal,0,98.1,0,False
LOT001785,MODEL_B,PRESS_03,Normal,0,98.95,0,False
LOT001786,MODEL_B,PRESS_01,Normal,0,99.05,0,False
LOT001787,MODEL_B,PRESS_01,Normal,0,98.41,0,False
LOT001788,MODEL_A,PRESS_01,Normal,0,97.92,0,False
LOT001789,MODEL_C,PRESS_02,Delamination,1,94.45,1,True
LOT001790,MODEL_C,PRESS_03,Normal,0,98.45,0,False
LOT001791,MODEL_A,PRESS_02,Normal,0,98.94,0,False
LOT001792,MODEL_B,PRESS_03,Normal,0,98.62,0,False
LOT001793,MODEL_A,PRESS_02,Normal,0,98.75,0,False
LOT001794,MODEL_A,PRESS_01,Normal,0,98.81,0,False
LOT001795,MODEL_C,PRESS_02,Normal,0,98.53,0,False
LOT001796,MODEL_B,PRESS_01,Normal,0,98.87,0,False
LOT001797,MODEL_B,PRESS_03,Delamination,1,94.78,1,True
LOT001798,MODEL_C,PRESS_01,Normal,0,98.05,0,False
LOT001799,MODEL_C,PRESS_02,Normal,0,98.11,0,False
LOT001800,MODEL_C,PRESS_02,Normal,0,98.54,0,False
LOT001801,MODEL_C,PRESS_01,Normal,0,98.14,0,False
LOT001802,MODEL_B,PRESS_02,Delamination,4,79.88,1,True
LOT001803,MODEL_B,PRESS_02,Delamination,2,90.01,1,True
LOT001804,MODEL_A,PRESS_01,Normal,0,98.82,0,False
LOT001805,MODEL_C,PRESS_01,Normal,0,98.28,0,False
LOT001806,MODEL_A,PRESS_01,Normal,0,99.2,0,False
LOT001807,MODEL_C,PRESS_01,Normal,0,99.59,0,False
LOT001808,MODEL_C,PRESS_02,Normal,0,98.88,0,False
LOT001809,MODEL_A,PRESS_01,Normal,0,99.19,0,False
LOT001810,MODEL_C,PRESS_03,Normal,0,98.64,0,False
LOT001811,MODEL_C,PRESS_01,Normal,0,98.69,0,False
LOT001812,MODEL_B,PRESS_02,Normal,0,98.17,0,False
LOT001813,MODEL_B,PRESS_03,Normal,0,98.56,0,False
LOT001814,MODEL_C,PRESS_02,Normal,0,98.87,0,False
LOT001815,MODEL_B,PRESS_03,Normal,0,98.6,0,False
LOT001816,MODEL_A,PRESS_01,Normal,0,98.76,0,False
LOT001817,MODEL_A,PRESS_01,Normal,0,99.16,0,False
LOT001818,MODEL_C,PRESS_01,Normal,0,98.96,0,False
LOT001819,MODEL_B,PRESS_01,Normal,0,99.06,0,False
LOT001820,MODEL_A,PRESS_01,Normal,0,98.8,0,False
LOT001821,MODEL_C,PRESS_01,Normal,0,98.31,0,False
LOT001822,MODEL_A,PRESS_03,Normal,0,97.96,0,False
LOT001823,MODEL_A,PRESS_01,Normal,0,98.29,0,False
LOT001824,MODEL_B,PRESS_03,Normal,0,98.42,0,False
LOT001825,MODEL_A,PRESS_03,Normal,0,98.41,0,False
LOT001826,MODEL_B,PRESS_03,Normal,0,98.76,0,False
LOT001827,MODEL_C,PRESS_01,Normal,0,99.57,0,False
LOT001828,MODEL_C,PRESS_03,Normal,0,99.06,0,False
LOT001829,MODEL_C,PRESS_02,Delamination,1,94.12,1,True
LOT001830,MODEL_A,PRESS_03,Normal,0,98.26,0,False
LOT001831,MODEL_A,PRESS_02,Normal,0,98.72,0,False
LOT001832,MODEL_C,PRESS_03,Normal,0,99.16,0,False
LOT001833,MODEL_B,PRESS_02,Delamination,1,94.97,2,True
LOT001834,MODEL_C,PRESS_01,Normal,0,98.18,0,False
LOT001835,MODEL_A,PRESS_02,Normal,0,99.24,0,False
LOT001836,MODEL_C,PRESS_01,Delamination,1,94.0,1,True
LOT001837,MODEL_B,PRESS_03,Normal,0,98.5,0,False
LOT001838,MODEL_C,PRESS_01,Normal,0,98.55,0,False
LOT001839,MODEL_A,PRESS_01,Normal,0,98.94,0,False
LOT001840,MODEL_B,PRESS_02,Normal,0,98.53,0,False
LOT001841,MODEL_C,PRESS_02,Normal,0,98.98,0,False
LOT001842,MODEL_B,PRESS_01,Normal,0,98.81,0,False
LOT001843,MODEL_B,PRESS_03,Normal,0,98.77,0,False
LOT001844,MODEL_A,PRESS_03,Normal,0,98.71,0,False
LOT001845,MODEL_C,PRESS_03,Normal,0,98.59,0,False
LOT001846,MODEL_A,PRESS_02,Normal,0,98.39,0,False
LOT001847,MODEL_B,PRESS_02,Normal,0,99.32,0,False
LOT001848,MODEL_C,PRESS_02,Normal,0,98.43,0,False
LOT001849,MODEL_B,PRESS_02,Normal,0,99.01,0,False
LOT001850,MODEL_B,PRESS_01,Normal,0,99.3,0,False
LOT001851,MODEL_A,PRESS_01,Normal,0,98.69,0,False
LOT001852,MODEL_B,PRESS_01,Normal,0,98.76,0,False
LOT001853,MODEL_C,PRESS_02,Normal,0,98.14,0,False
LOT001854,MODEL_A,PRESS_01,Normal,0,98.03,0,False
LOT001855,MODEL_B,PRESS_01,Normal,0,97.95,0,False
LOT001856,MODEL_B,PRESS_03,Normal,0,98.69,0,False
LOT001857,MODEL_A,PRESS_02,Normal,0,98.25,0,False
LOT001858,MODEL_C,PRESS_02,Delamination,6,71.36,1,True
LOT001859,MODEL_B,PRESS_02,Normal,0,98.71,0,False
LOT001860,MODEL_A,PRESS_03,Normal,0,98.78,0,False
LOT001861,MODEL_B,PRESS_03,Delamination,1,93.89,1,True
LOT001862,MODEL_C,PRESS_01,Normal,0,98.77,0,False
LOT001863,MODEL_C,PRESS_03,Normal,0,98.15,0,False
LOT001864,MODEL_B,PRESS_02,Normal,0,98.02,0,False
LOT001865,MODEL_B,PRESS_03,Normal,0,98.5,0,False
LOT001866,MODEL_C,PRESS_02,Delamination,7,67.79,1,True
LOT001867,MODEL_A,PRESS_01,Normal,0,98.22,0,False
LOT001868,MODEL_A,PRESS_03,Normal,0,99.06,0,False
LOT001869,MODEL_B,PRESS_01,Normal,0,98.48,0,False
LOT001870,MODEL_B,PRESS_03,Normal,0,98.9,0,False
LOT001871,MODEL_B,PRESS_01,Normal,0,99.34,0,False
LOT001872,MODEL_A,PRESS_01,Normal,0,98.0,0,False
LOT001873,MODEL_C,PRESS_02,Normal,0,98.43,0,False
LOT001874,MODEL_B,PRESS_03,Normal,0,98.76,0,False
LOT001875,MODEL_C,PRESS_02,Delamination,1,94.52,1,True
LOT001876,MODEL_C,PRESS_01,Normal,0,98.61,0,False
LOT001877,MODEL_C,PRESS_01,Normal,0,98.88,0,False
LOT001878,MODEL_B,PRESS_03,Normal,0,98.66,0,False
LOT001879,MODEL_B,PRESS_03,Normal,0,98.95,0,False
LOT001880,MODEL_A,PRESS_01,Normal,0,98.71,0,False
LOT001881,MODEL_B,PRESS_02,Normal,0,97.98,0,False
LOT001882,MODEL_C,PRESS_01,Normal,0,98.89,0,False
LOT001883,MODEL_B,PRESS_01,Normal,0,99.24,0,False
LOT001884,MODEL_A,PRESS_03,Normal,0,98.63,0,False
LOT001885,MODEL_A,PRESS_02,Normal,0,98.86,0,False
LOT001886,MODEL_B,PRESS_01,Normal,0,99.51,0,False
LOT001887,MODEL_B,PRESS_02,Normal,0,98.55,0,False
LOT001888,MODEL_C,PRESS_02,Delamination,3,85.22,1,True
LOT001889,MODEL_C,PRESS_01,Normal,0,98.82,0,False
LOT001890,MODEL_B,PRESS_02,Normal,0,97.96,0,False
LOT001891,MODEL_B,PRESS_01,Normal,0,98.38,0,False
LOT001892,MODEL_C,PRESS_01,Normal,0,98.91,0,False
LOT001893,MODEL_A,PRESS_03,Delamination,1,93.44,1,True
LOT001894,MODEL_B,PRESS_03,Normal,0,98.57,0,False
LOT001895,MODEL_B,PRESS_01,Normal,0,99.08,0,False
LOT001896,MODEL_C,PRESS_03,Normal,0,98.42,0,False
LOT001897,MODEL_C,PRESS_02,Delamination,5,75.55,1,True
LOT001898,MODEL_B,PRESS_03,Normal,0,98.35,0,False
LOT001899,MODEL_B,PRESS_03,Normal,0,98.63,0,False
LOT001900,MODEL_C,PRESS_02,Normal,0,99.14,0,False
LOT001901,MODEL_B,PRESS_02,Normal,0,98.62,0,False
LOT001902,MODEL_A,PRESS_02,Normal,0,98.02,0,False
LOT001903,MODEL_A,PRESS_03,Normal,0,98.29,0,False
LOT001904,MODEL_C,PRESS_01,Delamination,2,89.43,1,True
LOT001905,MODEL_B,PRESS_01,Normal,0,98.98,0,False
LOT001906,MODEL_A,PRESS_01,Normal,0,98.5,0,False
LOT001907,MODEL_C,PRESS_01,Normal,0,98.26,0,False
LOT001908,MODEL_C,PRESS_01,Normal,0,98.64,0,False
LOT001909,MODEL_B,PRESS_01,Normal,0,98.83,0,False
LOT001910,MODEL_A,PRESS_03,Normal,0,98.32,0,False
LOT001911,MODEL_C,PRESS_01,Delamination,1,94.4,1,True
LOT001912,MODEL_A,PRESS_03,Normal,0,99.18,0,False
LOT001913,MODEL_B,PRESS_01,Normal,0,98.35,0,False
LOT001914,MODEL_C,PRESS_03,Normal,0,98.98,0,False
LOT001915,MODEL_B,PRESS_01,Normal,0,98.56,0,False
LOT001916,MODEL_A,PRESS_02,Delamination,1,94.01,1,True
LOT001917,MODEL_A,PRESS_01,Normal,0,98.63,0,False
LOT001918,MODEL_B,PRESS_02,Normal,0,98.97,0,False
LOT001919,MODEL_C,PRESS_02,Delamination,1,93.71,1,True
LOT001920,MODEL_C,PRESS_02,Normal,0,98.41,0,False
LOT001921,MODEL_A,PRESS_02,Normal,0,98.74,0,False
LOT001922,MODEL_A,PRESS_02,Normal,0,98.75,0,False
LOT001923,MODEL_C,PRESS_03,Normal,0,99.39,0,False
LOT001924,MODEL_A,PRESS_02,Normal,0,99.04,0,False
LOT001925,MODEL_A,PRESS_02,Normal,0,98.89,0,False
LOT001926,MODEL_B,PRESS_01,Normal,0,99.73,0,False
LOT001927,MODEL_B,PRESS_02,Delamination,1,93.3,1,True
LOT001928,MODEL_A,PRESS_01,Normal,0,98.66,0,False
LOT001929,MODEL_A,PRESS_01,Normal,0,98.46,0,False
LOT001930,MODEL_A,PRESS_03,Delamination,2,88.84,1,True
LOT001931,MODEL_B,PRESS_01,Normal,0,98.89,0,False
LOT001932,MODEL_A,PRESS_02,Normal,0,98.17,0,False
LOT001933,MODEL_A,PRESS_03,Normal,0,98.06,0,False
LOT001934,MODEL_B,PRESS_03,Normal,0,98.86,0,False
LOT001935,MODEL_A,PRESS_01,Normal,0,98.33,0,False
LOT001936,MODEL_A,PRESS_01,Normal,0,99.09,0,False
LOT001937,MODEL_B,PRESS_02,Delamination,2,89.44,2,True
LOT001938,MODEL_A,PRESS_02,Normal,0,98.73,0,False
LOT001939,MODEL_B,PRESS_03,Delamination,1,94.81,1,True
LOT001940,MODEL_B,PRESS_01,Normal,0,99.24,0,False
LOT001941,MODEL_B,PRESS_01,Normal,0,98.51,0,False
LOT001942,MODEL_B,PRESS_01,Normal,0,98.3,0,False
LOT001943,MODEL_C,PRESS_03,Delamination,1,94.17,1,True
LOT001944,MODEL_A,PRESS_01,Normal,0,98.7,0,False
LOT001945,MODEL_A,PRESS_02,Normal,0,98.39,0,False
LOT001946,MODEL_A,PRESS_01,Normal,0,99.18,0,False
LOT001947,MODEL_C,PRESS_01,Normal,0,98.16,0,False
LOT001948,MODEL_C,PRESS_03,Normal,0,98.53,0,False
LOT001949,MODEL_C,PRESS_01,Normal,0,98.52,0,False
LOT001950,MODEL_B,PRESS_01,Normal,0,98.27,0,False
LOT001951,MODEL_B,PRESS_03,Normal,0,98.31,0,False
LOT001952,MODEL_B,PRESS_02,Normal,0,98.29,0,False
LOT001953,MODEL_A,PRESS_01,Normal,0,98.84,0,False
LOT001954,MODEL_B,PRESS_02,Normal,0,98.77,0,False
LOT001955,MODEL_B,PRESS_03,Normal,0,98.16,0,False
LOT001956,MODEL_A,PRESS_02,Normal,0,97.78,0,False
LOT001957,MODEL_C,PRESS_02,Delamination,16,26.68,1,True
LOT001958,MODEL_C,PRESS_02,Normal,0,98.89,0,False
LOT001959,MODEL_A,PRESS_02,Normal,0,98.78,0,False
LOT001960,MODEL_C,PRESS_01,Delamination,1,93.55,1,True
LOT001961,MODEL_A,PRESS_03,Normal,0,99.23,0,False
LOT001962,MODEL_C,PRESS_03,Delamination,1,94.03,1,True
LOT001963,MODEL_C,PRESS_01,Normal,0,98.69,0,False
LOT001964,MODEL_A,PRESS_03,Normal,0,98.47,0,False
LOT001965,MODEL_B,PRESS_03,Normal,0,98.64,0,False
LOT001966,MODEL_A,PRESS_03,Normal,0,98.27,0,False
LOT001967,MODEL_C,PRESS_02,Normal,0,98.11,0,False
LOT001968,MODEL_A,PRESS_02,Normal,0,99.35,0,False
LOT001969,MODEL_A,PRESS_03,Normal,0,98.25,0,False
LOT001970,MODEL_A,PRESS_01,Normal,0,99.14,0,False
LOT001971,MODEL_A,PRESS_03,Normal,0,98.43,0,False
LOT001972,MODEL_A,PRESS_03,Normal,0,99.66,0,False
LOT001973,MODEL_B,PRESS_03,Normal,0,99.06,0,False
LOT001974,MODEL_B,PRESS_02,Normal,0,98.67,0,False
LOT001975,MODEL_B,PRESS_02,Normal,0,98.36,0,False
LOT001976,MODEL_A,PRESS_01,Normal,0,98.42,0,False
LOT001977,MODEL_A,PRESS_03,Normal,0,99.07,0,False
LOT001978,MODEL_C,PRESS_02,Normal,0,98.27,0,False
LOT001979,MODEL_A,PRESS_01,Normal,0,99.46,0,False
LOT001980,MODEL_A,PRESS_03,Normal,0,98.41,0,False
LOT001981,MODEL_B,PRESS_02,Normal,0,99.43,0,False
LOT001982,MODEL_A,PRESS_02,Normal,0,98.57,0,False
LOT001983,MODEL_B,PRESS_01,Normal,0,98.68,0,False
LOT001984,MODEL_C,PRESS_03,Normal,0,98.95,0,False
LOT001985,MODEL_A,PRESS_02,Normal,0,98.75,0,False
LOT001986,MODEL_C,PRESS_03,Normal,0,98.37,0,False
LOT001987,MODEL_B,PRESS_03,Delamination,1,93.77,1,True
LOT001988,MODEL_B,PRESS_01,Normal,0,98.42,0,False
LOT001989,MODEL_B,PRESS_01,Normal,0,98.07,0,False
LOT001990,MODEL_B,PRESS_03,Delamination,1,93.87,1,True
LOT001991,MODEL_A,PRESS_02,Normal,0,98.69,0,False
LOT001992,MODEL_A,PRESS_02,Normal,0,97.98,0,False
LOT001993,MODEL_C,PRESS_01,Normal,0,98.17,0,False
LOT001994,MODEL_A,PRESS_02,Normal,0,98.55,0,False
LOT001995,MODEL_C,PRESS_03,Normal,0,98.05,0,False
LOT001996,MODEL_B,PRESS_01,Normal,0,97.71,0,False
LOT001997,MODEL_C,PRESS_02,Normal,0,98.09,0,False
LOT001998,MODEL_B,PRESS_03,Normal,0,98.17,0,False
LOT001999,MODEL_B,PRESS_01,Normal,0,99.46,0,False
LOT002000,MODEL_B,PRESS_01,Normal,0,98.81,0,False
LOT002001,MODEL_B,PRESS_03,Normal,0,98.57,1,True
LOT002002,MODEL_A,PRESS_01,Normal,0,98.5,0,False
LOT002003,MODEL_B,PRESS_02,Normal,0,98.2,0,False
LOT002004,MODEL_B,PRESS_02,Delamination,1,93.95,1,True
LOT002005,MODEL_A,PRESS_03,Normal,0,98.68,0,False
LOT002006,MODEL_C,PRESS_01,Normal,0,98.93,0,False
LOT002007,MODEL_B,PRESS_02,Delamination,1,93.77,1,True
LOT002008,MODEL_A,PRESS_01,Normal,0,98.57,0,False
LOT002009,MODEL_C,PRESS_03,Normal,0,98.95,0,False
LOT002010,MODEL_A,PRESS_02,Normal,0,98.41,0,False
LOT002011,MODEL_B,PRESS_02,Normal,0,98.21,0,False
LOT002012,MODEL_B,PRESS_02,Normal,0,98.83,0,False
LOT002013,MODEL_B,PRESS_01,Normal,0,98.84,0,False
LOT002014,MODEL_C,PRESS_03,Normal,0,98.37,0,False
LOT002015,MODEL_C,PRESS_02,Normal,0,98.11,0,False
LOT002016,MODEL_B,PRESS_01,Normal,0,97.98,0,False
LOT002017,MODEL_C,PRESS_02,Normal,0,98.5,0,False
LOT002018,MODEL_C,PRESS_03,Normal,0,98.39,0,False
LOT002019,MODEL_C,PRESS_03,Normal,0,99.03,0,False
LOT002020,MODEL_B,PRESS_02,Normal,0,98.5,0,False
LOT002021,MODEL_A,PRESS_01,Delamination,1,94.99,1,True
LOT002022,MODEL_A,PRESS_02,Normal,0,98.88,0,False
LOT002023,MODEL_B,PRESS_02,Normal,0,98.33,0,False
LOT002024,MODEL_B,PRESS_02,Normal,0,98.64,0,False
LOT002025,MODEL_A,PRESS_01,Normal,0,99.21,0,False
LOT002026,MODEL_A,PRESS_02,Normal,0,99.05,0,False
LOT002027,MODEL_C,PRESS_02,Delamination,1,93.92,1,True
LOT002028,MODEL_C,PRESS_03,Normal,0,98.04,0,False
LOT002029,MODEL_C,PRESS_02,Normal,0,98.57,0,False
LOT002030,MODEL_A,PRESS_02,Normal,0,99.74,0,False
LOT002031,MODEL_A,PRESS_02,Normal,0,98.69,0,False
LOT002032,MODEL_A,PRESS_01,Normal,0,99.1,0,False
LOT002033,MODEL_C,PRESS_01,Normal,0,98.46,0,False
LOT002034,MODEL_B,PRESS_03,Normal,0,98.6,0,False
LOT002035,MODEL_C,PRESS_03,Delamination,1,94.26,1,True
LOT002036,MODEL_B,PRESS_03,Normal,0,98.3,0,False
LOT002037,MODEL_B,PRESS_02,Normal,0,98.85,0,False
LOT002038,MODEL_B,PRESS_01,Normal,0,98.35,0,False
LOT002039,MODEL_C,PRESS_03,Normal,0,99.06,0,False
LOT002040,MODEL_B,PRESS_02,Delamination,1,94.55,1,True
LOT002041,MODEL_B,PRESS_01,Normal,0,99.22,0,False
LOT002042,MODEL_C,PRESS_03,Normal,0,98.48,0,False
LOT002043,MODEL_B,PRESS_03,Normal,0,99.09,0,False
LOT002044,MODEL_C,PRESS_03,Delamination,1,93.88,1,True
LOT002045,MODEL_B,PRESS_01,Normal,0,99.07,0,False
LOT002046,MODEL_C,PRESS_03,Normal,0,98.79,0,False
LOT002047,MODEL_B,PRESS_02,Normal,0,98.65,0,False
LOT002048,MODEL_B,PRESS_02,Normal,0,99.09,0,False
LOT002049,MODEL_A,PRESS_03,Normal,0,98.24,0,False
LOT002050,MODEL_B,PRESS_02,Normal,0,98.64,0,False
LOT002051,MODEL_A,PRESS_01,Normal,0,98.94,0,False
LOT002052,MODEL_B,PRESS_01,Normal,0,97.93,0,False
LOT002053,MODEL_C,PRESS_02,Normal,0,98.36,0,False
LOT002054,MODEL_B,PRESS_03,Normal,0,98.44,0,False
LOT002055,MODEL_B,PRESS_03,Normal,0,98.11,0,False
LOT002056,MODEL_A,PRESS_02,Normal,0,98.47,0,False
LOT002057,MODEL_C,PRESS_03,Normal,0,99.32,0,False
LOT002058,MODEL_B,PRESS_03,Normal,0,98.9,0,False
LOT002059,MODEL_B,PRESS_02,Delamination,1,93.88,1,True
LOT002060,MODEL_A,PRESS_02,Delamination,2,89.95,2,True
LOT002061,MODEL_A,PRESS_03,Normal,0,99.09,0,False
LOT002062,MODEL_A,PRESS_02,Normal,0,98.2,0,False
LOT002063,MODEL_C,PRESS_01,Normal,0,98.72,0,False
LOT002064,MODEL_C,PRESS_03,Normal,0,98.65,0,False
LOT002065,MODEL_A,PRESS_02,Normal,0,98.57,0,False
LOT002066,MODEL_A,PRESS_02,Delamination,2,89.65,1,True
LOT002067,MODEL_C,PRESS_03,Normal,0,98.88,0,False
LOT002068,MODEL_B,PRESS_03,Normal,0,98.39,0,False
LOT002069,MODEL_A,PRESS_01,Normal,0,98.67,0,False
LOT002070,MODEL_B,PRESS_02,Normal,0,97.75,0,False
LOT002071,MODEL_A,PRESS_01,Normal,0,98.4,0,False
LOT002072,MODEL_A,PRESS_02,Normal,0,97.81,0,False
LOT002073,MODEL_B,PRESS_02,Delamination,2,89.46,1,True
LOT002074,MODEL_C,PRESS_02,Normal,0,98.1,0,False
LOT002075,MODEL_C,PRESS_03,Normal,0,98.6,0,False
LOT002076,MODEL_A,PRESS_02,Normal,0,98.25,0,False
LOT002077,MODEL_B,PRESS_02,Normal,0,98.3,0,False
LOT002078,MODEL_C,PRESS_02,Delamination,1,94.14,1,True
LOT002079,MODEL_C,PRESS_01,Normal,0,98.44,0,False
LOT002080,MODEL_C,PRESS_01,Normal,0,98.67,0,False
LOT002081,MODEL_A,PRESS_03,Normal,0,98.13,0,False
LOT002082,MODEL_A,PRESS_01,Normal,0,98.42,0,False
LOT002083,MODEL_A,PRESS_01,Normal,0,98.88,0,False
LOT002084,MODEL_A,PRESS_03,Normal,0,98.68,0,False
LOT002085,MODEL_A,PRESS_01,Normal,0,98.53,0,False
LOT002086,MODEL_A,PRESS_02,Normal,0,98.12,0,False
LOT002087,MODEL_B,PRESS_03,Normal,0,98.11,0,False
LOT002088,MODEL_B,PRESS_02,Normal,0,98.34,0,False
LOT002089,MODEL_B,PRESS_01,Normal,0,98.19,0,False
LOT002090,MODEL_A,PRESS_01,Normal,0,98.3,0,False
LOT002091,MODEL_A,PRESS_03,Normal,0,98.35,0,False
LOT002092,MODEL_C,PRESS_01,Delamination,1,93.92,1,True
LOT002093,MODEL_B,PRESS_03,Normal,0,98.67,0,False
LOT002094,MODEL_A,PRESS_01,Normal,0,98.18,0,False
LOT002095,MODEL_C,PRESS_01,Normal,0,98.28,0,False
LOT002096,MODEL_C,PRESS_03,Normal,0,98.03,0,False
LOT002097,MODEL_C,PRESS_03,Normal,0,98.59,0,False
LOT002098,MODEL_A,PRESS_03,Normal,0,98.99,0,False
LOT002099,MODEL_B,PRESS_03,Normal,0,98.71,0,False
LOT002100,MODEL_C,PRESS_01,Normal,0,97.96,0,False
LOT002101,MODEL_C,PRESS_03,Delamination,1,93.3,1,True
LOT002102,MODEL_A,PRESS_03,Normal,0,99.61,0,False
LOT002103,MODEL_C,PRESS_01,Normal,0,98.89,0,False
LOT002104,MODEL_B,PRESS_01,Normal,0,98.62,0,False
LOT002105,MODEL_B,PRESS_03,Normal,0,98.96,0,False
LOT002106,MODEL_B,PRESS_01,Normal,0,98.53,0,False
LOT002107,MODEL_C,PRESS_03,Normal,0,98.59,0,False
LOT002108,MODEL_A,PRESS_01,Normal,0,98.24,0,False
LOT002109,MODEL_B,PRESS_01,Normal,0,98.49,0,False
LOT002110,MODEL_C,PRESS_01,Normal,0,98.66,0,False
LOT002111,MODEL_B,PRESS_01,Delamination,1,94.0,1,True
LOT002112,MODEL_A,PRESS_03,Normal,0,98.52,0,False
LOT002113,MODEL_A,PRESS_03,Normal,0,97.89,0,False
LOT002114,MODEL_B,PRESS_03,Normal,0,98.97,0,False
LOT002115,MODEL_C,PRESS_03,Normal,0,98.83,0,False
LOT002116,MODEL_B,PRESS_01,Normal,0,97.93,0,False
LOT002117,MODEL_C,PRESS_03,Normal,0,98.32,0,False
LOT002118,MODEL_B,PRESS_02,Normal,0,97.93,0,False
LOT002119,MODEL_B,PRESS_02,Normal,0,99.14,0,False
LOT002120,MODEL_A,PRESS_03,Normal,0,99.2,0,False
LOT002121,MODEL_B,PRESS_03,Normal,0,98.67,0,False
LOT002122,MODEL_A,PRESS_03,Normal,0,98.58,0,False
LOT002123,MODEL_C,PRESS_02,Delamination,18,17.9,1,True
LOT002124,MODEL_A,PRESS_02,Normal,0,98.94,0,False
LOT002125,MODEL_C,PRESS_03,Normal,0,99.23,0,False
LOT002126,MODEL_A,PRESS_01,Normal,0,99.13,0,False
LOT002127,MODEL_B,PRESS_01,Normal,0,98.83,0,False
LOT002128,MODEL_A,PRESS_02,Normal,0,98.59,0,False
LOT002129,MODEL_A,PRESS_01,Normal,0,98.4,0,False
LOT002130,MODEL_C,PRESS_01,Normal,0,98.93,0,False
LOT002131,MODEL_A,PRESS_03,Normal,0,98.36,0,False
LOT002132,MODEL_B,PRESS_03,Normal,0,98.68,0,False
LOT002133,MODEL_C,PRESS_02,Normal,0,98.33,0,False
LOT002134,MODEL_B,PRESS_02,Normal,0,97.98,0,False
LOT002135,MODEL_A,PRESS_02,Delamination,1,94.21,1,True
LOT002136,MODEL_B,PRESS_03,Normal,0,98.98,0,False
LOT002137,MODEL_B,PRESS_02,Normal,0,98.18,0,False
LOT002138,MODEL_A,PRESS_01,Normal,0,98.28,0,False
LOT002139,MODEL_A,PRESS_02,Normal,0,98.76,0,False
LOT002140,MODEL_B,PRESS_02,Normal,0,98.43,0,False
LOT002141,MODEL_B,PRESS_03,Normal,0,98.67,0,False
LOT002142,MODEL_A,PRESS_03,Normal,0,98.73,0,False
LOT002143,MODEL_B,PRESS_03,Normal,0,99.27,0,False
LOT002144,MODEL_B,PRESS_02,Normal,0,99.07,0,False
LOT002145,MODEL_A,PRESS_02,Delamination,5,76.56,2,True
LOT002146,MODEL_B,PRESS_02,Delamination,1,94.54,1,True
LOT002147,MODEL_C,PRESS_01,Normal,0,98.77,0,False
LOT002148,MODEL_B,PRESS_03,Normal,0,98.99,0,False
LOT002149,MODEL_B,PRESS_03,Normal,0,98.98,0,False
LOT002150,MODEL_C,PRESS_03,Normal,0,97.77,0,False
LOT002151,MODEL_B,PRESS_01,Normal,0,98.81,0,False
LOT002152,MODEL_A,PRESS_01,Normal,0,99.24,0,False
LOT002153,MODEL_B,PRESS_03,Normal,0,98.77,0,False
LOT002154,MODEL_B,PRESS_02,Delamination,8,62.28,1,True
LOT002155,MODEL_B,PRESS_03,Normal,0,98.98,0,False
LOT002156,MODEL_A,PRESS_02,Normal,0,98.12,0,False
LOT002157,MODEL_A,PRESS_02,Normal,0,98.67,0,False
LOT002158,MODEL_B,PRESS_02,Normal,0,98.83,0,False
LOT002159,MODEL_C,PRESS_03,Normal,0,99.47,0,False
LOT002160,MODEL_C,PRESS_02,Normal,0,99.09,0,False
LOT002161,MODEL_C,PRESS_03,Normal,0,98.64,0,False
LOT002162,MODEL_A,PRESS_01,Normal,0,98.8,0,False
LOT002163,MODEL_B,PRESS_02,Normal,0,97.99,0,False
LOT002164,MODEL_B,PRESS_03,Normal,0,98.55,0,False
LOT002165,MODEL_B,PRESS_03,Normal,0,98.12,0,False
LOT002166,MODEL_B,PRESS_03,Normal,0,99.53,0,False
LOT002167,MODEL_B,PRESS_01,Normal,0,98.39,0,False
LOT002168,MODEL_A,PRESS_03,Normal,0,98.25,0,False
LOT002169,MODEL_C,PRESS_03,Normal,0,98.52,0,False
LOT002170,MODEL_C,PRESS_03,Normal,0,99.06,0,False
LOT002171,MODEL_A,PRESS_01,Normal,0,98.53,0,False
LOT002172,MODEL_B,PRESS_03,Normal,0,98.43,0,False
LOT002173,MODEL_B,PRESS_03,Normal,0,98.59,0,False
LOT002174,MODEL_C,PRESS_03,Normal,0,98.82,0,False
LOT002175,MODEL_C,PRESS_01,Delamination,1,93.66,1,True
LOT002176,MODEL_B,PRESS_03,Normal,0,98.97,0,False
LOT002177,MODEL_C,PRESS_01,Delamination,2,89.92,1,True
LOT002178,MODEL_C,PRESS_02,Normal,0,99.05,0,False
LOT002179,MODEL_C,PRESS_02,Normal,0,98.37,0,False
LOT002180,MODEL_A,PRESS_02,Normal,0,98.59,0,False
LOT002181,MODEL_C,PRESS_03,Normal,0,98.94,0,False
LOT002182,MODEL_B,PRESS_01,Normal,0,99.14,0,False
LOT002183,MODEL_A,PRESS_02,Normal,0,99.23,0,False
LOT002184,MODEL_C,PRESS_02,Normal,0,98.31,0,False
LOT002185,MODEL_C,PRESS_02,Normal,0,98.59,0,False
LOT002186,MODEL_B,PRESS_01,Delamination,1,94.0,1,True
LOT002187,MODEL_B,PRESS_01,Normal,0,99.07,0,False
LOT002188,MODEL_B,PRESS_01,Normal,0,98.56,0,False
LOT002189,MODEL_A,PRESS_02,Delamination,1,94.46,1,True
LOT002190,MODEL_C,PRESS_02,Normal,0,98.37,0,False
LOT002191,MODEL_A,PRESS_02,Normal,0,97.93,0,False
LOT002192,MODEL_B,PRESS_02,Normal,0,98.49,0,False
LOT002193,MODEL_A,PRESS_01,Normal,0,98.41,0,False
LOT002194,MODEL_C,PRESS_01,Delamination,1,93.77,1,True
LOT002195,MODEL_C,PRESS_02,Normal,0,98.26,0,False
LOT002196,MODEL_B,PRESS_03,Normal,0,98.0,0,False
LOT002197,MODEL_B,PRESS_01,Normal,0,98.33,0,False
LOT002198,MODEL_C,PRESS_03,Normal,0,98.27,0,False
LOT002199,MODEL_C,PRESS_02,Delamination,1,94.49,1,True
LOT002200,MODEL_C,PRESS_01,Normal,0,98.34,0,False
LOT002201,MODEL_A,PRESS_02,Normal,0,98.67,0,False
LOT002202,MODEL_B,PRESS_01,Normal,0,98.71,0,False
LOT002203,MODEL_C,PRESS_01,Normal,0,98.3,0,False
LOT002204,MODEL_A,PRESS_02,Normal,0,99.55,0,False
LOT002205,MODEL_C,PRESS_02,Normal,0,98.85,0,False
LOT002206,MODEL_A,PRESS_03,Normal,0,98.71,0,False
LOT002207,MODEL_C,PRESS_01,Normal,0,98.75,0,False
LOT002208,MODEL_B,PRESS_03,Normal,0,98.54,0,False
LOT002209,MODEL_C,PRESS_01,Normal,0,98.3,0,False
LOT002210,MODEL_C,PRESS_01,Normal,0,98.42,0,False
LOT002211,MODEL_A,PRESS_03,Normal,0,98.34,0,False
LOT002212,MODEL_B,PRESS_03,Normal,0,98.36,0,False
LOT002213,MODEL_C,PRESS_02,Normal,0,98.67,0,False
LOT002214,MODEL_A,PRESS_01,Normal,0,97.79,0,False
LOT002215,MODEL_C,PRESS_01,Normal,0,98.63,0,False
LOT002216,MODEL_A,PRESS_02,Delamination,1,93.99,1,True
LOT002217,MODEL_B,PRESS_02,Normal,0,98.72,0,False
LOT002218,MODEL_B,PRESS_03,Normal,0,99.55,0,False
LOT002219,MODEL_C,PRESS_01,Normal,0,98.02,0,False
LOT002220,MODEL_C,PRESS_01,Normal,0,98.08,0,False
LOT002221,MODEL_B,PRESS_03,Normal,0,98.55,0,False
LOT002222,MODEL_A,PRESS_01,Normal,0,99.43,0,False
LOT002223,MODEL_B,PRESS_01,Normal,0,97.92,0,False
LOT002224,MODEL_B,PRESS_02,Normal,0,98.56,0,False
LOT002225,MODEL_C,PRESS_02,Normal,0,98.31,1,True
LOT002226,MODEL_C,PRESS_02,Normal,0,98.56,0,False
LOT002227,MODEL_B,PRESS_03,Normal,0,98.07,0,False
LOT002228,MODEL_C,PRESS_03,Delamination,1,93.96,1,True
LOT002229,MODEL_A,PRESS_01,Normal,0,98.8,0,False
LOT002230,MODEL_A,PRESS_03,Normal,0,98.36,0,False
LOT002231,MODEL_A,PRESS_02,Normal,0,98.9,0,False
LOT002232,MODEL_C,PRESS_01,Normal,0,99.39,0,False
LOT002233,MODEL_A,PRESS_03,Normal,0,98.89,0,False
LOT002234,MODEL_B,PRESS_01,Normal,0,99.07,0,False
LOT002235,MODEL_C,PRESS_02,Normal,0,98.93,0,False
LOT002236,MODEL_C,PRESS_03,Normal,0,98.45,0,False
LOT002237,MODEL_C,PRESS_01,Normal,0,97.76,0,False
LOT002238,MODEL_A,PRESS_01,Normal,0,98.23,0,False
LOT002239,MODEL_B,PRESS_02,Normal,0,99.02,0,False
LOT002240,MODEL_B,PRESS_03,Normal,0,98.1,0,False
LOT002241,MODEL_C,PRESS_01,Normal,0,98.55,0,False
LOT002242,MODEL_B,PRESS_02,Normal,0,98.61,0,False
LOT002243,MODEL_B,PRESS_02,Normal,0,98.16,0,False
LOT002244,MODEL_A,PRESS_01,Delamination,1,94.76,1,True
LOT002245,MODEL_A,PRESS_03,Normal,0,98.82,0,False
LOT002246,MODEL_B,PRESS_03,Normal,0,99.25,0,False
LOT002247,MODEL_A,PRESS_02,Normal,0,99.12,0,False
LOT002248,MODEL_B,PRESS_01,Normal,0,98.96,0,False
LOT002249,MODEL_C,PRESS_01,Normal,0,97.84,0,False
LOT002250,MODEL_B,PRESS_02,Normal,0,98.15,0,False
LOT002251,MODEL_B,PRESS_02,Normal,0,98.61,0,False
LOT002252,MODEL_A,PRESS_02,Normal,0,98.52,0,False
LOT002253,MODEL_B,PRESS_01,Normal,0,98.39,0,False
LOT002254,MODEL_B,PRESS_02,Normal,0,98.58,0,False
LOT002255,MODEL_A,PRESS_01,Normal,0,99.72,0,False
LOT002256,MODEL_A,PRESS_03,Normal,0,98.57,0,False
LOT002257,MODEL_C,PRESS_03,Normal,0,98.5,0,False
LOT002258,MODEL_C,PRESS_02,Delamination,1,94.1,1,True
LOT002259,MODEL_B,PRESS_01,Normal,0,98.8,0,False
LOT002260,MODEL_C,PRESS_03,Delamination,1,94.3,1,True
LOT002261,MODEL_A,PRESS_01,Delamination,1,94.15,1,True
LOT002262,MODEL_A,PRESS_03,Normal,0,98.33,0,False
LOT002263,MODEL_C,PRESS_01,Normal,0,98.29,0,False
LOT002264,MODEL_A,PRESS_02,Normal,0,98.55,0,False
LOT002265,MODEL_B,PRESS_01,Normal,0,98.41,0,False
LOT002266,MODEL_A,PRESS_01,Normal,0,98.15,0,False
LOT002267,MODEL_A,PRESS_03,Normal,0,98.04,0,False
LOT002268,MODEL_B,PRESS_03,Delamination,1,94.38,1,True
LOT002269,MODEL_B,PRESS_01,Normal,0,98.08,0,False
LOT002270,MODEL_C,PRESS_03,Normal,0,98.71,0,False
LOT002271,MODEL_C,PRESS_01,Delamination,1,94.87,1,True
LOT002272,MODEL_B,PRESS_01,Delamination,1,93.31,1,True
LOT002273,MODEL_B,PRESS_01,Normal,0,98.57,0,False
LOT002274,MODEL_A,PRESS_02,Normal,0,98.32,0,False
LOT002275,MODEL_A,PRESS_01,Delamination,1,94.01,1,True
LOT002276,MODEL_A,PRESS_02,Delamination,4,80.07,1,True
LOT002277,MODEL_C,PRESS_01,Normal,0,98.26,0,False
LOT002278,MODEL_A,PRESS_01,Normal,0,99.01,0,False
LOT002279,MODEL_B,PRESS_02,Normal,0,99.04,0,False
LOT002280,MODEL_C,PRESS_03,Normal,0,98.65,0,False
LOT002281,MODEL_C,PRESS_03,Normal,0,98.14,0,False
LOT002282,MODEL_B,PRESS_02,Normal,0,98.49,0,False
LOT002283,MODEL_A,PRESS_01,Normal,0,99.38,0,False
LOT002284,MODEL_B,PRESS_03,Normal,0,98.39,0,False
LOT002285,MODEL_B,PRESS_03,Normal,0,99.68,0,False
LOT002286,MODEL_A,PRESS_03,Normal,0,98.73,0,False
LOT002287,MODEL_C,PRESS_03,Normal,0,98.56,0,False
LOT002288,MODEL_C,PRESS_03,Normal,0,98.56,0,False
LOT002289,MODEL_A,PRESS_03,Normal,0,98.39,0,False
LOT002290,MODEL_A,PRESS_02,Normal,0,98.46,0,False
LOT002291,MODEL_A,PRESS_02,Normal,0,99.03,0,False
LOT002292,MODEL_C,PRESS_01,Normal,0,99.27,0,False
LOT002293,MODEL_A,PRESS_01,Normal,0,98.2,0,False
LOT002294,MODEL_C,PRESS_03,Normal,0,98.69,0,False
LOT002295,MODEL_C,PRESS_03,Normal,0,97.76,0,False
LOT002296,MODEL_B,PRESS_03,Normal,0,98.16,0,False
LOT002297,MODEL_B,PRESS_01,Normal,0,98.74,0,False
LOT002298,MODEL_C,PRESS_02,Delamination,2,89.66,1,True
LOT002299,MODEL_C,PRESS_01,Normal,0,98.94,0,False
LOT002300,MODEL_A,PRESS_03,Normal,0,98.65,0,False
LOT002301,MODEL_A,PRESS_01,Normal,0,98.54,0,False
LOT002302,MODEL_B,PRESS_01,Normal,0,97.75,0,False
LOT002303,MODEL_A,PRESS_02,Normal,0,98.63,0,False
LOT002304,MODEL_A,PRESS_03,Normal,0,98.61,0,False
LOT002305,MODEL_C,PRESS_03,Normal,0,98.03,0,False
LOT002306,MODEL_B,PRESS_01,Normal,0,98.54,0,False
LOT002307,MODEL_B,PRESS_01,Delamination,1,94.17,1,True
LOT002308,MODEL_A,PRESS_01,Normal,0,98.99,0,False
LOT002309,MODEL_A,PRESS_01,Normal,0,99.37,0,False
LOT002310,MODEL_A,PRESS_02,Normal,0,97.98,0,False
LOT002311,MODEL_B,PRESS_01,Normal,0,98.01,0,False
LOT002312,MODEL_A,PRESS_01,Normal,0,98.02,0,False
LOT002313,MODEL_B,PRESS_02,Normal,0,98.71,0,False
LOT002314,MODEL_A,PRESS_01,Normal,0,98.07,0,False
LOT002315,MODEL_B,PRESS_01,Normal,0,98.58,0,False
LOT002316,MODEL_B,PRESS_01,Normal,0,98.79,0,False
LOT002317,MODEL_A,PRESS_01,Normal,0,98.0,0,False
LOT002318,MODEL_B,PRESS_02,Normal,0,98.64,0,False
LOT002319,MODEL_A,PRESS_03,Normal,0,98.76,0,False
LOT002320,MODEL_A,PRESS_03,Normal,0,97.93,0,False
LOT002321,MODEL_C,PRESS_01,Normal,0,98.32,0,False
LOT002322,MODEL_C,PRESS_01,Normal,0,98.13,0,False
LOT002323,MODEL_B,PRESS_02,Normal,0,98.57,0,False
LOT002324,MODEL_C,PRESS_02,Delamination,1,93.66,1,True
LOT002325,MODEL_B,PRESS_03,Normal,0,99.94,0,False
LOT002326,MODEL_A,PRESS_03,Normal,0,98.8,0,False
LOT002327,MODEL_C,PRESS_02,Delamination,1,93.98,1,True
LOT002328,MODEL_B,PRESS_01,Normal,0,98.65,0,False
LOT002329,MODEL_B,PRESS_01,Normal,0,98.44,0,False
LOT002330,MODEL_B,PRESS_01,Normal,0,98.42,0,False
LOT002331,MODEL_A,PRESS_01,Normal,0,98.38,0,False
LOT002332,MODEL_C,PRESS_03,Normal,0,98.49,0,False
LOT002333,MODEL_B,PRESS_01,Normal,0,98.71,0,False
LOT002334,MODEL_B,PRESS_03,Normal,0,98.15,0,False
LOT002335,MODEL_A,PRESS_02,Normal,0,97.99,0,False
LOT002336,MODEL_C,PRESS_02,Normal,0,98.93,0,False
LOT002337,MODEL_A,PRESS_02,Normal,0,99.23,0,False
LOT002338,MODEL_A,PRESS_03,Normal,0,98.52,0,False
LOT002339,MODEL_C,PRESS_01,Normal,0,98.62,0,False
LOT002340,MODEL_A,PRESS_01,Normal,0,98.56,0,False
LOT002341,MODEL_B,PRESS_02,Normal,0,98.53,0,False
LOT002342,MODEL_C,PRESS_02,Normal,0,99.01,0,False
LOT002343,MODEL_C,PRESS_02,Normal,0,98.38,0,False
LOT002344,MODEL_B,PRESS_03,Normal,0,98.97,0,False
LOT002345,MODEL_C,PRESS_02,Normal,0,98.38,0,False
LOT002346,MODEL_C,PRESS_01,Normal,0,98.46,0,False
LOT002347,MODEL_C,PRESS_01,Normal,0,98.36,0,False
LOT002348,MODEL_A,PRESS_03,Normal,0,98.03,0,False
LOT002349,MODEL_C,PRESS_01,Normal,0,98.71,0,False
LOT002350,MODEL_A,PRESS_02,Normal,0,98.81,0,False
LOT002351,MODEL_C,PRESS_02,Normal,0,98.16,0,False
LOT002352,MODEL_A,PRESS_03,Normal,0,98.7,0,False
LOT002353,MODEL_A,PRESS_03,Normal,0,98.47,0,False
LOT002354,MODEL_A,PRESS_02,Delamination,1,94.01,1,True
LOT002355,MODEL_B,PRESS_01,Normal,0,98.45,0,False
LOT002356,MODEL_A,PRESS_02,Normal,0,98.65,0,False
LOT002357,MODEL_A,PRESS_02,Normal,0,98.55,0,False
LOT002358,MODEL_B,PRESS_01,Normal,0,98.58,0,False
LOT002359,MODEL_C,PRESS_02,Normal,0,98.81,0,False
LOT002360,MODEL_B,PRESS_01,Normal,0,98.81,0,False
LOT002361,MODEL_B,PRESS_02,Normal,0,98.19,0,False
LOT002362,MODEL_B,PRESS_03,Normal,0,98.96,0,False
LOT002363,MODEL_B,PRESS_03,Normal,0,99.03,0,False
LOT002364,MODEL_B,PRESS_01,Normal,0,98.37,0,False
LOT002365,MODEL_B,PRESS_03,Normal,0,97.86,0,False
LOT002366,MODEL_A,PRESS_01,Normal,0,98.11,0,False
LOT002367,MODEL_A,PRESS_02,Normal,0,98.76,0,False
LOT002368,MODEL_C,PRESS_01,Normal,0,98.42,0,False
LOT002369,MODEL_B,PRESS_01,Normal,0,98.77,0,False
LOT002370,MODEL_A,PRESS_01,Normal,0,99.35,0,False
LOT002371,MODEL_A,PRESS_01,Normal,0,98.17,0,False
LOT002372,MODEL_C,PRESS_03,Normal,0,98.53,0,False
LOT002373,MODEL_A,PRESS_01,Normal,0,99.16,0,False
LOT002374,MODEL_A,PRESS_02,Delamination,3,84.88,1,True
LOT002375,MODEL_C,PRESS_03,Normal,0,97.96,0,False
LOT002376,MODEL_B,PRESS_03,Normal,0,98.62,0,False
LOT002377,MODEL_B,PRESS_03,Normal,0,99.27,0,False
LOT002378,MODEL_C,PRESS_01,Normal,0,98.93,0,False
LOT002379,MODEL_A,PRESS_03,Delamination,1,93.63,1,True
LOT002380,MODEL_B,PRESS_02,Normal,0,98.27,0,False
LOT002381,MODEL_C,PRESS_01,Normal,0,97.82,0,False
LOT002382,MODEL_B,PRESS_02,Normal,0,98.79,0,False
LOT002383,MODEL_A,PRESS_03,Normal,0,98.93,0,False
LOT002384,MODEL_C,PRESS_02,Normal,0,98.65,0,False
LOT002385,MODEL_C,PRESS_01,Normal,0,98.35,0,False
LOT002386,MODEL_A,PRESS_03,Normal,0,98.67,0,False
LOT002387,MODEL_A,PRESS_03,Normal,0,97.97,0,False
LOT002388,MODEL_C,PRESS_03,Delamination,1,93.94,1,True
LOT002389,MODEL_A,PRESS_03,Normal,0,98.83,0,False
LOT002390,MODEL_C,PRESS_03,Normal,0,98.86,0,False
LOT002391,MODEL_A,PRESS_02,Normal,0,98.73,1,True
LOT002392,MODEL_C,PRESS_01,Normal,0,97.84,0,False
LOT002393,MODEL_C,PRESS_02,Normal,0,98.07,0,False
LOT002394,MODEL_B,PRESS_01,Normal,0,98.35,0,False
LOT002395,MODEL_A,PRESS_02,Delamination,1,94.53,1,True
LOT002396,MODEL_B,PRESS_02,Delamination,1,93.94,1,True
LOT002397,MODEL_C,PRESS_03,Normal,0,98.51,0,False
LOT002398,MODEL_C,PRESS_01,Normal,0,98.74,0,False
LOT002399,MODEL_A,PRESS_01,Normal,0,98.56,0,False
LOT002400,MODEL_B,PRESS_03,Normal,0,98.58,0,False
LOT002401,MODEL_C,PRESS_01,Normal,0,98.21,0,False
LOT002402,MODEL_A,PRESS_02,Normal,0,98.3,0,False
LOT002403,MODEL_C,PRESS_03,Normal,0,98.66,0,False
LOT002404,MODEL_A,PRESS_02,Normal,0,99.24,0,False
LOT002405,MODEL_C,PRESS_02,Delamination,1,93.73,1,True
LOT002406,MODEL_A,PRESS_03,Delamination,1,93.96,1,True
LOT002407,MODEL_A,PRESS_02,Normal,0,98.71,0,False
LOT002408,MODEL_B,PRESS_03,Normal,0,99.27,0,False
LOT002409,MODEL_B,PRESS_02,Delamination,1,94.46,1,True
LOT002410,MODEL_A,PRESS_01,Normal,0,98.05,0,False
LOT002411,MODEL_B,PRESS_02,Normal,0,98.41,0,False
LOT002412,MODEL_A,PRESS_01,Normal,0,98.37,0,False
LOT002413,MODEL_C,PRESS_03,Delamination,1,93.61,1,True
LOT002414,MODEL_A,PRESS_02,Delamination,3,85.07,1,True
LOT002415,MODEL_B,PRESS_02,Normal,0,99.23,0,False
LOT002416,MODEL_C,PRESS_02,Normal,0,98.65,0,False
LOT002417,MODEL_A,PRESS_02,Normal,0,98.69,0,False
LOT002418,MODEL_A,PRESS_01,Normal,0,98.13,0,False
LOT002419,MODEL_C,PRESS_01,Normal,0,99.0,0,False
LOT002420,MODEL_A,PRESS_02,Normal,0,98.75,0,False
LOT002421,MODEL_C,PRESS_01,Normal,0,98.73,0,False
LOT002422,MODEL_B,PRESS_03,Normal,0,98.97,0,False
LOT002423,MODEL_C,PRESS_01,Normal,0,98.34,0,False
LOT002424,MODEL_A,PRESS_03,Normal,0,97.99,0,False
LOT002425,MODEL_A,PRESS_02,Delamination,1,94.2,1,True
LOT002426,MODEL_C,PRESS_02,Normal,0,98.5,0,False
LOT002427,MODEL_C,PRESS_01,Normal,0,98.43,0,False
LOT002428,MODEL_C,PRESS_02,Normal,0,99.25,0,False
LOT002429,MODEL_A,PRESS_03,Normal,0,99.06,0,False
LOT002430,MODEL_B,PRESS_01,Delamination,1,94.2,1,True
LOT002431,MODEL_B,PRESS_01,Normal,0,98.18,0,False
LOT002432,MODEL_B,PRESS_02,Normal,0,100.0,0,False
LOT002433,MODEL_A,PRESS_01,Normal,0,98.8,0,False
LOT002434,MODEL_B,PRESS_01,Normal,0,98.58,0,False
LOT002435,MODEL_B,PRESS_02,Normal,0,98.34,0,False
LOT002436,MODEL_A,PRESS_02,Delamination,1,94.0,1,True
LOT002437,MODEL_B,PRESS_02,Normal,0,98.21,0,False
LOT002438,MODEL_A,PRESS_03,Normal,0,98.1,0,False
LOT002439,MODEL_A,PRESS_03,Normal,0,98.51,0,False
LOT002440,MODEL_A,PRESS_01,Delamination,1,94.52,1,True
LOT002441,MODEL_B,PRESS_02,Normal,0,98.57,0,False
LOT002442,MODEL_A,PRESS_01,Normal,0,97.46,0,False
LOT002443,MODEL_B,PRESS_01,Normal,0,99.27,0,False
LOT002444,MODEL_B,PRESS_01,Normal,0,98.0,0,False
LOT002445,MODEL_C,PRESS_02,Normal,0,98.21,0,False
LOT002446,MODEL_A,PRESS_03,Normal,0,99.0,0,False
LOT002447,MODEL_B,PRESS_03,Normal,0,98.85,0,False
LOT002448,MODEL_A,PRESS_02,Normal,0,99.16,0,False
LOT002449,MODEL_B,PRESS_03,Normal,0,98.93,0,False
LOT002450,MODEL_B,PRESS_01,Normal,0,98.98,0,False
LOT002451,MODEL_C,PRESS_03,Normal,0,98.28,0,False
LOT002452,MODEL_B,PRESS_03,Normal,0,98.35,0,False
LOT002453,MODEL_C,PRESS_01,Delamination,1,94.22,1,True
LOT002454,MODEL_A,PRESS_02,Delamination,6,71.43,1,True
LOT002455,MODEL_A,PRESS_03,Normal,0,98.67,0,False
LOT002456,MODEL_A,PRESS_02,Delamination,3,85.63,1,True
LOT002457,MODEL_B,PRESS_03,Normal,0,98.92,0,False
LOT002458,MODEL_A,PRESS_03,Normal,0,99.16,0,False
LOT002459,MODEL_A,PRESS_02,Normal,0,98.53,0,False
LOT002460,MODEL_A,PRESS_01,Normal,0,98.53,0,False
LOT002461,MODEL_C,PRESS_02,Normal,0,98.99,0,False
LOT002462,MODEL_C,PRESS_01,Normal,0,97.59,0,False
LOT002463,MODEL_A,PRESS_02,Delamination,1,94.6,1,True
LOT002464,MODEL_C,PRESS_02,Normal,0,98.48,0,False
LOT002465,MODEL_A,PRESS_02,Delamination,1,93.91,1,True
LOT002466,MODEL_B,PRESS_01,Delamination,1,93.72,1,True
LOT002467,MODEL_A,PRESS_01,Normal,0,98.7,0,False
LOT002468,MODEL_B,PRESS_03,Normal,0,98.92,0,False
LOT002469,MODEL_C,PRESS_01,Normal,0,98.69,0,False
LOT002470,MODEL_C,PRESS_01,Normal,0,98.0,0,False
LOT002471,MODEL_B,PRESS_03,Normal,0,99.17,0,False
LOT002472,MODEL_B,PRESS_01,Delamination,1,93.34,1,True
LOT002473,MODEL_C,PRESS_02,Delamination,2,89.81,1,True
LOT002474,MODEL_A,PRESS_01,Normal,0,98.27,0,False
LOT002475,MODEL_B,PRESS_01,Normal,0,98.29,0,False
LOT002476,MODEL_A,PRESS_02,Delamination,1,93.32,2,True
LOT002477,MODEL_C,PRESS_02,Delamination,1,93.48,1,True
LOT002478,MODEL_B,PRESS_01,Normal,0,99.21,0,False
LOT002479,MODEL_B,PRESS_01,Normal,0,98.59,0,False
LOT002480,MODEL_B,PRESS_01,Normal,0,98.55,0,False
LOT002481,MODEL_A,PRESS_02,Normal,0,98.61,0,False
LOT002482,MODEL_A,PRESS_03,Normal,0,98.95,0,False
LOT002483,MODEL_C,PRESS_01,Normal,0,98.61,0,False
LOT002484,MODEL_A,PRESS_01,Normal,0,98.69,0,False
LOT002485,MODEL_A,PRESS_02,Normal,0,98.68,0,False
LOT002486,MODEL_A,PRESS_02,Normal,0,98.55,0,False
LOT002487,MODEL_C,PRESS_01,Normal,0,98.41,0,False
LOT002488,MODEL_A,PRESS_01,Delamination,1,94.39,1,True
LOT002489,MODEL_C,PRESS_02,Normal,0,98.32,0,False
LOT002490,MODEL_B,PRESS_02,Normal,0,99.07,0,False
LOT002491,MODEL_C,PRESS_02,Normal,0,99.01,0,False
LOT002492,MODEL_B,PRESS_01,Normal,0,99.01,0,False
LOT002493,MODEL_A,PRESS_03,Normal,0,98.19,0,False
LOT002494,MODEL_B,PRESS_02,Normal,0,99.09,0,False
LOT002495,MODEL_B,PRESS_02,Normal,0,98.95,0,False
LOT002496,MODEL_A,PRESS_01,Normal,0,97.97,0,False
LOT002497,MODEL_B,PRESS_03,Delamination,1,93.89,1,True
LOT002498,MODEL_A,PRESS_03,Delamination,1,94.92,1,True
LOT002499,MODEL_C,PRESS_01,Normal,0,98.51,0,False
LOT002500,MODEL_C,PRESS_03,Normal,0,99.25,0,False
LOT002501,MODEL_A,PRESS_03,Normal,0,99.05,0,False
LOT002502,MODEL_B,PRESS_01,Normal,0,98.29,0,False
LOT002503,MODEL_B,PRESS_03,Normal,0,98.81,0,False
LOT002504,MODEL_A,PRESS_01,Normal,0,98.56,0,False
LOT002505,MODEL_B,PRESS_01,Delamination,1,93.41,1,True
LOT002506,MODEL_A,PRESS_01,Normal,0,98.42,0,False
LOT002507,MODEL_A,PRESS_02,Normal,0,99.0,0,False
LOT002508,MODEL_C,PRESS_02,Delamination,1,94.03,1,True
LOT002509,MODEL_B,PRESS_02,Normal,0,98.16,0,False
LOT002510,MODEL_C,PRESS_01,Normal,0,99.07,0,False
LOT002511,MODEL_B,PRESS_01,Normal,0,98.56,0,False
LOT002512,MODEL_C,PRESS_03,Delamination,1,94.68,1,True
LOT002513,MODEL_C,PRESS_03,Normal,0,98.16,0,False
LOT002514,MODEL_B,PRESS_03,Normal,0,99.31,0,False
LOT002515,MODEL_B,PRESS_01,Normal,0,98.81,0,False
LOT002516,MODEL_B,PRESS_03,Normal,0,98.91,0,False
LOT002517,MODEL_C,PRESS_03,Normal,0,98.86,0,False
LOT002518,MODEL_B,PRESS_02,Normal,0,98.53,0,False
LOT002519,MODEL_B,PRESS_01,Normal,0,98.07,0,False
LOT002520,MODEL_A,PRESS_03,Delamination,1,93.64,1,True
LOT002521,MODEL_C,PRESS_02,Delamination,3,85.52,1,True
LOT002522,MODEL_B,PRESS_01,Normal,0,98.56,0,False
LOT002523,MODEL_A,PRESS_01,Normal,0,98.91,0,False
LOT002524,MODEL_B,PRESS_02,Normal,0,98.72,0,False
LOT002525,MODEL_B,PRESS_01,Normal,0,98.6,0,False
LOT002526,MODEL_A,PRESS_01,Normal,0,98.66,0,False
LOT002527,MODEL_C,PRESS_02,Normal,0,99.08,0,False
LOT002528,MODEL_C,PRESS_03,Normal,0,98.24,0,False
LOT002529,MODEL_C,PRESS_01,Normal,0,98.51,0,False
LOT002530,MODEL_B,PRESS_02,Normal,0,98.92,0,False
LOT002531,MODEL_A,PRESS_03,Normal,0,97.55,0,False
LOT002532,MODEL_A,PRESS_03,Normal,0,98.73,0,False
LOT002533,MODEL_C,PRESS_03,Normal,0,98.28,0,False
LOT002534,MODEL_A,PRESS_01,Normal,0,98.84,0,False
LOT002535,MODEL_C,PRESS_03,Normal,0,97.92,0,False
LOT002536,MODEL_C,PRESS_03,Normal,0,98.95,0,False
LOT002537,MODEL_A,PRESS_01,Normal,0,97.95,0,False
LOT002538,MODEL_C,PRESS_02,Normal,0,98.24,0,False
LOT002539,MODEL_A,PRESS_02,Normal,0,98.63,0,False
LOT002540,MODEL_B,PRESS_02,Normal,0,98.21,0,False
LOT002541,MODEL_B,PRESS_01,Normal,0,98.57,0,False
LOT002542,MODEL_C,PRESS_03,Normal,0,98.14,0,False
LOT002543,MODEL_B,PRESS_03,Normal,0,98.41,0,False
LOT002544,MODEL_C,PRESS_02,Normal,0,98.91,0,False
LOT002545,MODEL_B,PRESS_03,Normal,0,98.71,0,False
LOT002546,MODEL_C,PRESS_02,Delamination,3,85.69,1,True
LOT002547,MODEL_C,PRESS_03,Delamination,1,93.96,1,True
LOT002548,MODEL_C,PRESS_02,Normal,0,98.95,0,False
LOT002549,MODEL_B,PRESS_02,Normal,0,98.83,0,False
LOT002550,MODEL_B,PRESS_01,Normal,0,99.46,0,False
LOT002551,MODEL_C,PRESS_02,Delamination,1,95.3,0,True
LOT002552,MODEL_C,PRESS_01,Normal,0,98.81,0,False
LOT002553,MODEL_C,PRESS_01,Normal,0,98.33,0,False
LOT002554,MODEL_B,PRESS_01,Normal,0,98.34,0,False
LOT002555,MODEL_C,PRESS_03,Normal,0,98.97,0,False
LOT002556,MODEL_C,PRESS_01,Normal,0,98.39,0,False
LOT002557,MODEL_C,PRESS_03,Normal,0,98.7,0,False
LOT002558,MODEL_A,PRESS_03,Normal,0,98.12,0,False
LOT002559,MODEL_B,PRESS_01,Normal,0,98.51,0,False
LOT002560,MODEL_C,PRESS_02,Normal,0,98.52,0,False
LOT002561,MODEL_C,PRESS_02,Normal,0,98.5,0,False
LOT002562,MODEL_C,PRESS_02,Delamination,1,94.62,1,True
LOT002563,MODEL_A,PRESS_03,Normal,0,98.79,0,False
LOT002564,MODEL_A,PRESS_02,Delamination,1,94.43,1,True
LOT002565,MODEL_C,PRESS_02,Normal,0,98.76,0,False
LOT002566,MODEL_C,PRESS_02,Normal,0,98.04,0,False
LOT002567,MODEL_A,PRESS_03,Normal,0,98.86,0,False
LOT002568,MODEL_B,PRESS_02,Delamination,1,93.73,1,True
LOT002569,MODEL_C,PRESS_02,Normal,0,98.33,0,False
LOT002570,MODEL_A,PRESS_03,Normal,0,98.34,0,False
LOT002571,MODEL_C,PRESS_03,Normal,0,99.34,0,False
LOT002572,MODEL_A,PRESS_03,Delamination,1,94.19,1,True
LOT002573,MODEL_A,PRESS_03,Normal,0,98.73,0,False
LOT002574,MODEL_C,PRESS_02,Normal,0,99.19,0,False
LOT002575,MODEL_B,PRESS_03,Delamination,5,75.87,1,True
LOT002576,MODEL_B,PRESS_01,Normal,0,99.19,0,False
LOT002577,MODEL_C,PRESS_01,Normal,0,98.4,0,False
LOT002578,MODEL_A,PRESS_02,Delamination,2,89.54,1,True
LOT002579,MODEL_B,PRESS_03,Normal,0,98.39,0,False
LOT002580,MODEL_B,PRESS_02,Normal,0,98.32,0,False
LOT002581,MODEL_C,PRESS_02,Normal,0,98.54,0,False
LOT002582,MODEL_A,PRESS_02,Normal,0,99.01,0,False
LOT002583,MODEL_B,PRESS_01,Normal,0,99.49,0,False
LOT002584,MODEL_B,PRESS_02,Normal,0,97.79,0,False
LOT002585,MODEL_B,PRESS_02,Delamination,1,94.66,1,True
LOT002586,MODEL_C,PRESS_02,Normal,0,98.65,0,False
LOT002587,MODEL_B,PRESS_02,Normal,0,98.52,0,False
LOT002588,MODEL_C,PRESS_01,Normal,0,98.57,0,False
LOT002589,MODEL_C,PRESS_03,Normal,0,99.15,0,False
LOT002590,MODEL_C,PRESS_02,Normal,0,98.9,0,False
LOT002591,MODEL_C,PRESS_01,Normal,0,98.34,0,False
LOT002592,MODEL_B,PRESS_02,Normal,0,98.92,0,False
LOT002593,MODEL_A,PRESS_02,Delamination,1,94.05,1,True
LOT002594,MODEL_C,PRESS_01,Normal,0,98.33,0,False
LOT002595,MODEL_B,PRESS_01,Normal,0,98.08,0,False
LOT002596,MODEL_A,PRESS_01,Normal,0,98.21,0,False
LOT002597,MODEL_A,PRESS_02,Normal,0,98.73,0,False
LOT002598,MODEL_A,PRESS_03,Delamination,1,93.86,1,True
LOT002599,MODEL_C,PRESS_03,Normal,0,98.79,0,False
LOT002600,MODEL_A,PRESS_02,Normal,0,99.03,0,False
LOT002601,MODEL_C,PRESS_03,Normal,0,98.47,0,False
LOT002602,MODEL_B,PRESS_01,Normal,0,98.5,0,False
LOT002603,MODEL_A,PRESS_03,Normal,0,97.99,0,False
LOT002604,MODEL_B,PRESS_02,Delamination,1,94.61,1,True
LOT002605,MODEL_C,PRESS_03,Normal,0,99.01,0,False
LOT002606,MODEL_C,PRESS_03,Normal,0,98.53,0,False
LOT002607,MODEL_B,PRESS_02,Normal,0,98.45,0,False
LOT002608,MODEL_B,PRESS_01,Normal,0,98.54,0,False
LOT002609,MODEL_A,PRESS_02,Normal,0,98.67,0,False
LOT002610,MODEL_A,PRESS_03,Normal,0,98.79,0,False
LOT002611,MODEL_B,PRESS_03,Normal,0,98.57,0,False
LOT002612,MODEL_B,PRESS_03,Normal,0,98.58,0,False
LOT002613,MODEL_A,PRESS_01,Normal,0,98.93,0,False
LOT002614,MODEL_C,PRESS_02,Normal,0,98.84,0,False
LOT002615,MODEL_B,PRESS_01,Normal,0,99.34,0,False
LOT002616,MODEL_A,PRESS_03,Delamination,2,90.02,1,True
LOT002617,MODEL_C,PRESS_03,Normal,0,98.09,0,False
LOT002618,MODEL_A,PRESS_01,Normal,0,98.55,0,False
LOT002619,MODEL_C,PRESS_02,Delamination,1,93.97,1,True
LOT002620,MODEL_A,PRESS_03,Normal,0,98.2,0,False
LOT002621,MODEL_B,PRESS_03,Normal,0,98.63,0,False
LOT002622,MODEL_B,PRESS_02,Normal,0,98.94,0,False
LOT002623,MODEL_C,PRESS_01,Normal,0,98.49,0,False
LOT002624,MODEL_A,PRESS_03,Normal,0,98.68,0,False
LOT002625,MODEL_C,PRESS_03,Normal,0,98.63,0,False
LOT002626,MODEL_B,PRESS_02,Normal,0,98.74,0,False
LOT002627,MODEL_A,PRESS_03,Normal,0,98.17,0,False
LOT002628,MODEL_B,PRESS_01,Normal,0,99.25,0,False
LOT002629,MODEL_C,PRESS_02,Delamination,1,94.3,1,True
LOT002630,MODEL_B,PRESS_01,Normal,0,98.36,0,False
LOT002631,MODEL_A,PRESS_03,Normal,0,99.49,0,False
LOT002632,MODEL_B,PRESS_03,Normal,0,98.41,0,False
LOT002633,MODEL_B,PRESS_03,Normal,0,98.38,0,False
LOT002634,MODEL_A,PRESS_02,Delamination,1,94.18,1,True
LOT002635,MODEL_A,PRESS_01,Normal,0,98.75,0,False
LOT002636,MODEL_C,PRESS_01,Normal,0,99.03,0,False
LOT002637,MODEL_A,PRESS_02,Delamination,2,90.11,1,True
LOT002638,MODEL_B,PRESS_03,Normal,0,98.69,0,False
LOT002639,MODEL_C,PRESS_01,Normal,0,98.76,0,False
LOT002640,MODEL_A,PRESS_03,Normal,0,98.11,0,False
LOT002641,MODEL_B,PRESS_01,Normal,0,99.31,0,False
LOT002642,MODEL_A,PRESS_02,Normal,0,98.26,0,False
LOT002643,MODEL_C,PRESS_01,Normal,0,98.7,0,False
LOT002644,MODEL_B,PRESS_02,Normal,0,99.04,0,False
LOT002645,MODEL_C,PRESS_02,Normal,0,98.35,0,False
LOT002646,MODEL_C,PRESS_01,Normal,0,99.06,0,False
LOT002647,MODEL_B,PRESS_02,Normal,0,98.36,0,False
LOT002648,MODEL_A,PRESS_03,Normal,0,98.78,0,False
LOT002649,MODEL_B,PRESS_03,Normal,0,98.74,0,False
LOT002650,MODEL_A,PRESS_01,Normal,0,97.9,0,False
LOT002651,MODEL_B,PRESS_03,Normal,0,98.67,0,False
LOT002652,MODEL_A,PRESS_03,Normal,0,98.38,0,False
LOT002653,MODEL_C,PRESS_03,Normal,0,99.31,0,False
LOT002654,MODEL_B,PRESS_02,Normal,0,98.54,0,False
LOT002655,MODEL_A,PRESS_03,Normal,0,98.54,0,False
LOT002656,MODEL_C,PRESS_02,Normal,0,98.53,0,False
LOT002657,MODEL_C,PRESS_01,Normal,0,98.29,0,False
LOT002658,MODEL_B,PRESS_01,Normal,0,99.05,0,False
LOT002659,MODEL_A,PRESS_03,Normal,0,97.4,0,False
LOT002660,MODEL_B,PRESS_01,Normal,0,98.82,0,False
LOT002661,MODEL_B,PRESS_02,Delamination,1,94.33,1,True
LOT002662,MODEL_C,PRESS_03,Normal,0,97.99,0,False
LOT002663,MODEL_A,PRESS_01,Normal,0,98.56,0,False
LOT002664,MODEL_C,PRESS_02,Normal,0,98.62,0,False
LOT002665,MODEL_A,PRESS_01,Normal,0,98.53,0,False
LOT002666,MODEL_A,PRESS_02,Normal,0,98.54,0,False
LOT002667,MODEL_B,PRESS_01,Normal,0,97.98,0,False
LOT002668,MODEL_A,PRESS_03,Normal,0,98.38,0,False
LOT002669,MODEL_B,PRESS_01,Normal,0,98.88,0,False
LOT002670,MODEL_B,PRESS_03,Normal,0,98.68,0,False
LOT002671,MODEL_A,PRESS_03,Normal,0,98.32,0,False
LOT002672,MODEL_C,PRESS_03,Normal,0,98.56,0,False
LOT002673,MODEL_A,PRESS_03,Normal,0,98.64,0,False
LOT002674,MODEL_C,PRESS_01,Normal,0,98.46,0,False
LOT002675,MODEL_C,PRESS_03,Normal,0,98.6,0,False
LOT002676,MODEL_B,PRESS_02,Normal,0,98.53,0,False
LOT002677,MODEL_A,PRESS_03,Delamination,1,94.0,1,True
LOT002678,MODEL_C,PRESS_03,Normal,0,98.04,0,False
LOT002679,MODEL_A,PRESS_02,Normal,0,99.05,0,False
LOT002680,MODEL_A,PRESS_02,Normal,0,98.84,0,False
LOT002681,MODEL_C,PRESS_01,Normal,0,98.22,0,False
LOT002682,MODEL_B,PRESS_01,Normal,0,98.82,0,False
LOT002683,MODEL_C,PRESS_02,Normal,0,99.01,0,False
LOT002684,MODEL_A,PRESS_03,Delamination,1,94.03,1,True
LOT002685,MODEL_B,PRESS_02,Normal,0,98.86,0,False
LOT002686,MODEL_C,PRESS_02,Normal,0,98.43,0,False
LOT002687,MODEL_C,PRESS_01,Normal,0,98.98,0,False
LOT002688,MODEL_B,PRESS_02,Normal,0,98.42,0,False
LOT002689,MODEL_C,PRESS_02,Normal,0,98.22,0,False
LOT002690,MODEL_A,PRESS_03,Normal,0,98.04,0,False
LOT002691,MODEL_B,PRESS_03,Normal,0,97.88,0,False
LOT002692,MODEL_A,PRESS_02,Normal,0,99.65,0,False
LOT002693,MODEL_C,PRESS_03,Normal,0,98.15,0,False
LOT002694,MODEL_C,PRESS_02,Normal,0,98.69,0,False
LOT002695,MODEL_C,PRESS_03,Normal,0,98.43,0,False
LOT002696,MODEL_C,PRESS_02,Delamination,3,85.26,1,True
LOT002697,MODEL_A,PRESS_01,Normal,0,99.46,0,False
LOT002698,MODEL_B,PRESS_02,Normal,0,98.48,0,False
LOT002699,MODEL_C,PRESS_01,Normal,0,98.18,0,False
LOT002700,MODEL_A,PRESS_01,Normal,0,98.46,0,False
LOT002701,MODEL_B,PRESS_03,Normal,0,98.7,0,False
LOT002702,MODEL_C,PRESS_03,Normal,0,98.81,0,False
LOT002703,MODEL_B,PRESS_01,Normal,0,98.46,0,False
LOT002704,MODEL_C,PRESS_03,Normal,0,99.0,0,False
LOT002705,MODEL_B,PRESS_01,Normal,0,98.51,0,False
LOT002706,MODEL_B,PRESS_01,Normal,0,98.47,0,False
LOT002707,MODEL_B,PRESS_03,Normal,0,98.18,0,False
LOT002708,MODEL_B,PRESS_01,Delamination,1,94.82,1,True
LOT002709,MODEL_C,PRESS_03,Normal,0,98.37,0,False
LOT002710,MODEL_C,PRESS_03,Delamination,1,94.75,1,True
LOT002711,MODEL_A,PRESS_01,Normal,0,98.19,0,False
LOT002712,MODEL_C,PRESS_01,Normal,0,98.3,0,False
LOT002713,MODEL_B,PRESS_03,Normal,0,98.67,0,False
LOT002714,MODEL_B,PRESS_02,Delamination,1,93.88,1,True
LOT002715,MODEL_A,PRESS_02,Normal,0,98.5,0,False
LOT002716,MODEL_B,PRESS_02,Normal,0,97.81,0,False
LOT002717,MODEL_B,PRESS_02,Normal,0,98.12,1,True
LOT002718,MODEL_B,PRESS_03,Normal,0,98.8,0,False
LOT002719,MODEL_A,PRESS_02,Normal,0,98.79,0,False
LOT002720,MODEL_C,PRESS_01,Normal,0,98.19,0,False
LOT002721,MODEL_B,PRESS_02,Normal,0,98.53,0,False
LOT002722,MODEL_B,PRESS_03,Normal,0,98.04,0,False
LOT002723,MODEL_A,PRESS_01,Normal,0,98.8,0,False
LOT002724,MODEL_A,PRESS_02,Normal,0,99.14,0,False
LOT002725,MODEL_C,PRESS_03,Normal,0,97.95,0,False
LOT002726,MODEL_A,PRESS_02,Normal,0,98.74,0,False
LOT002727,MODEL_C,PRESS_01,Normal,0,97.94,0,False
LOT002728,MODEL_C,PRESS_01,Normal,0,99.13,0,False
LOT002729,MODEL_B,PRESS_02,Normal,0,99.55,0,False
LOT002730,MODEL_C,PRESS_02,Delamination,6,71.7,2,True
LOT002731,MODEL_B,PRESS_03,Delamination,2,89.19,1,True
LOT002732,MODEL_C,PRESS_02,Normal,0,98.53,0,False
LOT002733,MODEL_A,PRESS_03,Normal,0,98.71,0,False
LOT002734,MODEL_B,PRESS_01,Normal,0,98.86,0,False
LOT002735,MODEL_B,PRESS_02,Delamination,28,0.0,2,True
LOT002736,MODEL_C,PRESS_01,Delamination,1,93.92,1,True
LOT002737,MODEL_A,PRESS_02,Normal,0,99.0,0,False
LOT002738,MODEL_C,PRESS_01,Normal,0,98.79,0,False
LOT002739,MODEL_A,PRESS_02,Normal,0,98.34,0,False
LOT002740,MODEL_A,PRESS_02,Normal,0,99.35,0,False
LOT002741,MODEL_B,PRESS_01,Normal,0,98.43,0,False
LOT002742,MODEL_A,PRESS_01,Normal,0,97.89,0,False
LOT002743,MODEL_B,PRESS_02,Delamination,1,93.74,1,True
LOT002744,MODEL_C,PRESS_03,Delamination,1,94.79,1,True
LOT002745,MODEL_C,PRESS_01,Normal,0,99.03,0,False
LOT002746,MODEL_A,PRESS_02,Normal,0,98.85,0,False
LOT002747,MODEL_B,PRESS_01,Delamination,1,94.5,1,True
LOT002748,MODEL_B,PRESS_03,Normal,0,98.86,0,False
LOT002749,MODEL_A,PRESS_02,Normal,0,98.26,0,False
LOT002750,MODEL_B,PRESS_03,Normal,0,98.2,0,False
LOT002751,MODEL_B,PRESS_01,Normal,0,98.32,0,False
LOT002752,MODEL_C,PRESS_01,Normal,0,98.8,0,False
LOT002753,MODEL_A,PRESS_02,Normal,0,98.87,0,False
LOT002754,MODEL_A,PRESS_02,Normal,0,99.05,0,False
LOT002755,MODEL_C,PRESS_03,Delamination,1,94.84,1,True
LOT002756,MODEL_C,PRESS_03,Normal,0,99.15,0,False
LOT002757,MODEL_A,PRESS_03,Normal,0,99.13,0,False
LOT002758,MODEL_A,PRESS_02,Normal,0,98.77,0,False
LOT002759,MODEL_B,PRESS_02,Normal,0,98.52,0,False
LOT002760,MODEL_C,PRESS_02,Normal,0,98.67,0,False
LOT002761,MODEL_A,PRESS_01,Delamination,1,93.8,1,True
LOT002762,MODEL_A,PRESS_02,Normal,0,97.84,0,False
LOT002763,MODEL_C,PRESS_02,Normal,0,99.32,0,False
LOT002764,MODEL_C,PRESS_01,Normal,0,98.41,0,False
LOT002765,MODEL_C,PRESS_01,Normal,0,98.58,0,False
LOT002766,MODEL_C,PRESS_02,Normal,0,98.66,0,False
LOT002767,MODEL_C,PRESS_02,Normal,0,98.59,0,False
LOT002768,MODEL_A,PRESS_03,Normal,0,98.32,0,False
LOT002769,MODEL_A,PRESS_02,Normal,0,98.21,0,False
LOT002770,MODEL_A,PRESS_03,Normal,0,97.79,0,False
LOT002771,MODEL_A,PRESS_02,Normal,0,98.72,0,False
LOT002772,MODEL_C,PRESS_01,Normal,0,99.25,0,False
LOT002773,MODEL_B,PRESS_01,Normal,0,98.72,0,False
LOT002774,MODEL_A,PRESS_03,Normal,0,98.28,0,False
LOT002775,MODEL_A,PRESS_02,Normal,0,98.48,0,False
LOT002776,MODEL_A,PRESS_01,Normal,0,98.81,0,False
LOT002777,MODEL_B,PRESS_02,Normal,0,98.9,0,False
LOT002778,MODEL_B,PRESS_03,Normal,0,98.29,0,False
LOT002779,MODEL_A,PRESS_02,Delamination,8,62.1,1,True
LOT002780,MODEL_C,PRESS_01,Normal,0,98.18,0,False
LOT002781,MODEL_A,PRESS_01,Delamination,1,94.3,1,True
LOT002782,MODEL_B,PRESS_03,Normal,0,98.02,0,False
LOT002783,MODEL_B,PRESS_03,Normal,0,98.23,0,False
LOT002784,MODEL_B,PRESS_03,Normal,0,98.56,0,False
LOT002785,MODEL_C,PRESS_03,Delamination,1,94.81,1,True
LOT002786,MODEL_C,PRESS_01,Normal,0,98.36,0,False
LOT002787,MODEL_A,PRESS_01,Normal,0,98.93,0,False
LOT002788,MODEL_B,PRESS_01,Normal,0,98.04,0,False
LOT002789,MODEL_A,PRESS_01,Normal,0,98.48,0,False
LOT002790,MODEL_B,PRESS_03,Normal,0,97.86,0,False
LOT002791,MODEL_B,PRESS_03,Normal,0,98.69,0,False
LOT002792,MODEL_B,PRESS_01,Normal,0,98.3,0,False
LOT002793,MODEL_A,PRESS_03,Normal,0,98.68,0,False
LOT002794,MODEL_A,PRESS_02,Normal,0,98.29,0,False
LOT002795,MODEL_A,PRESS_01,Normal,0,99.18,0,False
LOT002796,MODEL_A,PRESS_03,Delamination,2,89.47,1,True
LOT002797,MODEL_B,PRESS_03,Normal,0,98.47,0,False
LOT002798,MODEL_C,PRESS_02,Normal,0,98.39,0,False
LOT002799,MODEL_A,PRESS_03,Normal,0,98.65,0,False
LOT002800,MODEL_A,PRESS_02,Normal,0,98.71,0,False
LOT002801,MODEL_B,PRESS_03,Normal,0,98.25,0,False
LOT002802,MODEL_C,PRESS_02,Normal,0,98.51,0,False
LOT002803,MODEL_A,PRESS_03,Normal,0,98.78,0,False
LOT002804,MODEL_A,PRESS_01,Normal,0,99.21,0,False
LOT002805,MODEL_B,PRESS_01,Normal,0,98.99,0,False
LOT002806,MODEL_B,PRESS_03,Normal,0,98.77,0,False
LOT002807,MODEL_C,PRESS_01,Normal,0,99.13,0,False
LOT002808,MODEL_A,PRESS_01,Normal,0,98.07,0,False
LOT002809,MODEL_A,PRESS_03,Normal,0,99.17,0,False
LOT002810,MODEL_B,PRESS_01,Normal,0,98.64,0,False
LOT002811,MODEL_B,PRESS_02,Normal,0,98.36,0,False
LOT002812,MODEL_C,PRESS_01,Normal,0,98.47,0,False
LOT002813,MODEL_B,PRESS_01,Normal,0,98.96,0,False
LOT002814,MODEL_B,PRESS_03,Normal,0,98.43,0,False
LOT002815,MODEL_A,PRESS_01,Normal,0,98.64,0,False
LOT002816,MODEL_A,PRESS_01,Normal,0,98.78,0,False
LOT002817,MODEL_C,PRESS_03,Normal,0,98.97,0,False
LOT002818,MODEL_A,PRESS_03,Normal,0,98.03,0,False
LOT002819,MODEL_B,PRESS_01,Normal,0,98.47,0,False
LOT002820,MODEL_C,PRESS_03,Normal,0,98.94,0,False
LOT002821,MODEL_C,PRESS_02,Delamination,6,72.16,2,True
LOT002822,MODEL_A,PRESS_03,Normal,0,98.33,0,False
LOT002823,MODEL_A,PRESS_01,Normal,0,99.32,0,False
LOT002824,MODEL_C,PRESS_03,Normal,0,98.67,0,False
LOT002825,MODEL_C,PRESS_02,Normal,0,98.03,0,False
LOT002826,MODEL_A,PRESS_03,Normal,0,98.79,0,False
LOT002827,MODEL_B,PRESS_02,Normal,0,98.48,0,False
LOT002828,MODEL_A,PRESS_03,Normal,0,98.27,0,False
LOT002829,MODEL_C,PRESS_02,Delamination,1,93.45,1,True
LOT002830,MODEL_C,PRESS_01,Normal,0,98.56,0,False
LOT002831,MODEL_A,PRESS_03,Delamination,1,94.28,1,True
LOT002832,MODEL_B,PRESS_03,Normal,0,98.71,0,False
LOT002833,MODEL_B,PRESS_01,Normal,0,98.45,0,False
LOT002834,MODEL_A,PRESS_02,Normal,0,98.05,0,False
LOT002835,MODEL_A,PRESS_02,Normal,0,99.09,0,False
LOT002836,MODEL_C,PRESS_02,Normal,0,98.74,0,False
LOT002837,MODEL_B,PRESS_03,Normal,0,97.13,0,False
LOT002838,MODEL_A,PRESS_03,Normal,0,98.31,0,False
LOT002839,MODEL_A,PRESS_01,Normal,0,98.88,0,False
LOT002840,MODEL_B,PRESS_03,Delamination,1,94.62,1,True
LOT002841,MODEL_C,PRESS_02,Normal,0,99.0,0,False
LOT002842,MODEL_B,PRESS_03,Normal,0,98.75,0,False
LOT002843,MODEL_C,PRESS_03,Normal,0,98.26,0,False
LOT002844,MODEL_B,PRESS_02,Normal,0,99.14,0,False
LOT002845,MODEL_C,PRESS_02,Normal,0,98.96,0,False
LOT002846,MODEL_C,PRESS_02,Normal,0,98.57,0,False
LOT002847,MODEL_A,PRESS_03,Normal,0,98.71,0,False
LOT002848,MODEL_A,PRESS_02,Normal,0,98.68,0,False
LOT002849,MODEL_C,PRESS_01,Normal,0,98.37,0,False
LOT002850,MODEL_C,PRESS_02,Normal,0,98.51,0,False
LOT002851,MODEL_A,PRESS_01,Normal,0,98.88,0,False
LOT002852,MODEL_B,PRESS_02,Normal,0,98.59,0,False
LOT002853,MODEL_C,PRESS_01,Normal,0,98.64,0,False
LOT002854,MODEL_C,PRESS_01,Normal,0,98.24,0,False
LOT002855,MODEL_A,PRESS_03,Normal,0,99.0,0,False
LOT002856,MODEL_C,PRESS_01,Delamination,1,94.32,1,True
LOT002857,MODEL_B,PRESS_02,Delamination,1,93.57,1,True
LOT002858,MODEL_C,PRESS_03,Normal,0,98.68,0,False
LOT002859,MODEL_A,PRESS_03,Normal,0,98.53,0,False
LOT002860,MODEL_B,PRESS_02,Delamination,1,94.85,2,True
LOT002861,MODEL_A,PRESS_01,Normal,0,98.32,0,False
LOT002862,MODEL_B,PRESS_03,Delamination,1,93.86,1,True
LOT002863,MODEL_A,PRESS_03,Normal,0,98.22,0,False
LOT002864,MODEL_B,PRESS_02,Normal,0,99.42,0,False
LOT002865,MODEL_C,PRESS_01,Normal,0,99.29,0,False
LOT002866,MODEL_B,PRESS_01,Delamination,1,94.38,1,True
LOT002867,MODEL_A,PRESS_01,Delamination,1,93.88,1,True
LOT002868,MODEL_B,PRESS_01,Normal,0,97.82,0,False
LOT002869,MODEL_B,PRESS_03,Normal,0,98.27,0,False
LOT002870,MODEL_C,PRESS_01,Delamination,1,93.16,1,True
LOT002871,MODEL_A,PRESS_01,Normal,0,98.01,0,False
LOT002872,MODEL_A,PRESS_03,Normal,0,98.26,0,False
LOT002873,MODEL_B,PRESS_03,Normal,0,98.73,0,False
LOT002874,MODEL_C,PRESS_01,Delamination,1,94.23,1,True
LOT002875,MODEL_B,PRESS_02,Normal,0,98.73,0,False
LOT002876,MODEL_A,PRESS_02,Normal,0,99.1,0,False
LOT002877,MODEL_A,PRESS_02,Normal,0,98.41,0,False
LOT002878,MODEL_C,PRESS_03,Normal,0,97.97,0,False
LOT002879,MODEL_C,PRESS_03,Normal,0,97.97,0,False
LOT002880,MODEL_A,PRESS_03,Normal,0,97.95,0,False
LOT002881,MODEL_A,PRESS_01,Normal,0,98.9,0,False
LOT002882,MODEL_A,PRESS_01,Normal,0,98.12,0,False
LOT002883,MODEL_B,PRESS_02,Normal,0,97.72,0,False
LOT002884,MODEL_C,PRESS_01,Normal,0,98.72,0,False
LOT002885,MODEL_A,PRESS_02,Normal,0,98.36,0,False
LOT002886,MODEL_C,PRESS_01,Normal,0,98.58,0,False
LOT002887,MODEL_A,PRESS_03,Normal,0,98.62,0,False
LOT002888,MODEL_C,PRESS_01,Normal,0,98.09,0,False
LOT002889,MODEL_A,PRESS_01,Normal,0,99.35,0,False
LOT002890,MODEL_C,PRESS_01,Normal,0,98.3,0,False
LOT002891,MODEL_B,PRESS_01,Normal,0,97.69,0,False
LOT002892,MODEL_A,PRESS_02,Delamination,7,67.67,2,True
LOT002893,MODEL_A,PRESS_02,Normal,0,98.83,0,False
LOT002894,MODEL_C,PRESS_03,Normal,0,97.75,0,False
LOT002895,MODEL_B,PRESS_01,Normal,0,97.9,0,False
LOT002896,MODEL_B,PRESS_02,Normal,0,99.38,0,False
LOT002897,MODEL_C,PRESS_02,Delamination,1,93.76,1,True
LOT002898,MODEL_B,PRESS_02,Normal,0,98.06,0,False
LOT002899,MODEL_B,PRESS_03,Normal,0,99.02,0,False
LOT002900,MODEL_B,PRESS_01,Normal,0,99.33,0,False
LOT002901,MODEL_A,PRESS_02,Normal,0,97.98,0,False
LOT002902,MODEL_A,PRESS_03,Normal,0,98.76,0,False
LOT002903,MODEL_A,PRESS_03,Normal,0,99.0,0,False
LOT002904,MODEL_B,PRESS_02,Normal,0,98.09,0,False
LOT002905,MODEL_B,PRESS_02,Normal,0,98.49,0,False
LOT002906,MODEL_C,PRESS_03,Normal,0,97.98,0,False
LOT002907,MODEL_C,PRESS_02,Delamination,1,93.94,1,True
LOT002908,MODEL_A,PRESS_03,Normal,0,98.96,0,False
LOT002909,MODEL_C,PRESS_01,Delamination,2,89.69,1,True
LOT002910,MODEL_C,PRESS_02,Normal,0,98.27,0,False
LOT002911,MODEL_B,PRESS_01,Normal,0,98.59,0,False
LOT002912,MODEL_B,PRESS_01,Normal,0,97.64,0,False
LOT002913,MODEL_A,PRESS_02,Normal,0,98.22,0,False
LOT002914,MODEL_A,PRESS_01,Normal,0,99.5,0,False
LOT002915,MODEL_A,PRESS_02,Delamination,1,94.29,1,True
LOT002916,MODEL_B,PRESS_02,Normal,0,99.04,0,False
LOT002917,MODEL_B,PRESS_02,Normal,0,98.21,0,False
LOT002918,MODEL_A,PRESS_03,Normal,0,98.13,0,False
LOT002919,MODEL_A,PRESS_03,Normal,0,98.19,0,False
LOT002920,MODEL_A,PRESS_02,Delamination,17,22.13,1,True
LOT002921,MODEL_B,PRESS_01,Normal,0,99.25,0,False
LOT002922,MODEL_C,PRESS_03,Normal,0,98.84,0,False
LOT002923,MODEL_B,PRESS_01,Normal,0,98.55,0,False
LOT002924,MODEL_A,PRESS_02,Normal,0,98.78,0,False
LOT002925,MODEL_A,PRESS_02,Normal,0,99.32,0,False
LOT002926,MODEL_A,PRESS_01,Normal,0,98.19,0,False
LOT002927,MODEL_C,PRESS_02,Normal,0,99.35,0,False
LOT002928,MODEL_C,PRESS_01,Normal,0,98.81,0,False
LOT002929,MODEL_A,PRESS_01,Normal,0,99.27,0,False
LOT002930,MODEL_A,PRESS_02,Normal,0,98.75,0,False
LOT002931,MODEL_A,PRESS_01,Normal,0,99.29,0,False
LOT002932,MODEL_C,PRESS_03,Normal,0,98.74,0,False
LOT002933,MODEL_A,PRESS_01,Delamination,1,94.47,1,True
LOT002934,MODEL_C,PRESS_02,Delamination,3,85.32,1,True
LOT002935,MODEL_B,PRESS_03,Normal,0,98.75,0,False
LOT002936,MODEL_A,PRESS_01,Normal,0,98.18,0,False
LOT002937,MODEL_C,PRESS_03,Normal,0,98.43,0,False
LOT002938,MODEL_B,PRESS_03,Normal,0,98.99,0,False
LOT002939,MODEL_C,PRESS_03,Normal,0,98.32,0,False
LOT002940,MODEL_A,PRESS_01,Normal,0,98.72,0,False
LOT002941,MODEL_B,PRESS_03,Normal,0,98.77,0,False
LOT002942,MODEL_B,PRESS_03,Normal,0,97.69,0,False
LOT002943,MODEL_B,PRESS_03,Delamination,1,93.42,1,True
LOT002944,MODEL_A,PRESS_01,Normal,0,99.15,0,False
LOT002945,MODEL_B,PRESS_03,Normal,0,99.05,0,False
LOT002946,MODEL_C,PRESS_01,Delamination,1,94.2,1,True
LOT002947,MODEL_C,PRESS_02,Normal,0,98.51,0,False
LOT002948,MODEL_A,PRESS_02,Delamination,1,93.93,1,True
LOT002949,MODEL_C,PRESS_02,Normal,0,98.34,0,False
LOT002950,MODEL_C,PRESS_02,Delamination,6,71.33,1,True
LOT002951,MODEL_A,PRESS_01,Normal,0,98.46,0,False
LOT002952,MODEL_A,PRESS_02,Normal,0,99.28,0,False
LOT002953,MODEL_C,PRESS_03,Normal,0,98.42,0,False
LOT002954,MODEL_A,PRESS_02,Normal,0,98.62,0,False
LOT002955,MODEL_A,PRESS_01,Normal,0,97.83,0,False
LOT002956,MODEL_B,PRESS_03,Normal,0,98.24,0,False
LOT002957,MODEL_B,PRESS_01,Normal,0,98.44,0,False
LOT002958,MODEL_B,PRESS_02,Delamination,2,89.62,1,True
LOT002959,MODEL_B,PRESS_02,Normal,0,98.49,0,False
LOT002960,MODEL_C,PRESS_02,Delamination,1,93.33,1,True
LOT002961,MODEL_C,PRESS_03,Normal,0,98.69,0,False
LOT002962,MODEL_A,PRESS_02,Delamination,2,89.8,2,True
LOT002963,MODEL_A,PRESS_03,Normal,0,99.36,0,False
LOT002964,MODEL_A,PRESS_01,Normal,0,98.45,0,False
LOT002965,MODEL_B,PRESS_03,Normal,0,98.66,0,False
LOT002966,MODEL_B,PRESS_02,Normal,0,98.48,0,False
LOT002967,MODEL_C,PRESS_01,Normal,0,98.59,0,False
LOT002968,MODEL_B,PRESS_01,Normal,0,98.73,0,False
LOT002969,MODEL_A,PRESS_03,Normal,0,98.97,0,False
LOT002970,MODEL_C,PRESS_02,Normal,0,98.77,0,False
LOT002971,MODEL_A,PRESS_02,Normal,0,98.22,0,False
LOT002972,MODEL_C,PRESS_01,Normal,0,98.15,0,False
LOT002973,MODEL_C,PRESS_02,Normal,0,98.35,0,False
LOT002974,MODEL_C,PRESS_03,Normal,0,98.23,0,False
LOT002975,MODEL_C,PRESS_01,Normal,0,98.31,0,False
LOT002976,MODEL_A,PRESS_02,Normal,0,98.06,0,False
LOT002977,MODEL_B,PRESS_02,Normal,0,98.95,0,False
LOT002978,MODEL_B,PRESS_03,Delamination,1,93.85,1,True
LOT002979,MODEL_B,PRESS_01,Normal,0,98.45,0,False
LOT002980,MODEL_C,PRESS_02,Delamination,1,94.57,1,True
LOT002981,MODEL_B,PRESS_03,Normal,0,98.3,0,False
LOT002982,MODEL_A,PRESS_01,Normal,0,98.73,0,False
LOT002983,MODEL_C,PRESS_03,Normal,0,99.19,0,False
LOT002984,MODEL_B,PRESS_03,Normal,0,97.96,0,False
LOT002985,MODEL_C,PRESS_03,Normal,0,98.7,0,False
LOT002986,MODEL_A,PRESS_02,Delamination,2,89.95,1,True
LOT002987,MODEL_C,PRESS_03,Normal,0,98.5,0,False
LOT002988,MODEL_A,PRESS_03,Normal,0,98.08,0,False
LOT002989,MODEL_B,PRESS_03,Normal,0,98.53,0,False
LOT002990,MODEL_C,PRESS_02,Normal,0,99.13,0,False
LOT002991,MODEL_B,PRESS_02,Delamination,1,93.74,1,True
LOT002992,MODEL_A,PRESS_02,Normal,0,98.79,0,False
LOT002993,MODEL_C,PRESS_01,Delamination,1,93.83,1,True
LOT002994,MODEL_C,PRESS_03,Normal,0,99.16,0,False
LOT002995,MODEL_A,PRESS_03,Normal,0,98.55,0,False
LOT002996,MODEL_A,PRESS_02,Normal,0,98.08,0,False
LOT002997,MODEL_A,PRESS_01,Normal,0,98.62,0,False
LOT002998,MODEL_A,PRESS_02,Normal,0,98.14,0,False
LOT002999,MODEL_B,PRESS_02,Delamination,10,53.53,1,True
LOT003000,MODEL_A,PRESS_02,Delamination,1,94.29,1,True
LOT003001,MODEL_C,PRESS_03,Normal,0,98.59,0,False
LOT003002,MODEL_A,PRESS_03,Normal,0,98.82,0,False
LOT003003,MODEL_B,PRESS_03,Normal,0,99.28,0,False
LOT003004,MODEL_B,PRESS_03,Normal,0,98.37,0,False
LOT003005,MODEL_B,PRESS_03,Normal,0,98.59,0,False
LOT003006,MODEL_A,PRESS_02,Delamination,1,94.18,1,True
LOT003007,MODEL_B,PRESS_02,Delamination,1,94.33,1,True
LOT003008,MODEL_B,PRESS_02,Delamination,1,94.47,1,True
LOT003009,MODEL_B,PRESS_02,Normal,0,98.47,1,True
LOT003010,MODEL_C,PRESS_03,Normal,0,98.02,0,False
LOT003011,MODEL_B,PRESS_02,Normal,0,98.77,0,False
LOT003012,MODEL_B,PRESS_02,Normal,0,98.59,0,False
LOT003013,MODEL_A,PRESS_01,Normal,0,99.26,0,False
LOT003014,MODEL_A,PRESS_03,Normal,0,98.59,0,False
LOT003015,MODEL_B,PRESS_02,Normal,0,98.59,0,False
LOT003016,MODEL_B,PRESS_02,Delamination,1,94.02,1,True
LOT003017,MODEL_C,PRESS_02,Normal,0,97.8,0,False
LOT003018,MODEL_C,PRESS_01,Normal,0,98.5,0,False
LOT003019,MODEL_A,PRESS_02,Normal,0,98.35,0,False
LOT003020,MODEL_B,PRESS_03,Delamination,1,93.07,1,True
LOT003021,MODEL_B,PRESS_02,Normal,0,98.66,1,True
LOT003022,MODEL_A,PRESS_01,Normal,0,98.52,0,False
LOT003023,MODEL_B,PRESS_02,Normal,0,97.7,0,False
LOT003024,MODEL_B,PRESS_01,Normal,0,98.32,0,False
LOT003025,MODEL_A,PRESS_02,Normal,0,98.93,0,False
LOT003026,MODEL_B,PRESS_02,Normal,0,98.36,0,False
LOT003027,MODEL_C,PRESS_01,Normal,0,98.34,0,False
LOT003028,MODEL_A,PRESS_03,Normal,0,98.38,0,False
LOT003029,MODEL_B,PRESS_01,Delamination,1,94.48,1,True
LOT003030,MODEL_A,PRESS_03,Normal,0,99.23,0,False
LOT003031,MODEL_A,PRESS_03,Normal,0,99.03,0,False
LOT003032,MODEL_C,PRESS_01,Normal,0,98.79,0,False
LOT003033,MODEL_B,PRESS_02,Normal,0,99.19,0,False
LOT003034,MODEL_A,PRESS_01,Normal,0,98.24,0,False
LOT003035,MODEL_B,PRESS_01,Normal,0,99.02,0,False
LOT003036,MODEL_A,PRESS_03,Normal,0,99.0,0,False
LOT003037,MODEL_B,PRESS_03,Normal,0,97.69,0,False
LOT003038,MODEL_A,PRESS_01,Normal,0,98.84,0,False
LOT003039,MODEL_B,PRESS_01,Delamination,1,94.95,1,True
LOT003040,MODEL_B,PRESS_01,Delamination,1,94.35,1,True
LOT003041,MODEL_B,PRESS_02,Delamination,1,94.72,1,True
LOT003042,MODEL_B,PRESS_01,Normal,0,98.61,0,False
LOT003043,MODEL_A,PRESS_01,Normal,0,98.43,0,False
LOT003044,MODEL_A,PRESS_02,Normal,0,98.6,0,False
LOT003045,MODEL_A,PRESS_01,Normal,0,98.65,0,False
LOT003046,MODEL_B,PRESS_03,Normal,0,98.35,0,False
LOT003047,MODEL_B,PRESS_03,Normal,0,98.65,0,False
LOT003048,MODEL_C,PRESS_03,Normal,0,98.71,0,False
LOT003049,MODEL_A,PRESS_01,Normal,0,98.76,0,False
LOT003050,MODEL_A,PRESS_03,Normal,0,99.42,0,False
LOT003051,MODEL_C,PRESS_03,Normal,0,98.99,0,False
LOT003052,MODEL_C,PRESS_01,Normal,0,98.58,0,False
LOT003053,MODEL_C,PRESS_03,Normal,0,98.64,0,False
LOT003054,MODEL_A,PRESS_02,Normal,0,99.16,0,False
LOT003055,MODEL_A,PRESS_03,Normal,0,98.55,0,False
LOT003056,MODEL_A,PRESS_02,Normal,0,98.06,0,False
LOT003057,MODEL_A,PRESS_03,Normal,0,98.39,0,False
LOT003058,MODEL_C,PRESS_01,Delamination,1,94.3,1,True
LOT003059,MODEL_C,PRESS_02,Normal,0,98.31,0,False
LOT003060,MODEL_C,PRESS_01,Normal,0,98.56,0,False
LOT003061,MODEL_C,PRESS_01,Normal,0,98.74,0,False
LOT003062,MODEL_B,PRESS_01,Normal,0,98.59,0,False
LOT003063,MODEL_B,PRESS_02,Delamination,3,84.4,1,True
LOT003064,MODEL_C,PRESS_01,Normal,0,98.58,0,False
LOT003065,MODEL_C,PRESS_03,Normal,0,98.52,0,False
LOT003066,MODEL_B,PRESS_02,Normal,0,98.28,0,False
LOT003067,MODEL_C,PRESS_03,Normal,0,98.68,0,False
LOT003068,MODEL_B,PRESS_03,Normal,0,98.49,0,False
LOT003069,MODEL_B,PRESS_01,Normal,0,98.34,0,False
LOT003070,MODEL_C,PRESS_01,Normal,0,98.42,0,False
LOT003071,MODEL_B,PRESS_02,Delamination,1,93.71,1,True
LOT003072,MODEL_C,PRESS_02,Normal,0,98.65,0,False
LOT003073,MODEL_B,PRESS_01,Normal,0,98.25,0,False
LOT003074,MODEL_A,PRESS_03,Normal,0,98.33,0,False
LOT003075,MODEL_A,PRESS_02,Normal,0,98.33,0,False
LOT003076,MODEL_B,PRESS_03,Normal,0,97.84,0,False
LOT003077,MODEL_B,PRESS_01,Normal,0,98.31,0,False
LOT003078,MODEL_B,PRESS_03,Normal,0,98.48,0,False
LOT003079,MODEL_C,PRESS_01,Normal,0,98.51,0,False
LOT003080,MODEL_A,PRESS_02,Normal,0,99.13,0,False
LOT003081,MODEL_A,PRESS_02,Normal,0,98.7,0,False
LOT003082,MODEL_C,PRESS_03,Normal,0,98.55,0,False
LOT003083,MODEL_B,PRESS_01,Normal,0,98.72,0,False
LOT003084,MODEL_B,PRESS_01,Normal,0,98.61,0,False
LOT003085,MODEL_A,PRESS_02,Normal,0,98.77,0,False
LOT003086,MODEL_B,PRESS_02,Delamination,1,93.79,1,True
LOT003087,MODEL_B,PRESS_01,Normal,0,98.51,0,False
LOT003088,MODEL_B,PRESS_01,Normal,0,98.17,0,False
LOT003089,MODEL_A,PRESS_01,Normal,0,98.56,0,False
LOT003090,MODEL_B,PRESS_02,Normal,0,98.39,0,False
LOT003091,MODEL_B,PRESS_02,Normal,0,99.04,0,False
LOT003092,MODEL_A,PRESS_02,Normal,0,98.67,0,False
LOT003093,MODEL_A,PRESS_03,Normal,0,99.33,0,False
LOT003094,MODEL_C,PRESS_01,Normal,0,98.81,0,False
LOT003095,MODEL_C,PRESS_03,Normal,0,99.31,0,False
LOT003096,MODEL_B,PRESS_03,Normal,0,99.25,0,False
LOT003097,MODEL_C,PRESS_01,Normal,0,98.39,0,False
LOT003098,MODEL_C,PRESS_01,Normal,0,99.07,0,False
LOT003099,MODEL_A,PRESS_01,Normal,0,98.91,0,False
LOT003100,MODEL_B,PRESS_01,Normal,0,97.86,0,False
LOT003101,MODEL_C,PRESS_02,Normal,0,98.15,0,False
LOT003102,MODEL_A,PRESS_01,Normal,0,98.3,0,False
LOT003103,MODEL_C,PRESS_01,Delamination,1,93.82,1,True
LOT003104,MODEL_A,PRESS_02,Delamination,2,89.62,1,True
LOT003105,MODEL_A,PRESS_03,Delamination,1,94.16,1,True
LOT003106,MODEL_B,PRESS_01,Normal,0,98.39,0,False
LOT003107,MODEL_B,PRESS_03,Normal,0,98.04,0,False
LOT003108,MODEL_A,PRESS_02,Normal,0,98.78,0,False
LOT003109,MODEL_A,PRESS_03,Normal,0,97.74,0,False
LOT003110,MODEL_B,PRESS_01,Delamination,1,93.61,1,True
LOT003111,MODEL_A,PRESS_02,Normal,0,98.52,0,False
LOT003112,MODEL_C,PRESS_03,Normal,0,97.78,0,False
LOT003113,MODEL_C,PRESS_01,Normal,0,98.53,0,False
LOT003114,MODEL_A,PRESS_03,Normal,0,98.25,0,False
LOT003115,MODEL_B,PRESS_02,Delamination,4,80.97,1,True
LOT003116,MODEL_A,PRESS_02,Normal,0,98.04,0,False
LOT003117,MODEL_B,PRESS_02,Normal,0,98.81,0,False
LOT003118,MODEL_C,PRESS_02,Normal,0,98.87,0,False
LOT003119,MODEL_A,PRESS_01,Normal,0,98.87,0,False
LOT003120,MODEL_A,PRESS_03,Normal,0,98.73,0,False
LOT003121,MODEL_A,PRESS_02,Normal,0,98.99,0,False
LOT003122,MODEL_C,PRESS_03,Normal,0,98.62,0,False
LOT003123,MODEL_A,PRESS_02,Normal,0,98.23,1,True
LOT003124,MODEL_B,PRESS_02,Normal,0,99.31,0,False
LOT003125,MODEL_B,PRESS_02,Normal,0,98.88,0,False
LOT003126,MODEL_A,PRESS_03,Normal,0,98.68,0,False
LOT003127,MODEL_A,PRESS_03,Delamination,1,94.2,1,True
LOT003128,MODEL_A,PRESS_03,Normal,0,98.57,0,False
LOT003129,MODEL_C,PRESS_02,Normal,0,98.68,0,False
LOT003130,MODEL_C,PRESS_03,Normal,0,99.15,0,False
LOT003131,MODEL_C,PRESS_02,Normal,0,98.18,0,False
LOT003132,MODEL_A,PRESS_02,Normal,0,98.88,0,False
LOT003133,MODEL_B,PRESS_03,Normal,0,98.36,0,False
LOT003134,MODEL_B,PRESS_01,Normal,0,97.83,0,False
LOT003135,MODEL_C,PRESS_03,Normal,0,97.75,0,False
LOT003136,MODEL_A,PRESS_01,Normal,0,98.08,0,False
LOT003137,MODEL_C,PRESS_02,Normal,0,98.22,0,False
LOT003138,MODEL_A,PRESS_02,Normal,0,97.95,0,False
LOT003139,MODEL_B,PRESS_02,Normal,0,98.7,0,False
LOT003140,MODEL_C,PRESS_02,Normal,0,98.22,0,False
LOT003141,MODEL_A,PRESS_02,Normal,0,99.06,0,False
LOT003142,MODEL_A,PRESS_02,Delamination,4,81.17,1,True
LOT003143,MODEL_C,PRESS_02,Delamination,1,94.48,1,True
LOT003144,MODEL_A,PRESS_02,Normal,0,98.97,0,False
LOT003145,MODEL_C,PRESS_03,Normal,0,99.44,0,False
LOT003146,MODEL_B,PRESS_02,Delamination,1,94.09,1,True
LOT003147,MODEL_B,PRESS_02,Normal,0,98.7,0,False
LOT003148,MODEL_C,PRESS_03,Normal,0,98.8,0,False
LOT003149,MODEL_C,PRESS_03,Normal,0,99.07,0,False
LOT003150,MODEL_A,PRESS_01,Normal,0,98.21,0,False
LOT003151,MODEL_A,PRESS_03,Normal,0,98.81,0,False
LOT003152,MODEL_A,PRESS_01,Normal,0,98.17,0,False
LOT003153,MODEL_A,PRESS_01,Normal,0,99.39,0,False
LOT003154,MODEL_C,PRESS_03,Delamination,1,94.16,1,True
LOT003155,MODEL_B,PRESS_01,Normal,0,98.69,0,False
LOT003156,MODEL_C,PRESS_03,Normal,0,98.26,0,False
LOT003157,MODEL_A,PRESS_03,Delamination,1,93.78,1,True
LOT003158,MODEL_C,PRESS_03,Normal,0,98.47,0,False
LOT003159,MODEL_C,PRESS_03,Normal,0,99.06,0,False
LOT003160,MODEL_C,PRESS_03,Normal,0,99.42,0,False
LOT003161,MODEL_B,PRESS_01,Normal,0,98.29,0,False
LOT003162,MODEL_C,PRESS_03,Normal,0,98.76,0,False
LOT003163,MODEL_B,PRESS_01,Normal,0,97.67,0,False
LOT003164,MODEL_B,PRESS_01,Normal,0,99.39,0,False
LOT003165,MODEL_B,PRESS_01,Normal,0,98.16,0,False
LOT003166,MODEL_A,PRESS_02,Normal,0,98.77,0,False
LOT003167,MODEL_C,PRESS_03,Normal,0,99.26,0,False
LOT003168,MODEL_C,PRESS_01,Normal,0,98.06,0,False
LOT003169,MODEL_C,PRESS_03,Normal,0,98.41,0,False
LOT003170,MODEL_C,PRESS_02,Normal,0,98.99,0,False
LOT003171,MODEL_B,PRESS_02,Normal,0,98.24,0,False
LOT003172,MODEL_C,PRESS_03,Normal,0,98.17,0,False
LOT003173,MODEL_A,PRESS_02,Normal,0,99.0,0,False
LOT003174,MODEL_B,PRESS_02,Normal,0,98.79,0,False
LOT003175,MODEL_A,PRESS_03,Normal,0,98.35,0,False
LOT003176,MODEL_A,PRESS_02,Normal,0,99.51,0,False
LOT003177,MODEL_B,PRESS_02,Normal,0,97.71,0,False
LOT003178,MODEL_B,PRESS_01,Normal,0,97.96,0,False
LOT003179,MODEL_C,PRESS_01,Normal,0,99.02,0,False
LOT003180,MODEL_B,PRESS_01,Normal,0,97.98,0,False
LOT003181,MODEL_B,PRESS_01,Normal,0,98.44,0,False
LOT003182,MODEL_B,PRESS_01,Normal,0,99.04,0,False
LOT003183,MODEL_B,PRESS_03,Normal,0,97.93,0,False
LOT003184,MODEL_C,PRESS_01,Normal,0,98.83,0,False
LOT003185,MODEL_A,PRESS_02,Normal,0,98.76,0,False
LOT003186,MODEL_B,PRESS_03,Normal,0,98.66,0,False
LOT003187,MODEL_B,PRESS_03,Normal,0,99.85,0,False
LOT003188,MODEL_A,PRESS_02,Delamination,1,94.35,1,True
LOT003189,MODEL_C,PRESS_01,Normal,0,98.82,0,False
LOT003190,MODEL_B,PRESS_03,Normal,0,98.8,0,False
LOT003191,MODEL_A,PRESS_01,Normal,0,98.26,0,False
LOT003192,MODEL_B,PRESS_03,Normal,0,98.99,0,False
LOT003193,MODEL_C,PRESS_03,Normal,0,98.76,0,False
LOT003194,MODEL_C,PRESS_01,Normal,0,98.33,0,False
LOT003195,MODEL_A,PRESS_03,Normal,0,98.54,0,False
LOT003196,MODEL_B,PRESS_01,Normal,0,98.41,0,False
LOT003197,MODEL_A,PRESS_01,Normal,0,98.35,0,False
LOT003198,MODEL_B,PRESS_03,Normal,0,98.66,0,False
LOT003199,MODEL_B,PRESS_03,Normal,0,98.33,0,False
LOT003200,MODEL_B,PRESS_01,Normal,0,98.45,0,False
LOT003201,MODEL_C,PRESS_03,Normal,0,98.55,0,False
LOT003202,MODEL_B,PRESS_03,Normal,0,98.43,0,False
LOT003203,MODEL_B,PRESS_03,Normal,0,98.41,0,False
LOT003204,MODEL_A,PRESS_01,Normal,0,98.76,0,False
LOT003205,MODEL_A,PRESS_01,Normal,0,98.8,0,False
LOT003206,MODEL_C,PRESS_03,Normal,0,98.23,0,False
LOT003207,MODEL_B,PRESS_03,Normal,0,97.76,0,False
LOT003208,MODEL_C,PRESS_03,Normal,0,98.72,0,False
LOT003209,MODEL_B,PRESS_02,Normal,0,98.39,0,False
LOT003210,MODEL_B,PRESS_01,Normal,0,98.77,0,False
LOT003211,MODEL_B,PRESS_03,Normal,0,98.86,0,False
LOT003212,MODEL_B,PRESS_01,Normal,0,98.98,0,False
LOT003213,MODEL_A,PRESS_02,Normal,0,97.08,0,False
LOT003214,MODEL_A,PRESS_03,Normal,0,99.26,0,False
LOT003215,MODEL_B,PRESS_02,Normal,0,98.28,0,False
LOT003216,MODEL_B,PRESS_01,Delamination,1,93.48,1,True
LOT003217,MODEL_B,PRESS_01,Normal,0,98.22,0,False
LOT003218,MODEL_B,PRESS_02,Normal,0,97.78,0,False
LOT003219,MODEL_A,PRESS_03,Normal,0,98.85,0,False
LOT003220,MODEL_C,PRESS_02,Delamination,1,94.57,1,True
LOT003221,MODEL_B,PRESS_03,Normal,0,98.33,0,False
LOT003222,MODEL_A,PRESS_01,Normal,0,98.92,0,False
LOT003223,MODEL_B,PRESS_03,Normal,0,98.74,0,False
LOT003224,MODEL_C,PRESS_03,Normal,0,98.73,0,False
LOT003225,MODEL_C,PRESS_02,Delamination,1,93.38,1,True
LOT003226,MODEL_A,PRESS_03,Normal,0,98.76,0,False
LOT003227,MODEL_C,PRESS_02,Normal,0,99.04,0,False
LOT003228,MODEL_B,PRESS_02,Normal,0,98.33,0,False
LOT003229,MODEL_B,PRESS_03,Normal,0,99.14,0,False
LOT003230,MODEL_B,PRESS_03,Normal,0,98.93,0,False
LOT003231,MODEL_C,PRESS_03,Normal,0,99.47,0,False
LOT003232,MODEL_A,PRESS_01,Delamination,1,93.96,1,True
LOT003233,MODEL_A,PRESS_03,Normal,0,98.97,0,False
LOT003234,MODEL_B,PRESS_01,Normal,0,98.97,0,False
LOT003235,MODEL_A,PRESS_02,Normal,0,98.34,0,False
LOT003236,MODEL_C,PRESS_02,Normal,0,97.8,0,False
LOT003237,MODEL_C,PRESS_02,Normal,0,98.33,0,False
LOT003238,MODEL_B,PRESS_03,Normal,0,99.04,0,False
LOT003239,MODEL_C,PRESS_03,Normal,0,98.94,0,False
LOT003240,MODEL_A,PRESS_01,Normal,0,98.82,0,False
LOT003241,MODEL_B,PRESS_01,Normal,0,98.86,0,False
LOT003242,MODEL_B,PRESS_01,Delamination,2,89.86,1,True
LOT003243,MODEL_A,PRESS_03,Normal,0,98.37,0,False
LOT003244,MODEL_A,PRESS_02,Delamination,1,94.45,1,True
LOT003245,MODEL_B,PRESS_03,Normal,0,98.26,0,False
LOT003246,MODEL_B,PRESS_03,Normal,0,98.51,0,False
LOT003247,MODEL_A,PRESS_03,Normal,0,98.45,0,False
LOT003248,MODEL_B,PRESS_01,Normal,0,99.16,0,False
LOT003249,MODEL_C,PRESS_01,Normal,0,98.4,0,False
LOT003250,MODEL_A,PRESS_02,Normal,0,98.45,0,False
LOT003251,MODEL_C,PRESS_02,Normal,0,98.66,0,False
LOT003252,MODEL_B,PRESS_03,Normal,0,98.54,0,False
LOT003253,MODEL_B,PRESS_01,Normal,0,98.12,0,False
LOT003254,MODEL_C,PRESS_02,Normal,0,99.0,0,False
LOT003255,MODEL_B,PRESS_01,Normal,0,97.73,0,False
LOT003256,MODEL_C,PRESS_01,Normal,0,98.8,0,False
LOT003257,MODEL_A,PRESS_01,Normal,0,99.05,0,False
LOT003258,MODEL_A,PRESS_01,Normal,0,98.3,0,False
LOT003259,MODEL_B,PRESS_02,Normal,0,98.26,0,False
LOT003260,MODEL_A,PRESS_02,Normal,0,98.09,0,False
LOT003261,MODEL_A,PRESS_02,Normal,0,98.27,0,False
LOT003262,MODEL_B,PRESS_02,Delamination,2,89.0,1,True
LOT003263,MODEL_C,PRESS_03,Normal,0,99.34,0,False
LOT003264,MODEL_A,PRESS_03,Normal,0,98.13,0,False
LOT003265,MODEL_C,PRESS_02,Delamination,1,94.34,1,True
LOT003266,MODEL_B,PRESS_02,Normal,0,99.37,0,False
LOT003267,MODEL_A,PRESS_03,Normal,0,97.61,0,False
LOT003268,MODEL_A,PRESS_03,Normal,0,99.01,0,False
LOT003269,MODEL_C,PRESS_01,Normal,0,98.24,0,False
LOT003270,MODEL_A,PRESS_03,Delamination,1,94.21,1,True
LOT003271,MODEL_B,PRESS_01,Normal,0,98.49,0,False
LOT003272,MODEL_C,PRESS_02,Normal,0,98.27,0,False
LOT003273,MODEL_B,PRESS_02,Delamination,21,4.01,2,True
LOT003274,MODEL_A,PRESS_02,Normal,0,98.43,0,False
LOT003275,MODEL_A,PRESS_01,Normal,0,99.09,0,False
LOT003276,MODEL_C,PRESS_03,Normal,0,98.4,0,False
LOT003277,MODEL_B,PRESS_01,Normal,0,98.66,0,False
LOT003278,MODEL_A,PRESS_01,Normal,0,98.49,0,False
LOT003279,MODEL_A,PRESS_03,Normal,0,98.34,0,False
LOT003280,MODEL_B,PRESS_03,Normal,0,98.69,0,False
LOT003281,MODEL_A,PRESS_01,Normal,0,98.85,0,False
LOT003282,MODEL_B,PRESS_03,Delamination,1,93.96,1,True
LOT003283,MODEL_A,PRESS_03,Normal,0,99.44,0,False
LOT003284,MODEL_C,PRESS_01,Normal,0,98.9,0,False
LOT003285,MODEL_B,PRESS_02,Normal,0,98.95,0,False
LOT003286,MODEL_C,PRESS_02,Normal,0,98.9,0,False
LOT003287,MODEL_A,PRESS_01,Delamination,1,94.99,1,True
LOT003288,MODEL_B,PRESS_01,Normal,0,98.95,0,False
LOT003289,MODEL_A,PRESS_01,Normal,0,99.36,0,False
LOT003290,MODEL_B,PRESS_01,Normal,0,98.92,0,False
LOT003291,MODEL_C,PRESS_02,Normal,0,98.51,0,False
LOT003292,MODEL_A,PRESS_02,Delamination,1,93.45,1,True
LOT003293,MODEL_C,PRESS_01,Normal,0,98.89,0,False
LOT003294,MODEL_B,PRESS_01,Delamination,1,93.57,1,True
LOT003295,MODEL_C,PRESS_01,Normal,0,98.66,0,False
LOT003296,MODEL_A,PRESS_03,Normal,0,98.61,0,False
LOT003297,MODEL_C,PRESS_01,Normal,0,98.58,0,False
LOT003298,MODEL_B,PRESS_03,Normal,0,98.98,0,False
LOT003299,MODEL_A,PRESS_02,Normal,0,98.15,0,False
LOT003300,MODEL_A,PRESS_03,Normal,0,99.0,0,False
LOT003301,MODEL_C,PRESS_02,Normal,0,98.12,0,False
LOT003302,MODEL_C,PRESS_01,Normal,0,99.01,0,False
LOT003303,MODEL_A,PRESS_02,Normal,0,98.69,0,False
LOT003304,MODEL_B,PRESS_01,Normal,0,98.89,0,False
LOT003305,MODEL_C,PRESS_01,Normal,0,99.43,0,False
LOT003306,MODEL_B,PRESS_01,Normal,0,98.14,0,False
LOT003307,MODEL_A,PRESS_01,Normal,0,97.89,0,False
LOT003308,MODEL_B,PRESS_01,Normal,0,98.81,0,False
LOT003309,MODEL_B,PRESS_01,Normal,0,98.33,0,False
LOT003310,MODEL_A,PRESS_03,Normal,0,99.08,0,False
LOT003311,MODEL_C,PRESS_02,Normal,0,98.25,0,False
LOT003312,MODEL_A,PRESS_02,Normal,0,98.97,0,False
LOT003313,MODEL_C,PRESS_03,Normal,0,98.74,0,False
LOT003314,MODEL_C,PRESS_01,Normal,0,98.32,0,False
LOT003315,MODEL_C,PRESS_02,Normal,0,99.11,0,False
LOT003316,MODEL_C,PRESS_03,Normal,0,98.21,0,False
LOT003317,MODEL_A,PRESS_02,Normal,0,98.66,0,False
LOT003318,MODEL_A,PRESS_02,Normal,0,98.33,0,False
LOT003319,MODEL_C,PRESS_01,Normal,0,98.85,0,False
LOT003320,MODEL_C,PRESS_01,Normal,0,98.78,0,False
LOT003321,MODEL_C,PRESS_01,Normal,0,98.61,0,False
LOT003322,MODEL_B,PRESS_01,Normal,0,98.03,0,False
LOT003323,MODEL_B,PRESS_03,Normal,0,98.5,0,False
LOT003324,MODEL_A,PRESS_02,Delamination,1,93.78,1,True
LOT003325,MODEL_A,PRESS_02,Normal,0,98.44,0,False
LOT003326,MODEL_B,PRESS_03,Normal,0,98.39,0,False
LOT003327,MODEL_A,PRESS_01,Normal,0,99.14,0,False
LOT003328,MODEL_A,PRESS_01,Normal,0,98.64,0,False
LOT003329,MODEL_A,PRESS_02,Normal,0,98.87,0,False
LOT003330,MODEL_A,PRESS_03,Normal,0,99.07,0,False
LOT003331,MODEL_C,PRESS_02,Normal,0,98.18,0,False
LOT003332,MODEL_C,PRESS_03,Normal,0,99.57,0,False
LOT003333,MODEL_C,PRESS_01,Normal,0,98.61,0,False
LOT003334,MODEL_A,PRESS_03,Normal,0,97.93,0,False
LOT003335,MODEL_B,PRESS_01,Normal,0,98.74,0,False
LOT003336,MODEL_C,PRESS_01,Normal,0,98.74,0,False
LOT003337,MODEL_B,PRESS_02,Delamination,1,93.76,1,True
LOT003338,MODEL_B,PRESS_01,Normal,0,99.68,0,False
LOT003339,MODEL_C,PRESS_03,Normal,0,97.91,0,False
LOT003340,MODEL_C,PRESS_03,Delamination,1,94.24,1,True
LOT003341,MODEL_C,PRESS_02,Normal,0,98.75,0,False
LOT003342,MODEL_B,PRESS_01,Normal,0,99.09,0,False
LOT003343,MODEL_B,PRESS_01,Normal,0,98.97,0,False
LOT003344,MODEL_C,PRESS_02,Normal,0,98.49,0,False
LOT003345,MODEL_C,PRESS_02,Normal,0,98.22,1,True
LOT003346,MODEL_B,PRESS_03,Normal,0,98.93,0,False
LOT003347,MODEL_B,PRESS_02,Delamination,8,62.45,1,True
LOT003348,MODEL_B,PRESS_01,Normal,0,98.89,0,False
LOT003349,MODEL_A,PRESS_01,Normal,0,98.51,0,False
LOT003350,MODEL_B,PRESS_03,Normal,0,98.6,0,False
LOT003351,MODEL_B,PRESS_01,Normal,0,99.37,0,False
LOT003352,MODEL_C,PRESS_03,Normal,0,98.09,0,False
LOT003353,MODEL_B,PRESS_01,Normal,0,98.27,0,False
LOT003354,MODEL_A,PRESS_03,Normal,0,98.82,0,False
LOT003355,MODEL_C,PRESS_03,Normal,0,98.28,0,False
LOT003356,MODEL_B,PRESS_02,Normal,0,99.24,0,False
LOT003357,MODEL_A,PRESS_01,Normal,0,97.28,0,False
LOT003358,MODEL_C,PRESS_03,Normal,0,98.02,0,False
LOT003359,MODEL_B,PRESS_01,Delamination,1,94.04,1,True
LOT003360,MODEL_B,PRESS_02,Normal,0,98.9,0,False
LOT003361,MODEL_C,PRESS_03,Delamination,1,93.94,1,True
LOT003362,MODEL_C,PRESS_03,Normal,0,98.67,0,False
LOT003363,MODEL_B,PRESS_01,Normal,0,99.2,0,False
LOT003364,MODEL_B,PRESS_03,Normal,0,99.03,0,False
LOT003365,MODEL_C,PRESS_01,Normal,0,98.52,0,False
LOT003366,MODEL_A,PRESS_03,Normal,0,98.7,0,False
LOT003367,MODEL_C,PRESS_02,Normal,0,98.43,0,False
LOT003368,MODEL_B,PRESS_01,Normal,0,99.67,0,False
LOT003369,MODEL_C,PRESS_02,Delamination,2,89.09,1,True
LOT003370,MODEL_B,PRESS_01,Normal,0,98.38,0,False
LOT003371,MODEL_C,PRESS_03,Normal,0,99.05,0,False
LOT003372,MODEL_A,PRESS_01,Normal,0,98.63,0,False
LOT003373,MODEL_C,PRESS_01,Normal,0,99.22,0,False
LOT003374,MODEL_A,PRESS_02,Normal,0,99.53,0,False
LOT003375,MODEL_B,PRESS_03,Normal,0,98.77,0,False
LOT003376,MODEL_A,PRESS_02,Delamination,2,89.47,1,True
LOT003377,MODEL_C,PRESS_02,Normal,0,97.99,0,False
LOT003378,MODEL_C,PRESS_02,Normal,0,98.05,0,False
LOT003379,MODEL_A,PRESS_03,Normal,0,97.58,0,False
LOT003380,MODEL_C,PRESS_02,Normal,0,98.59,0,False
LOT003381,MODEL_A,PRESS_03,Normal,0,99.27,0,False
LOT003382,MODEL_B,PRESS_03,Normal,0,98.19,0,False
LOT003383,MODEL_A,PRESS_03,Normal,0,98.9,0,False
LOT003384,MODEL_A,PRESS_03,Normal,0,98.85,0,False
LOT003385,MODEL_A,PRESS_03,Delamination,1,93.59,1,True
LOT003386,MODEL_B,PRESS_01,Normal,0,99.0,0,False
LOT003387,MODEL_B,PRESS_03,Normal,0,98.6,0,False
LOT003388,MODEL_C,PRESS_03,Normal,0,99.37,0,False
LOT003389,MODEL_A,PRESS_01,Normal,0,98.47,0,False
LOT003390,MODEL_C,PRESS_03,Normal,0,99.29,0,False
LOT003391,MODEL_A,PRESS_01,Normal,0,97.54,0,False
LOT003392,MODEL_A,PRESS_02,Normal,0,98.72,0,False
LOT003393,MODEL_A,PRESS_03,Normal,0,97.67,0,False
LOT003394,MODEL_A,PRESS_01,Normal,0,97.74,0,False
LOT003395,MODEL_B,PRESS_02,Normal,0,98.75,0,False
LOT003396,MODEL_C,PRESS_03,Delamination,1,93.4,1,True
LOT003397,MODEL_C,PRESS_02,Normal,0,97.88,0,False
LOT003398,MODEL_C,PRESS_03,Delamination,1,93.82,1,True
LOT003399,MODEL_B,PRESS_01,Delamination,1,94.31,1,True
LOT003400,MODEL_A,PRESS_03,Normal,0,98.81,0,False
LOT003401,MODEL_B,PRESS_03,Normal,0,98.72,1,True
LOT003402,MODEL_C,PRESS_03,Delamination,1,94.16,1,True
LOT003403,MODEL_A,PRESS_01,Normal,0,98.1,0,False
LOT003404,MODEL_A,PRESS_03,Normal,0,98.03,0,False
LOT003405,MODEL_C,PRESS_02,Delamination,1,94.59,1,True
LOT003406,MODEL_A,PRESS_02,Normal,0,98.6,0,False
LOT003407,MODEL_C,PRESS_02,Normal,0,98.84,0,False
LOT003408,MODEL_C,PRESS_02,Normal,0,98.46,0,False
LOT003409,MODEL_B,PRESS_02,Normal,0,98.59,0,False
LOT003410,MODEL_B,PRESS_02,Normal,0,98.83,0,False
LOT003411,MODEL_A,PRESS_01,Normal,0,98.63,0,False
LOT003412,MODEL_B,PRESS_03,Normal,0,98.14,0,False
LOT003413,MODEL_C,PRESS_01,Delamination,1,93.85,1,True
LOT003414,MODEL_C,PRESS_01,Normal,0,97.78,0,False
LOT003415,MODEL_B,PRESS_02,Normal,0,98.81,0,False
LOT003416,MODEL_C,PRESS_02,Normal,0,98.28,0,False
LOT003417,MODEL_C,PRESS_02,Normal,0,98.64,0,False
LOT003418,MODEL_A,PRESS_03,Normal,0,98.23,0,False
LOT003419,MODEL_B,PRESS_01,Normal,0,98.58,0,False
LOT003420,MODEL_B,PRESS_01,Delamination,1,94.82,1,True
LOT003421,MODEL_B,PRESS_02,Normal,0,98.41,0,False
LOT003422,MODEL_C,PRESS_03,Delamination,1,94.18,1,True
LOT003423,MODEL_C,PRESS_02,Normal,0,99.01,1,True
LOT003424,MODEL_B,PRESS_02,Normal,0,98.98,0,False
LOT003425,MODEL_A,PRESS_02,Normal,0,98.36,0,False
LOT003426,MODEL_C,PRESS_03,Normal,0,99.14,0,False
LOT003427,MODEL_C,PRESS_02,Normal,0,98.98,0,False
LOT003428,MODEL_C,PRESS_03,Delamination,1,94.26,1,True
LOT003429,MODEL_B,PRESS_03,Normal,0,97.63,0,False
LOT003430,MODEL_A,PRESS_01,Delamination,1,94.44,1,True
LOT003431,MODEL_B,PRESS_01,Normal,0,98.79,0,False
LOT003432,MODEL_A,PRESS_03,Normal,0,99.14,0,False
LOT003433,MODEL_B,PRESS_01,Normal,0,99.02,0,False
LOT003434,MODEL_C,PRESS_02,Normal,0,98.82,0,False
LOT003435,MODEL_A,PRESS_01,Normal,0,98.05,0,False
LOT003436,MODEL_C,PRESS_02,Delamination,1,93.2,1,True
LOT003437,MODEL_A,PRESS_01,Normal,0,98.96,0,False
LOT003438,MODEL_A,PRESS_02,Normal,0,98.99,0,False
LOT003439,MODEL_C,PRESS_03,Normal,0,98.35,0,False
LOT003440,MODEL_A,PRESS_03,Normal,0,98.31,0,False
LOT003441,MODEL_C,PRESS_03,Normal,0,98.27,0,False
LOT003442,MODEL_C,PRESS_01,Normal,0,98.43,0,False
LOT003443,MODEL_A,PRESS_02,Normal,0,98.38,0,False
LOT003444,MODEL_A,PRESS_01,Normal,0,98.78,0,False
LOT003445,MODEL_A,PRESS_03,Normal,0,98.42,0,False
LOT003446,MODEL_A,PRESS_03,Normal,0,98.09,0,False
LOT003447,MODEL_C,PRESS_01,Normal,0,98.96,0,False
LOT003448,MODEL_C,PRESS_02,Normal,0,98.66,0,False
LOT003449,MODEL_C,PRESS_02,Normal,0,99.1,0,False
LOT003450,MODEL_C,PRESS_02,Normal,0,98.75,0,False
LOT003451,MODEL_C,PRESS_02,Delamination,1,93.98,1,True
LOT003452,MODEL_C,PRESS_01,Normal,0,98.22,0,False
LOT003453,MODEL_C,PRESS_02,Normal,0,99.37,0,False
LOT003454,MODEL_B,PRESS_02,Delamination,1,94.21,1,True
LOT003455,MODEL_C,PRESS_03,Normal,0,98.52,0,False
LOT003456,MODEL_A,PRESS_03,Normal,0,98.18,0,False
LOT003457,MODEL_B,PRESS_03,Normal,0,97.98,0,False
LOT003458,MODEL_C,PRESS_01,Normal,0,98.41,0,False
LOT003459,MODEL_A,PRESS_03,Normal,0,99.26,0,False
LOT003460,MODEL_A,PRESS_02,Normal,0,99.04,0,False
LOT003461,MODEL_A,PRESS_02,Delamination,15,30.29,1,True
LOT003462,MODEL_A,PRESS_03,Normal,0,98.22,0,False
LOT003463,MODEL_B,PRESS_03,Normal,0,98.37,0,False
LOT003464,MODEL_C,PRESS_01,Normal,0,98.53,0,False
LOT003465,MODEL_A,PRESS_02,Normal,0,98.8,0,False
LOT003466,MODEL_C,PRESS_03,Normal,0,98.0,0,False
LOT003467,MODEL_C,PRESS_02,Normal,0,98.93,0,False
LOT003468,MODEL_C,PRESS_01,Normal,0,98.45,0,False
LOT003469,MODEL_C,PRESS_02,Normal,0,98.69,0,False
LOT003470,MODEL_A,PRESS_03,Normal,0,98.75,0,False
LOT003471,MODEL_B,PRESS_01,Normal,0,98.48,0,False
LOT003472,MODEL_C,PRESS_03,Normal,0,98.69,0,False
LOT003473,MODEL_C,PRESS_03,Normal,0,98.53,0,False
LOT003474,MODEL_B,PRESS_03,Normal,0,98.79,0,False
LOT003475,MODEL_C,PRESS_01,Normal,0,98.75,0,False
LOT003476,MODEL_C,PRESS_01,Normal,0,98.91,0,False
LOT003477,MODEL_A,PRESS_02,Normal,0,99.25,0,False
LOT003478,MODEL_C,PRESS_02,Normal,0,98.38,0,False
LOT003479,MODEL_A,PRESS_02,Normal,0,98.8,0,False
LOT003480,MODEL_B,PRESS_03,Normal,0,98.47,0,False
LOT003481,MODEL_A,PRESS_03,Normal,0,98.67,0,False
LOT003482,MODEL_C,PRESS_01,Normal,0,98.48,0,False
LOT003483,MODEL_A,PRESS_03,Normal,0,98.62,0,False
LOT003484,MODEL_B,PRESS_01,Normal,0,98.13,0,False
LOT003485,MODEL_C,PRESS_02,Normal,0,98.29,0,False
LOT003486,MODEL_C,PRESS_01,Normal,0,99.36,0,False
LOT003487,MODEL_A,PRESS_02,Normal,0,99.63,0,False
LOT003488,MODEL_C,PRESS_03,Normal,0,98.84,0,False
LOT003489,MODEL_B,PRESS_02,Normal,0,98.28,0,False
LOT003490,MODEL_C,PRESS_03,Normal,0,98.96,0,False
LOT003491,MODEL_B,PRESS_01,Normal,0,99.43,0,False
LOT003492,MODEL_A,PRESS_02,Normal,0,98.36,0,False
LOT003493,MODEL_A,PRESS_02,Delamination,26,0.0,2,True
LOT003494,MODEL_A,PRESS_03,Normal,0,98.6,0,False
LOT003495,MODEL_C,PRESS_03,Normal,0,98.82,0,False
LOT003496,MODEL_C,PRESS_02,Normal,0,98.54,0,False
LOT003497,MODEL_B,PRESS_01,Normal,0,98.7,0,False
LOT003498,MODEL_C,PRESS_02,Delamination,2,89.73,1,True
LOT003499,MODEL_A,PRESS_01,Normal,0,97.85,0,False
LOT003500,MODEL_C,PRESS_02,Normal,0,98.27,0,False
LOT003501,MODEL_A,PRESS_01,Normal,0,98.02,0,False
LOT003502,MODEL_A,PRESS_02,Normal,0,98.75,0,False
LOT003503,MODEL_C,PRESS_01,Normal,0,98.31,0,False
LOT003504,MODEL_B,PRESS_01,Normal,0,98.27,0,False
LOT003505,MODEL_A,PRESS_01,Normal,0,98.31,0,False
LOT003506,MODEL_C,PRESS_03,Normal,0,98.43,0,False
LOT003507,MODEL_A,PRESS_03,Normal,0,98.68,0,False
LOT003508,MODEL_C,PRESS_03,Delamination,1,94.1,1,True
LOT003509,MODEL_A,PRESS_01,Normal,0,98.84,0,False
LOT003510,MODEL_A,PRESS_02,Normal,0,98.97,0,False
LOT003511,MODEL_A,PRESS_03,Delamination,2,88.77,1,True
LOT003512,MODEL_B,PRESS_02,Normal,0,98.99,0,False
LOT003513,MODEL_A,PRESS_01,Normal,0,98.28,0,False
LOT003514,MODEL_A,PRESS_01,Normal,0,98.43,0,False
LOT003515,MODEL_C,PRESS_01,Delamination,1,94.8,1,True
LOT003516,MODEL_B,PRESS_03,Normal,0,98.4,0,False
LOT003517,MODEL_B,PRESS_01,Normal,0,98.71,0,False
LOT003518,MODEL_A,PRESS_03,Normal,0,98.38,0,False
LOT003519,MODEL_A,PRESS_03,Normal,0,98.69,0,False
LOT003520,MODEL_A,PRESS_03,Normal,0,99.23,0,False
LOT003521,MODEL_C,PRESS_03,Delamination,1,93.91,1,True
LOT003522,MODEL_A,PRESS_01,Normal,0,98.43,0,False
LOT003523,MODEL_A,PRESS_03,Normal,0,99.21,0,False
LOT003524,MODEL_C,PRESS_01,Normal,0,98.32,0,False
LOT003525,MODEL_B,PRESS_01,Normal,0,99.01,0,False
LOT003526,MODEL_C,PRESS_01,Normal,0,98.56,0,False
LOT003527,MODEL_B,PRESS_01,Normal,0,98.53,0,False
LOT003528,MODEL_C,PRESS_01,Normal,0,99.01,0,False
LOT003529,MODEL_C,PRESS_01,Normal,0,98.45,0,False
LOT003530,MODEL_B,PRESS_01,Normal,0,98.93,0,False
LOT003531,MODEL_C,PRESS_02,Delamination,1,94.17,1,True
LOT003532,MODEL_B,PRESS_01,Normal,0,98.04,0,False
LOT003533,MODEL_C,PRESS_01,Normal,0,98.75,0,False
LOT003534,MODEL_B,PRESS_03,Normal,0,98.62,0,False
LOT003535,MODEL_C,PRESS_01,Normal,0,97.97,0,False
LOT003536,MODEL_B,PRESS_01,Normal,0,98.31,0,False
LOT003537,MODEL_B,PRESS_01,Normal,0,98.84,0,False
LOT003538,MODEL_B,PRESS_01,Normal,0,98.59,0,False
LOT003539,MODEL_C,PRESS_02,Normal,0,97.93,0,False
LOT003540,MODEL_C,PRESS_03,Normal,0,99.4,0,False
LOT003541,MODEL_C,PRESS_03,Delamination,1,94.37,1,True
LOT003542,MODEL_C,PRESS_02,Normal,0,97.91,0,False
LOT003543,MODEL_A,PRESS_01,Normal,0,98.3,0,False
LOT003544,MODEL_C,PRESS_03,Normal,0,99.03,0,False
LOT003545,MODEL_C,PRESS_01,Normal,0,98.93,0,False
LOT003546,MODEL_A,PRESS_02,Normal,0,98.96,0,False
LOT003547,MODEL_C,PRESS_02,Delamination,2,88.49,1,True
LOT003548,MODEL_B,PRESS_03,Normal,0,99.06,0,False
LOT003549,MODEL_A,PRESS_01,Normal,0,98.89,0,False
LOT003550,MODEL_A,PRESS_02,Normal,0,99.45,0,False
LOT003551,MODEL_B,PRESS_02,Normal,0,98.47,0,False
LOT003552,MODEL_A,PRESS_02,Normal,0,98.64,0,False
LOT003553,MODEL_C,PRESS_03,Normal,0,99.33,0,False
LOT003554,MODEL_C,PRESS_03,Delamination,2,89.85,1,True
LOT003555,MODEL_C,PRESS_02,Delamination,1,93.35,1,True
LOT003556,MODEL_B,PRESS_02,Normal,0,98.91,0,False
LOT003557,MODEL_B,PRESS_03,Normal,0,98.22,0,False
LOT003558,MODEL_C,PRESS_02,Normal,0,98.54,0,False
LOT003559,MODEL_C,PRESS_01,Normal,0,98.83,0,False
LOT003560,MODEL_A,PRESS_02,Normal,0,98.51,0,False
LOT003561,MODEL_B,PRESS_01,Normal,0,98.57,0,False
LOT003562,MODEL_C,PRESS_01,Normal,0,98.94,0,False
LOT003563,MODEL_C,PRESS_02,Normal,0,98.41,0,False
LOT003564,MODEL_C,PRESS_03,Normal,0,99.05,0,False
LOT003565,MODEL_A,PRESS_03,Normal,0,99.04,0,False
LOT003566,MODEL_B,PRESS_01,Normal,0,98.98,0,False
LOT003567,MODEL_A,PRESS_02,Normal,0,98.94,0,False
LOT003568,MODEL_C,PRESS_01,Normal,0,99.36,0,False
LOT003569,MODEL_B,PRESS_03,Delamination,1,94.87,1,True
LOT003570,MODEL_A,PRESS_01,Normal,0,98.32,0,False
LOT003571,MODEL_A,PRESS_03,Normal,0,97.48,0,False
LOT003572,MODEL_C,PRESS_03,Normal,0,98.43,0,False
LOT003573,MODEL_C,PRESS_03,Normal,0,99.35,0,False
LOT003574,MODEL_C,PRESS_01,Normal,0,98.57,0,False
LOT003575,MODEL_C,PRESS_03,Normal,0,98.93,0,False
LOT003576,MODEL_C,PRESS_03,Normal,0,98.7,0,False
LOT003577,MODEL_C,PRESS_02,Delamination,1,93.88,1,True
LOT003578,MODEL_C,PRESS_03,Normal,0,99.09,0,False
LOT003579,MODEL_C,PRESS_03,Normal,0,98.84,0,False
LOT003580,MODEL_B,PRESS_01,Normal,0,98.92,0,False
LOT003581,MODEL_C,PRESS_03,Normal,0,99.52,0,False
LOT003582,MODEL_C,PRESS_03,Normal,0,98.31,0,False
LOT003583,MODEL_A,PRESS_01,Normal,0,98.69,0,False
LOT003584,MODEL_C,PRESS_01,Delamination,1,93.74,1,True
LOT003585,MODEL_B,PRESS_03,Normal,0,98.68,0,False
LOT003586,MODEL_A,PRESS_01,Normal,0,98.22,0,False
LOT003587,MODEL_A,PRESS_02,Normal,0,98.38,0,False
LOT003588,MODEL_A,PRESS_03,Normal,0,98.78,0,False
LOT003589,MODEL_C,PRESS_02,Normal,0,99.06,0,False
LOT003590,MODEL_C,PRESS_03,Normal,0,98.71,0,False
LOT003591,MODEL_A,PRESS_01,Delamination,1,93.94,1,True
LOT003592,MODEL_B,PRESS_01,Normal,0,98.72,0,False
LOT003593,MODEL_B,PRESS_03,Normal,0,98.62,0,False
LOT003594,MODEL_B,PRESS_02,Normal,0,98.17,0,False
LOT003595,MODEL_B,PRESS_01,Normal,0,98.87,0,False
LOT003596,MODEL_C,PRESS_01,Delamination,1,94.11,1,True
LOT003597,MODEL_B,PRESS_02,Normal,0,98.32,0,False
LOT003598,MODEL_B,PRESS_02,Normal,0,98.75,0,False
LOT003599,MODEL_B,PRESS_01,Normal,0,97.77,0,False
LOT003600,MODEL_B,PRESS_02,Normal,0,97.88,0,False
LOT003601,MODEL_C,PRESS_02,Normal,0,98.84,0,False
LOT003602,MODEL_B,PRESS_02,Normal,0,97.87,0,False
LOT003603,MODEL_C,PRESS_01,Normal,0,99.66,0,False
LOT003604,MODEL_B,PRESS_02,Normal,0,98.64,0,False
LOT003605,MODEL_C,PRESS_03,Normal,0,98.09,0,False
LOT003606,MODEL_C,PRESS_01,Normal,0,98.34,0,False
LOT003607,MODEL_C,PRESS_01,Normal,0,98.67,0,False
LOT003608,MODEL_B,PRESS_03,Normal,0,98.6,0,False
LOT003609,MODEL_B,PRESS_02,Delamination,1,93.51,2,True
LOT003610,MODEL_B,PRESS_03,Normal,0,98.71,0,False
LOT003611,MODEL_B,PRESS_02,Delamination,3,84.31,1,True
LOT003612,MODEL_C,PRESS_03,Normal,0,99.18,0,False
LOT003613,MODEL_C,PRESS_02,Delamination,1,93.8,1,True
LOT003614,MODEL_C,PRESS_01,Normal,0,98.41,0,False
LOT003615,MODEL_C,PRESS_03,Normal,0,99.0,0,False
LOT003616,MODEL_C,PRESS_02,Normal,0,98.85,0,False
LOT003617,MODEL_B,PRESS_01,Normal,0,99.0,0,False
LOT003618,MODEL_A,PRESS_02,Normal,0,98.94,0,False
LOT003619,MODEL_B,PRESS_02,Normal,0,98.69,0,False
LOT003620,MODEL_C,PRESS_01,Normal,0,98.07,0,False
LOT003621,MODEL_C,PRESS_03,Normal,0,97.89,0,False
LOT003622,MODEL_B,PRESS_01,Normal,0,98.61,0,False
LOT003623,MODEL_C,PRESS_01,Normal,0,98.53,0,False
LOT003624,MODEL_A,PRESS_02,Normal,0,98.86,0,False
LOT003625,MODEL_B,PRESS_03,Normal,0,98.26,0,False
LOT003626,MODEL_C,PRESS_03,Normal,0,98.18,0,False
LOT003627,MODEL_B,PRESS_03,Normal,0,98.53,0,False
LOT003628,MODEL_C,PRESS_01,Normal,0,98.41,0,False
LOT003629,MODEL_B,PRESS_03,Normal,0,97.95,0,False
LOT003630,MODEL_B,PRESS_03,Normal,0,98.6,0,False
LOT003631,MODEL_B,PRESS_02,Normal,0,99.56,0,False
LOT003632,MODEL_C,PRESS_02,Normal,0,98.64,0,False
LOT003633,MODEL_A,PRESS_01,Normal,0,99.07,0,False
LOT003634,MODEL_A,PRESS_03,Normal,0,99.27,0,False
LOT003635,MODEL_B,PRESS_03,Normal,0,98.65,0,False
LOT003636,MODEL_A,PRESS_02,Normal,0,98.83,0,False
LOT003637,MODEL_B,PRESS_02,Delamination,1,93.89,1,True
LOT003638,MODEL_B,PRESS_02,Normal,0,98.12,0,False
LOT003639,MODEL_A,PRESS_01,Delamination,1,93.79,1,True
LOT003640,MODEL_B,PRESS_02,Normal,0,99.22,0,False
LOT003641,MODEL_B,PRESS_03,Normal,0,98.44,0,False
LOT003642,MODEL_C,PRESS_03,Normal,0,98.56,0,False
LOT003643,MODEL_A,PRESS_03,Delamination,1,93.77,1,True
LOT003644,MODEL_C,PRESS_02,Normal,0,98.66,0,False
LOT003645,MODEL_B,PRESS_03,Normal,0,98.97,0,False
LOT003646,MODEL_C,PRESS_02,Delamination,3,85.88,1,True
LOT003647,MODEL_A,PRESS_02,Normal,0,97.79,0,False
LOT003648,MODEL_A,PRESS_02,Delamination,1,93.99,1,True
LOT003649,MODEL_B,PRESS_03,Normal,0,98.87,0,False
LOT003650,MODEL_B,PRESS_03,Normal,0,98.94,0,False
LOT003651,MODEL_B,PRESS_01,Normal,0,99.05,0,False
LOT003652,MODEL_A,PRESS_01,Normal,0,98.38,0,False
LOT003653,MODEL_B,PRESS_02,Normal,0,97.89,0,False
LOT003654,MODEL_C,PRESS_02,Delamination,1,94.69,1,True
LOT003655,MODEL_C,PRESS_03,Normal,0,98.79,0,False
LOT003656,MODEL_A,PRESS_02,Normal,0,98.64,0,False
LOT003657,MODEL_B,PRESS_02,Normal,0,98.9,0,False
LOT003658,MODEL_B,PRESS_03,Normal,0,98.6,0,False
LOT003659,MODEL_B,PRESS_02,Normal,0,98.87,0,False
LOT003660,MODEL_C,PRESS_02,Delamination,1,93.24,1,True
LOT003661,MODEL_B,PRESS_02,Delamination,1,94.4,1,True
LOT003662,MODEL_C,PRESS_02,Delamination,2,89.99,1,True
LOT003663,MODEL_C,PRESS_03,Normal,0,98.75,0,False
LOT003664,MODEL_A,PRESS_03,Normal,0,98.36,0,False
LOT003665,MODEL_C,PRESS_02,Normal,0,98.57,0,False
LOT003666,MODEL_A,PRESS_02,Delamination,1,94.53,1,True
LOT003667,MODEL_B,PRESS_02,Delamination,1,94.38,1,True
LOT003668,MODEL_B,PRESS_01,Normal,0,98.79,0,False
LOT003669,MODEL_B,PRESS_02,Normal,0,98.87,0,False
LOT003670,MODEL_B,PRESS_01,Normal,0,98.84,0,False
LOT003671,MODEL_A,PRESS_01,Normal,0,98.37,0,False
LOT003672,MODEL_A,PRESS_01,Normal,0,98.58,0,False
LOT003673,MODEL_C,PRESS_02,Normal,0,99.06,0,False
LOT003674,MODEL_C,PRESS_01,Normal,0,98.62,0,False
LOT003675,MODEL_C,PRESS_02,Normal,0,98.13,0,False
LOT003676,MODEL_B,PRESS_02,Normal,0,98.27,0,False
LOT003677,MODEL_C,PRESS_02,Normal,0,98.26,0,False
LOT003678,MODEL_B,PRESS_03,Normal,0,98.11,0,False
LOT003679,MODEL_A,PRESS_02,Normal,0,98.22,0,False
LOT003680,MODEL_A,PRESS_03,Normal,0,99.37,0,False
LOT003681,MODEL_A,PRESS_03,Normal,0,98.54,0,False
LOT003682,MODEL_B,PRESS_01,Normal,0,99.28,0,False
LOT003683,MODEL_C,PRESS_01,Normal,0,99.05,0,False
LOT003684,MODEL_A,PRESS_02,Normal,0,98.11,0,False
LOT003685,MODEL_B,PRESS_03,Delamination,1,93.92,1,True
LOT003686,MODEL_A,PRESS_01,Normal,0,98.23,0,False
LOT003687,MODEL_B,PRESS_01,Normal,0,98.85,0,False
LOT003688,MODEL_B,PRESS_03,Normal,0,98.64,0,False
LOT003689,MODEL_A,PRESS_03,Normal,0,97.96,0,False
LOT003690,MODEL_B,PRESS_01,Normal,0,98.48,0,False
LOT003691,MODEL_A,PRESS_02,Normal,0,98.63,0,False
LOT003692,MODEL_C,PRESS_02,Normal,0,98.72,0,False
LOT003693,MODEL_C,PRESS_01,Normal,0,98.15,0,False
LOT003694,MODEL_C,PRESS_01,Normal,0,98.37,0,False
LOT003695,MODEL_C,PRESS_02,Normal,0,98.64,0,False
LOT003696,MODEL_A,PRESS_02,Normal,0,98.66,0,False
LOT003697,MODEL_C,PRESS_01,Normal,0,98.19,0,False
LOT003698,MODEL_A,PRESS_02,Delamination,2,89.56,1,True
LOT003699,MODEL_C,PRESS_01,Normal,0,98.42,0,False
LOT003700,MODEL_C,PRESS_03,Normal,0,98.93,0,False
LOT003701,MODEL_C,PRESS_01,Normal,0,98.48,0,False
LOT003702,MODEL_C,PRESS_01,Normal,0,98.83,0,False
LOT003703,MODEL_C,PRESS_01,Normal,0,98.95,0,False
LOT003704,MODEL_C,PRESS_03,Normal,0,98.87,0,False
LOT003705,MODEL_A,PRESS_03,Delamination,1,94.47,1,True
LOT003706,MODEL_A,PRESS_02,Normal,0,98.5,0,False
LOT003707,MODEL_C,PRESS_01,Normal,0,98.09,0,False
LOT003708,MODEL_A,PRESS_03,Delamination,1,93.59,1,True
LOT003709,MODEL_B,PRESS_02,Normal,0,98.8,0,False
LOT003710,MODEL_A,PRESS_03,Normal,0,99.43,0,False
LOT003711,MODEL_B,PRESS_02,Normal,0,98.33,0,False
LOT003712,MODEL_C,PRESS_03,Normal,0,99.18,0,False
LOT003713,MODEL_C,PRESS_03,Normal,0,98.02,0,False
LOT003714,MODEL_B,PRESS_01,Normal,0,98.64,0,False
LOT003715,MODEL_B,PRESS_03,Normal,0,97.95,0,False
LOT003716,MODEL_B,PRESS_01,Normal,0,98.3,0,False
LOT003717,MODEL_B,PRESS_02,Normal,0,98.13,0,False
LOT003718,MODEL_B,PRESS_01,Normal,0,99.04,0,False
LOT003719,MODEL_C,PRESS_03,Normal,0,99.39,0,False
LOT003720,MODEL_A,PRESS_01,Normal,0,97.86,0,False
LOT003721,MODEL_B,PRESS_02,Normal,0,98.23,0,False
LOT003722,MODEL_B,PRESS_02,Normal,0,99.56,0,False
LOT003723,MODEL_B,PRESS_03,Normal,0,99.34,0,False
LOT003724,MODEL_A,PRESS_03,Normal,0,98.83,0,False
LOT003725,MODEL_A,PRESS_01,Normal,0,98.47,0,False
LOT003726,MODEL_B,PRESS_03,Normal,0,98.19,0,False
LOT003727,MODEL_C,PRESS_01,Normal,0,98.41,0,False
LOT003728,MODEL_C,PRESS_02,Normal,0,98.31,0,False
LOT003729,MODEL_C,PRESS_02,Normal,0,99.01,0,False
LOT003730,MODEL_C,PRESS_02,Normal,0,98.47,0,False
LOT003731,MODEL_B,PRESS_03,Delamination,1,94.17,1,True
LOT003732,MODEL_A,PRESS_03,Normal,0,99.68,0,False
LOT003733,MODEL_B,PRESS_02,Normal,0,98.57,0,False
LOT003734,MODEL_C,PRESS_03,Normal,0,98.57,0,False
LOT003735,MODEL_B,PRESS_01,Normal,0,99.09,0,False
LOT003736,MODEL_C,PRESS_01,Normal,0,98.93,0,False
LOT003737,MODEL_A,PRESS_02,Normal,0,98.78,0,False
LOT003738,MODEL_A,PRESS_02,Normal,0,97.86,0,False
LOT003739,MODEL_A,PRESS_03,Normal,0,99.48,0,False
LOT003740,MODEL_A,PRESS_03,Normal,0,98.92,0,False
LOT003741,MODEL_B,PRESS_01,Normal,0,98.91,0,False
LOT003742,MODEL_B,PRESS_01,Normal,0,99.14,0,False
LOT003743,MODEL_B,PRESS_03,Normal,0,99.07,0,False
LOT003744,MODEL_A,PRESS_02,Delamination,1,94.02,1,True
LOT003745,MODEL_B,PRESS_01,Normal,0,99.44,0,False
LOT003746,MODEL_A,PRESS_03,Normal,0,98.35,0,False
LOT003747,MODEL_B,PRESS_02,Normal,0,97.75,0,False
LOT003748,MODEL_A,PRESS_03,Normal,0,98.48,0,False
LOT003749,MODEL_A,PRESS_03,Normal,0,98.05,0,False
LOT003750,MODEL_A,PRESS_03,Normal,0,98.74,0,False
LOT003751,MODEL_A,PRESS_02,Normal,0,98.29,0,False
LOT003752,MODEL_B,PRESS_03,Delamination,1,94.18,1,True
LOT003753,MODEL_B,PRESS_03,Normal,0,98.47,0,False
LOT003754,MODEL_B,PRESS_01,Normal,0,98.71,0,False
LOT003755,MODEL_B,PRESS_01,Normal,0,98.26,0,False
LOT003756,MODEL_A,PRESS_01,Normal,0,98.36,0,False
LOT003757,MODEL_A,PRESS_02,Normal,0,97.92,0,False
LOT003758,MODEL_C,PRESS_02,Normal,0,98.74,0,False
LOT003759,MODEL_C,PRESS_01,Normal,0,98.94,0,False
LOT003760,MODEL_A,PRESS_02,Delamination,1,94.39,1,True
LOT003761,MODEL_A,PRESS_01,Normal,0,98.31,0,False
LOT003762,MODEL_A,PRESS_02,Normal,0,98.75,0,False
LOT003763,MODEL_A,PRESS_02,Normal,0,98.33,0,False
LOT003764,MODEL_A,PRESS_02,Normal,0,98.39,0,False
LOT003765,MODEL_B,PRESS_02,Normal,0,97.74,0,False
LOT003766,MODEL_C,PRESS_02,Delamination,2,89.7,1,True
LOT003767,MODEL_C,PRESS_03,Normal,0,98.63,0,False
LOT003768,MODEL_C,PRESS_03,Normal,0,98.75,0,False
LOT003769,MODEL_B,PRESS_03,Normal,0,99.56,0,False
LOT003770,MODEL_B,PRESS_02,Normal,0,98.1,0,False
LOT003771,MODEL_B,PRESS_02,Normal,0,99.14,0,False
LOT003772,MODEL_A,PRESS_01,Normal,0,98.81,0,False
LOT003773,MODEL_B,PRESS_02,Normal,0,98.35,0,False
LOT003774,MODEL_A,PRESS_01,Normal,0,98.97,0,False
LOT003775,MODEL_B,PRESS_02,Normal,0,98.61,0,False
LOT003776,MODEL_A,PRESS_01,Normal,0,98.74,0,False
LOT003777,MODEL_C,PRESS_02,Normal,0,98.27,0,False
LOT003778,MODEL_C,PRESS_03,Delamination,1,93.97,1,True
LOT003779,MODEL_C,PRESS_03,Normal,0,98.1,0,False
LOT003780,MODEL_A,PRESS_02,Normal,0,98.92,0,False
LOT003781,MODEL_A,PRESS_01,Normal,0,99.41,0,False
LOT003782,MODEL_C,PRESS_01,Normal,0,98.37,0,False
LOT003783,MODEL_C,PRESS_01,Normal,0,98.75,0,False
LOT003784,MODEL_B,PRESS_03,Normal,0,98.36,2,True
LOT003785,MODEL_A,PRESS_03,Normal,0,97.88,0,False
LOT003786,MODEL_B,PRESS_02,Normal,0,98.47,0,False
LOT003787,MODEL_B,PRESS_01,Normal,0,98.59,0,False
LOT003788,MODEL_C,PRESS_01,Normal,0,99.03,0,False
LOT003789,MODEL_B,PRESS_03,Normal,0,98.92,0,False
LOT003790,MODEL_A,PRESS_01,Delamination,1,94.22,1,True
LOT003791,MODEL_C,PRESS_01,Normal,0,98.81,0,False
LOT003792,MODEL_C,PRESS_01,Normal,0,97.87,0,False
LOT003793,MODEL_A,PRESS_01,Normal,0,99.85,0,False
LOT003794,MODEL_A,PRESS_02,Normal,0,97.86,0,False
LOT003795,MODEL_A,PRESS_03,Normal,0,99.23,0,False
LOT003796,MODEL_C,PRESS_01,Delamination,1,93.66,1,True
LOT003797,MODEL_B,PRESS_03,Normal,0,98.62,0,False
LOT003798,MODEL_B,PRESS_01,Normal,0,99.15,0,False
LOT003799,MODEL_C,PRESS_01,Normal,0,99.32,0,False
LOT003800,MODEL_A,PRESS_01,Normal,0,98.58,0,False
LOT003801,MODEL_A,PRESS_03,Normal,0,98.33,0,False
LOT003802,MODEL_C,PRESS_02,Normal,0,98.17,0,False
LOT003803,MODEL_B,PRESS_03,Normal,0,98.41,0,False
LOT003804,MODEL_A,PRESS_01,Normal,0,98.3,0,False
LOT003805,MODEL_C,PRESS_01,Delamination,1,94.74,1,True
LOT003806,MODEL_A,PRESS_03,Normal,0,98.19,0,False
LOT003807,MODEL_C,PRESS_01,Normal,0,98.01,0,False
LOT003808,MODEL_C,PRESS_01,Normal,0,98.33,0,False
LOT003809,MODEL_C,PRESS_02,Normal,0,99.37,0,False
LOT003810,MODEL_B,PRESS_02,Normal,0,98.28,0,False
LOT003811,MODEL_A,PRESS_01,Normal,0,98.84,0,False
LOT003812,MODEL_C,PRESS_02,Delamination,1,94.43,1,True
LOT003813,MODEL_B,PRESS_03,Normal,0,98.11,0,False
LOT003814,MODEL_B,PRESS_02,Delamination,1,94.12,1,True
LOT003815,MODEL_A,PRESS_02,Normal,0,98.64,0,False
LOT003816,MODEL_B,PRESS_01,Normal,0,98.84,0,False
LOT003817,MODEL_B,PRESS_02,Normal,0,98.96,1,True
LOT003818,MODEL_A,PRESS_03,Normal,0,98.33,0,False
LOT003819,MODEL_C,PRESS_02,Normal,0,98.46,0,False
LOT003820,MODEL_A,PRESS_03,Normal,0,98.57,0,False
LOT003821,MODEL_C,PRESS_01,Normal,0,99.72,0,False
LOT003822,MODEL_C,PRESS_01,Normal,0,98.03,0,False
LOT003823,MODEL_B,PRESS_02,Normal,0,98.53,0,False
LOT003824,MODEL_A,PRESS_01,Normal,0,98.68,0,False
LOT003825,MODEL_B,PRESS_02,Normal,0,98.23,0,False
LOT003826,MODEL_B,PRESS_03,Normal,0,98.9,0,False
LOT003827,MODEL_B,PRESS_02,Normal,0,98.23,0,False
LOT003828,MODEL_A,PRESS_02,Normal,0,98.58,0,False
LOT003829,MODEL_B,PRESS_03,Normal,0,98.11,0,False
LOT003830,MODEL_A,PRESS_01,Normal,0,98.08,0,False
LOT003831,MODEL_B,PRESS_03,Normal,0,98.43,0,False
LOT003832,MODEL_B,PRESS_01,Normal,0,98.39,0,False
LOT003833,MODEL_B,PRESS_03,Normal,0,98.64,0,False
LOT003834,MODEL_C,PRESS_02,Normal,0,98.7,0,False
LOT003835,MODEL_C,PRESS_01,Normal,0,99.27,0,False
LOT003836,MODEL_C,PRESS_03,Normal,0,98.31,0,False
LOT003837,MODEL_C,PRESS_01,Normal,0,97.73,0,False
LOT003838,MODEL_C,PRESS_02,Delamination,2,88.96,1,True
LOT003839,MODEL_A,PRESS_03,Normal,0,98.4,0,False
LOT003840,MODEL_A,PRESS_03,Normal,0,98.09,0,False
LOT003841,MODEL_B,PRESS_03,Delamination,1,94.25,1,True
LOT003842,MODEL_B,PRESS_02,Normal,0,97.79,0,False
LOT003843,MODEL_C,PRESS_02,Normal,0,98.09,0,False
LOT003844,MODEL_A,PRESS_01,Normal,0,98.1,0,False
LOT003845,MODEL_A,PRESS_03,Normal,0,98.28,0,False
LOT003846,MODEL_C,PRESS_02,Normal,0,98.26,0,False
LOT003847,MODEL_C,PRESS_03,Normal,0,98.57,0,False
LOT003848,MODEL_A,PRESS_02,Normal,0,98.7,0,False
LOT003849,MODEL_A,PRESS_03,Normal,0,98.53,0,False
LOT003850,MODEL_B,PRESS_01,Normal,0,98.57,0,False
LOT003851,MODEL_B,PRESS_03,Normal,0,98.54,0,False
LOT003852,MODEL_A,PRESS_01,Normal,0,98.02,0,False
LOT003853,MODEL_B,PRESS_01,Normal,0,98.79,0,False
LOT003854,MODEL_C,PRESS_02,Delamination,1,93.91,1,True
LOT003855,MODEL_C,PRESS_02,Normal,0,97.65,0,False
LOT003856,MODEL_C,PRESS_03,Normal,0,98.27,0,False
LOT003857,MODEL_B,PRESS_02,Normal,0,98.11,0,False
LOT003858,MODEL_C,PRESS_01,Normal,0,98.58,0,False
LOT003859,MODEL_A,PRESS_01,Normal,0,98.8,0,False
LOT003860,MODEL_A,PRESS_02,Normal,0,98.18,0,False
LOT003861,MODEL_A,PRESS_02,Normal,0,98.55,0,False
LOT003862,MODEL_C,PRESS_02,Normal,0,99.01,0,False
LOT003863,MODEL_B,PRESS_01,Normal,0,98.28,0,False
LOT003864,MODEL_A,PRESS_02,Normal,0,98.67,0,False
LOT003865,MODEL_C,PRESS_02,Delamination,1,94.07,1,True
LOT003866,MODEL_A,PRESS_03,Normal,0,98.62,0,False
LOT003867,MODEL_B,PRESS_02,Normal,0,98.72,0,False
LOT003868,MODEL_A,PRESS_03,Normal,0,98.77,0,False
LOT003869,MODEL_A,PRESS_01,Normal,0,98.55,0,False
LOT003870,MODEL_A,PRESS_03,Normal,0,98.15,0,False
LOT003871,MODEL_A,PRESS_01,Normal,0,98.58,0,False
LOT003872,MODEL_B,PRESS_01,Normal,0,98.65,0,False
LOT003873,MODEL_A,PRESS_03,Normal,0,98.27,0,False
LOT003874,MODEL_A,PRESS_02,Normal,0,98.46,0,False
LOT003875,MODEL_B,PRESS_02,Normal,0,98.57,0,False
LOT003876,MODEL_B,PRESS_02,Normal,0,98.91,0,False
LOT003877,MODEL_B,PRESS_03,Normal,0,99.57,0,False
LOT003878,MODEL_B,PRESS_01,Normal,0,98.62,0,False
LOT003879,MODEL_C,PRESS_01,Normal,0,98.82,0,False
LOT003880,MODEL_C,PRESS_01,Normal,0,98.85,0,False
LOT003881,MODEL_A,PRESS_03,Normal,0,98.69,0,False
LOT003882,MODEL_C,PRESS_01,Normal,0,98.0,0,False
LOT003883,MODEL_B,PRESS_02,Normal,0,98.11,0,False
LOT003884,MODEL_B,PRESS_02,Normal,0,98.44,0,False
LOT003885,MODEL_C,PRESS_01,Normal,0,98.19,0,False
LOT003886,MODEL_A,PRESS_02,Normal,0,98.25,0,False
LOT003887,MODEL_B,PRESS_01,Normal,0,98.04,0,False
LOT003888,MODEL_C,PRESS_01,Normal,0,98.86,0,False
LOT003889,MODEL_C,PRESS_01,Normal,0,97.74,0,False
LOT003890,MODEL_A,PRESS_03,Normal,0,98.9,0,False
LOT003891,MODEL_B,PRESS_02,Delamination,3,85.64,1,True
LOT003892,MODEL_A,PRESS_03,Normal,0,98.91,0,False
LOT003893,MODEL_A,PRESS_02,Normal,0,98.19,0,False
LOT003894,MODEL_A,PRESS_01,Normal,0,98.74,0,False
LOT003895,MODEL_B,PRESS_02,Normal,0,98.78,0,False
LOT003896,MODEL_C,PRESS_03,Normal,0,97.96,0,False
LOT003897,MODEL_B,PRESS_02,Normal,0,99.07,0,False
LOT003898,MODEL_B,PRESS_01,Normal,0,98.61,0,False
LOT003899,MODEL_C,PRESS_01,Delamination,1,94.52,1,True
LOT003900,MODEL_B,PRESS_03,Normal,0,97.95,0,False
LOT003901,MODEL_C,PRESS_02,Normal,0,98.99,0,False
LOT003902,MODEL_B,PRESS_03,Normal,0,98.96,0,False
LOT003903,MODEL_A,PRESS_02,Normal,0,99.61,0,False
LOT003904,MODEL_B,PRESS_01,Normal,0,98.28,0,False
LOT003905,MODEL_B,PRESS_03,Normal,0,97.55,0,False
LOT003906,MODEL_B,PRESS_03,Delamination,1,94.43,1,True
LOT003907,MODEL_C,PRESS_03,Normal,0,98.2,0,False
LOT003908,MODEL_A,PRESS_03,Delamination,1,94.49,1,True
LOT003909,MODEL_B,PRESS_01,Normal,0,98.12,0,False
LOT003910,MODEL_B,PRESS_03,Normal,0,98.89,0,False
LOT003911,MODEL_A,PRESS_01,Normal,0,98.42,0,False
LOT003912,MODEL_B,PRESS_03,Normal,0,98.89,0,False
LOT003913,MODEL_C,PRESS_01,Normal,0,98.76,0,False
LOT003914,MODEL_B,PRESS_02,Delamination,1,94.4,1,True
LOT003915,MODEL_A,PRESS_03,Normal,0,98.93,0,False
LOT003916,MODEL_A,PRESS_01,Normal,0,98.81,0,False
LOT003917,MODEL_B,PRESS_01,Normal,0,98.12,0,False
LOT003918,MODEL_C,PRESS_03,Normal,0,99.18,0,False
LOT003919,MODEL_A,PRESS_01,Normal,0,98.6,0,False
LOT003920,MODEL_A,PRESS_02,Delamination,1,94.31,1,True
LOT003921,MODEL_C,PRESS_03,Normal,0,98.46,0,False
LOT003922,MODEL_A,PRESS_02,Normal,0,98.97,0,False
LOT003923,MODEL_A,PRESS_02,Delamination,2,89.7,1,True
LOT003924,MODEL_A,PRESS_02,Normal,0,98.8,0,False
LOT003925,MODEL_C,PRESS_02,Delamination,4,80.24,1,True
LOT003926,MODEL_B,PRESS_02,Normal,0,98.99,0,False
LOT003927,MODEL_A,PRESS_02,Normal,0,98.71,0,False
LOT003928,MODEL_A,PRESS_01,Normal,0,97.93,0,False
LOT003929,MODEL_C,PRESS_02,Normal,0,98.3,0,False
LOT003930,MODEL_C,PRESS_03,Normal,0,98.75,0,False
LOT003931,MODEL_A,PRESS_03,Normal,0,98.94,0,False
LOT003932,MODEL_A,PRESS_01,Normal,0,98.92,0,False
LOT003933,MODEL_A,PRESS_03,Normal,0,98.17,0,False
LOT003934,MODEL_C,PRESS_03,Normal,0,98.65,0,False
LOT003935,MODEL_A,PRESS_01,Normal,0,98.2,0,False
LOT003936,MODEL_A,PRESS_03,Normal,0,98.5,0,False
LOT003937,MODEL_B,PRESS_02,Normal,0,98.27,0,False
LOT003938,MODEL_B,PRESS_02,Delamination,7,67.27,1,True
LOT003939,MODEL_B,PRESS_03,Delamination,1,94.56,1,True
LOT003940,MODEL_C,PRESS_02,Normal,0,99.27,0,False
LOT003941,MODEL_A,PRESS_02,Normal,0,98.7,0,False
LOT003942,MODEL_B,PRESS_01,Normal,0,98.41,0,False
LOT003943,MODEL_B,PRESS_03,Normal,0,97.87,0,False
LOT003944,MODEL_A,PRESS_03,Normal,0,98.84,0,False
LOT003945,MODEL_C,PRESS_01,Normal,0,99.09,0,False
LOT003946,MODEL_B,PRESS_03,Normal,0,99.19,0,False
LOT003947,MODEL_B,PRESS_01,Normal,0,98.42,0,False
LOT003948,MODEL_C,PRESS_02,Normal,0,98.55,0,False
LOT003949,MODEL_A,PRESS_03,Normal,0,98.75,0,False
LOT003950,MODEL_C,PRESS_01,Normal,0,98.63,0,False
LOT003951,MODEL_C,PRESS_02,Normal,0,98.13,0,False
LOT003952,MODEL_A,PRESS_01,Normal,0,98.05,0,False
LOT003953,MODEL_C,PRESS_03,Normal,0,99.01,0,False
LOT003954,MODEL_C,PRESS_02,Normal,0,99.16,0,False
LOT003955,MODEL_B,PRESS_02,Normal,0,98.35,0,False
LOT003956,MODEL_B,PRESS_03,Delamination,1,94.51,1,True
LOT003957,MODEL_C,PRESS_02,Normal,0,98.79,0,False
LOT003958,MODEL_A,PRESS_03,Normal,0,98.53,0,False
LOT003959,MODEL_A,PRESS_01,Normal,0,98.67,0,False
LOT003960,MODEL_B,PRESS_01,Normal,0,99.08,0,False
LOT003961,MODEL_C,PRESS_03,Normal,0,98.36,0,False
LOT003962,MODEL_B,PRESS_03,Normal,0,98.53,0,False
LOT003963,MODEL_A,PRESS_02,Normal,0,98.25,0,False
LOT003964,MODEL_B,PRESS_02,Normal,0,97.94,0,False
LOT003965,MODEL_A,PRESS_01,Normal,0,98.98,0,False
LOT003966,MODEL_C,PRESS_03,Normal,0,98.13,0,False
LOT003967,MODEL_B,PRESS_03,Normal,0,98.71,0,False
LOT003968,MODEL_B,PRESS_01,Normal,0,98.88,0,False
LOT003969,MODEL_B,PRESS_02,Delamination,1,94.0,1,True
LOT003970,MODEL_C,PRESS_02,Delamination,4,80.83,1,True
LOT003971,MODEL_C,PRESS_02,Normal,0,98.36,0,False
LOT003972,MODEL_B,PRESS_03,Normal,0,99.35,0,False
LOT003973,MODEL_B,PRESS_01,Normal,0,98.32,0,False
LOT003974,MODEL_A,PRESS_01,Normal,0,99.61,0,False
LOT003975,MODEL_B,PRESS_01,Normal,0,98.1,0,False
LOT003976,MODEL_B,PRESS_03,Normal,0,98.22,0,False
LOT003977,MODEL_B,PRESS_02,Normal,0,98.38,0,False
LOT003978,MODEL_C,PRESS_03,Normal,0,98.92,0,False
LOT003979,MODEL_C,PRESS_02,Normal,0,98.41,0,False
LOT003980,MODEL_B,PRESS_01,Delamination,1,94.92,1,True
LOT003981,MODEL_B,PRESS_02,Delamination,2,89.56,1,True
LOT003982,MODEL_A,PRESS_01,Normal,0,98.87,0,False
LOT003983,MODEL_B,PRESS_03,Normal,0,98.55,0,False
LOT003984,MODEL_C,PRESS_03,Normal,0,98.27,0,False
LOT003985,MODEL_C,PRESS_03,Delamination,1,93.72,1,True
LOT003986,MODEL_C,PRESS_02,Delamination,1,94.28,1,True
LOT003987,MODEL_B,PRESS_01,Normal,0,98.65,0,False
LOT003988,MODEL_C,PRESS_01,Normal,0,97.33,0,False
LOT003989,MODEL_C,PRESS_02,Normal,0,98.87,0,False
LOT003990,MODEL_B,PRESS_02,Delamination,1,94.03,1,True
LOT003991,MODEL_A,PRESS_03,Normal,0,99.1,0,False
LOT003992,MODEL_B,PRESS_03,Normal,0,98.47,0,False
LOT003993,MODEL_C,PRESS_01,Normal,0,98.69,0,False
LOT003994,MODEL_B,PRESS_01,Normal,0,98.66,0,False
LOT003995,MODEL_C,PRESS_02,Delamination,1,93.78,1,True
LOT003996,MODEL_C,PRESS_02,Normal,0,98.64,0,False
LOT003997,MODEL_A,PRESS_01,Normal,0,98.63,0,False
LOT003998,MODEL_C,PRESS_03,Normal,0,99.09,0,False
LOT003999,MODEL_B,PRESS_03,Normal,0,98.32,0,False
LOT004000,MODEL_C,PRESS_02,Normal,0,98.23,0,False
LOT004001,MODEL_B,PRESS_01,Normal,0,99.09,0,False
LOT004002,MODEL_B,PRESS_03,Normal,0,99.16,0,False
LOT004003,MODEL_A,PRESS_01,Normal,0,98.19,0,False
LOT004004,MODEL_A,PRESS_02,Normal,0,98.46,0,False
LOT004005,MODEL_B,PRESS_03,Normal,0,98.92,0,False
LOT004006,MODEL_B,PRESS_03,Normal,0,97.96,0,False
LOT004007,MODEL_B,PRESS_01,Normal,0,98.37,0,False
LOT004008,MODEL_A,PRESS_02,Normal,0,98.52,0,False
LOT004009,MODEL_B,PRESS_01,Normal,0,98.58,0,False
LOT004010,MODEL_A,PRESS_01,Normal,0,98.67,0,False
LOT004011,MODEL_A,PRESS_02,Normal,0,98.24,0,False
LOT004012,MODEL_B,PRESS_03,Normal,0,98.99,0,False
LOT004013,MODEL_B,PRESS_03,Normal,0,98.52,0,False
LOT004014,MODEL_B,PRESS_02,Normal,0,98.31,0,False
LOT004015,MODEL_C,PRESS_01,Normal,0,98.88,0,False
LOT004016,MODEL_C,PRESS_01,Normal,0,98.97,0,False
LOT004017,MODEL_B,PRESS_01,Normal,0,98.73,0,False
LOT004018,MODEL_C,PRESS_01,Normal,0,99.23,0,False
LOT004019,MODEL_A,PRESS_01,Normal,0,98.1,0,False
LOT004020,MODEL_C,PRESS_03,Normal,0,98.81,0,False
LOT004021,MODEL_B,PRESS_01,Normal,0,98.27,0,False
LOT004022,MODEL_C,PRESS_01,Normal,0,99.18,0,False
LOT004023,MODEL_C,PRESS_02,Delamination,1,94.3,1,True
LOT004024,MODEL_C,PRESS_01,Normal,0,99.04,0,False
LOT004025,MODEL_C,PRESS_02,Normal,0,99.2,0,False
LOT004026,MODEL_A,PRESS_01,Delamination,2,89.87,1,True
LOT004027,MODEL_A,PRESS_01,Normal,0,98.46,0,False
LOT004028,MODEL_B,PRESS_02,Normal,0,98.07,0,False
LOT004029,MODEL_B,PRESS_03,Normal,0,98.5,0,False
LOT004030,MODEL_A,PRESS_02,Normal,0,98.43,0,False
LOT004031,MODEL_C,PRESS_02,Normal,0,98.52,0,False
LOT004032,MODEL_A,PRESS_02,Normal,0,98.92,0,False
LOT004033,MODEL_C,PRESS_01,Normal,0,98.46,0,False
LOT004034,MODEL_A,PRESS_01,Normal,0,99.07,0,False
LOT004035,MODEL_B,PRESS_02,Normal,0,98.62,0,False
LOT004036,MODEL_C,PRESS_01,Normal,0,98.28,0,False
LOT004037,MODEL_B,PRESS_03,Normal,0,98.85,0,False
LOT004038,MODEL_C,PRESS_02,Normal,0,98.38,0,False
LOT004039,MODEL_C,PRESS_01,Normal,0,98.83,0,False
LOT004040,MODEL_C,PRESS_02,Normal,0,98.49,0,False
LOT004041,MODEL_B,PRESS_01,Normal,0,98.15,0,False
LOT004042,MODEL_C,PRESS_02,Delamination,1,94.51,1,True
LOT004043,MODEL_B,PRESS_03,Normal,0,97.98,0,False
LOT004044,MODEL_C,PRESS_01,Delamination,1,94.46,1,True
LOT004045,MODEL_C,PRESS_02,Normal,0,99.03,0,False
LOT004046,MODEL_A,PRESS_01,Normal,0,98.91,0,False
LOT004047,MODEL_B,PRESS_02,Normal,0,99.12,0,False
LOT004048,MODEL_C,PRESS_01,Normal,0,98.67,0,False
LOT004049,MODEL_A,PRESS_02,Normal,0,99.36,0,False
LOT004050,MODEL_C,PRESS_02,Normal,0,98.66,0,False
LOT004051,MODEL_A,PRESS_01,Normal,0,98.18,0,False
LOT004052,MODEL_C,PRESS_02,Delamination,1,94.09,1,True
LOT004053,MODEL_C,PRESS_03,Normal,0,98.31,0,False
LOT004054,MODEL_A,PRESS_03,Normal,0,99.01,0,False
LOT004055,MODEL_C,PRESS_01,Normal,0,98.74,0,False
LOT004056,MODEL_A,PRESS_02,Normal,0,98.45,0,False
LOT004057,MODEL_B,PRESS_03,Normal,0,99.13,0,False
LOT004058,MODEL_C,PRESS_02,Normal,0,98.69,0,False
LOT004059,MODEL_A,PRESS_01,Normal,0,98.92,0,False
LOT004060,MODEL_A,PRESS_02,Normal,0,98.38,0,False
LOT004061,MODEL_B,PRESS_01,Normal,0,99.24,0,False
LOT004062,MODEL_B,PRESS_01,Normal,0,97.7,0,False
LOT004063,MODEL_A,PRESS_02,Normal,0,98.76,0,False
LOT004064,MODEL_B,PRESS_02,Normal,0,99.05,0,False
LOT004065,MODEL_A,PRESS_03,Normal,0,98.6,0,False
LOT004066,MODEL_A,PRESS_02,Delamination,7,67.02,1,True
LOT004067,MODEL_A,PRESS_03,Normal,0,99.38,0,False
LOT004068,MODEL_A,PRESS_02,Normal,0,99.04,0,False
LOT004069,MODEL_C,PRESS_03,Normal,0,98.52,0,False
LOT004070,MODEL_C,PRESS_01,Normal,0,98.24,0,False
LOT004071,MODEL_B,PRESS_01,Normal,0,98.34,0,False
LOT004072,MODEL_C,PRESS_03,Delamination,1,93.44,1,True
LOT004073,MODEL_B,PRESS_03,Normal,0,98.88,0,False
LOT004074,MODEL_C,PRESS_03,Normal,0,98.02,0,False
LOT004075,MODEL_A,PRESS_01,Normal,0,98.9,0,False
LOT004076,MODEL_A,PRESS_01,Normal,0,98.73,0,False
LOT004077,MODEL_C,PRESS_03,Normal,0,98.01,0,False
LOT004078,MODEL_A,PRESS_02,Delamination,1,94.81,1,True
LOT004079,MODEL_C,PRESS_01,Normal,0,99.01,0,False
LOT004080,MODEL_B,PRESS_03,Normal,0,98.46,0,False
LOT004081,MODEL_B,PRESS_03,Delamination,1,93.54,1,True
LOT004082,MODEL_B,PRESS_01,Normal,0,98.0,0,False
LOT004083,MODEL_C,PRESS_03,Normal,0,98.72,0,False
LOT004084,MODEL_A,PRESS_03,Normal,0,98.96,0,False
LOT004085,MODEL_C,PRESS_02,Normal,0,98.6,0,False
LOT004086,MODEL_C,PRESS_02,Normal,0,98.32,0,False
LOT004087,MODEL_C,PRESS_01,Normal,0,98.06,0,False
LOT004088,MODEL_C,PRESS_03,Normal,0,99.22,0,False
LOT004089,MODEL_C,PRESS_03,Normal,0,98.79,0,False
LOT004090,MODEL_B,PRESS_03,Normal,0,98.26,0,False
LOT004091,MODEL_B,PRESS_03,Normal,0,98.53,0,False
LOT004092,MODEL_B,PRESS_01,Normal,0,99.19,0,False
LOT004093,MODEL_C,PRESS_02,Normal,0,98.63,0,False
LOT004094,MODEL_B,PRESS_02,Delamination,2,89.82,1,True
LOT004095,MODEL_B,PRESS_03,Normal,0,99.27,0,False
LOT004096,MODEL_A,PRESS_02,Delamination,1,94.65,1,True
LOT004097,MODEL_A,PRESS_02,Normal,0,99.07,0,False
LOT004098,MODEL_A,PRESS_01,Normal,0,98.71,0,False
LOT004099,MODEL_B,PRESS_03,Normal,0,98.9,0,False
LOT004100,MODEL_B,PRESS_02,Normal,0,99.16,0,False
LOT004101,MODEL_C,PRESS_01,Normal,0,98.83,0,False
LOT004102,MODEL_B,PRESS_03,Normal,0,98.66,0,False
LOT004103,MODEL_A,PRESS_01,Normal,0,98.38,0,False
LOT004104,MODEL_B,PRESS_01,Normal,0,98.89,0,False
LOT004105,MODEL_A,PRESS_01,Normal,0,97.88,0,False
LOT004106,MODEL_C,PRESS_02,Normal,0,98.11,0,False
LOT004107,MODEL_C,PRESS_01,Delamination,2,90.05,1,True
LOT004108,MODEL_A,PRESS_03,Delamination,2,90.23,1,True
LOT004109,MODEL_A,PRESS_02,Normal,0,98.71,0,False
LOT004110,MODEL_A,PRESS_01,Normal,0,98.97,0,False
LOT004111,MODEL_B,PRESS_01,Normal,0,99.25,0,False
LOT004112,MODEL_A,PRESS_02,Normal,0,97.94,0,False
LOT004113,MODEL_C,PRESS_01,Normal,0,97.72,0,False
LOT004114,MODEL_A,PRESS_03,Normal,0,98.2,0,False
LOT004115,MODEL_B,PRESS_01,Normal,0,98.16,0,False
LOT004116,MODEL_B,PRESS_02,Normal,0,98.4,0,False
LOT004117,MODEL_A,PRESS_01,Normal,0,99.97,0,False
LOT004118,MODEL_C,PRESS_01,Normal,0,97.84,0,False
LOT004119,MODEL_A,PRESS_01,Normal,0,98.14,0,False
LOT004120,MODEL_C,PRESS_01,Normal,0,99.19,0,False
LOT004121,MODEL_C,PRESS_03,Normal,0,99.33,0,False
LOT004122,MODEL_B,PRESS_03,Normal,0,98.75,0,False
LOT004123,MODEL_C,PRESS_03,Normal,0,97.69,0,False
LOT004124,MODEL_B,PRESS_01,Normal,0,98.31,0,False
LOT004125,MODEL_A,PRESS_03,Delamination,1,93.81,1,True
LOT004126,MODEL_A,PRESS_02,Normal,0,98.54,0,False
LOT004127,MODEL_C,PRESS_01,Normal,0,98.46,0,False
LOT004128,MODEL_B,PRESS_01,Normal,0,99.57,0,False
LOT004129,MODEL_C,PRESS_02,Normal,0,98.87,0,False
LOT004130,MODEL_A,PRESS_02,Delamination,7,67.06,2,True
LOT004131,MODEL_C,PRESS_01,Normal,0,98.62,0,False
LOT004132,MODEL_C,PRESS_03,Normal,0,97.83,0,False
LOT004133,MODEL_A,PRESS_03,Normal,0,97.87,0,False
LOT004134,MODEL_B,PRESS_02,Normal,0,99.52,0,False
LOT004135,MODEL_C,PRESS_03,Normal,0,98.39,0,False
LOT004136,MODEL_A,PRESS_03,Normal,0,97.69,0,False
LOT004137,MODEL_A,PRESS_03,Normal,0,98.95,0,False
LOT004138,MODEL_A,PRESS_01,Normal,0,99.21,0,False
LOT004139,MODEL_B,PRESS_03,Normal,0,99.38,0,False
LOT004140,MODEL_A,PRESS_02,Normal,0,98.6,0,False
LOT004141,MODEL_B,PRESS_03,Normal,0,98.69,0,False
LOT004142,MODEL_C,PRESS_03,Normal,0,98.66,0,False
LOT004143,MODEL_A,PRESS_01,Normal,0,98.57,0,False
LOT004144,MODEL_A,PRESS_02,Normal,0,98.5,0,False
LOT004145,MODEL_B,PRESS_01,Normal,0,97.79,0,False
LOT004146,MODEL_A,PRESS_01,Normal,0,98.25,0,False
LOT004147,MODEL_A,PRESS_02,Normal,0,98.49,0,False
LOT004148,MODEL_A,PRESS_03,Normal,0,97.87,0,False
LOT004149,MODEL_A,PRESS_03,Normal,0,97.97,0,False
LOT004150,MODEL_C,PRESS_02,Normal,0,98.21,0,False
LOT004151,MODEL_A,PRESS_01,Normal,0,98.91,0,False
LOT004152,MODEL_B,PRESS_02,Normal,0,98.34,0,False
LOT004153,MODEL_C,PRESS_03,Delamination,1,93.95,1,True
LOT004154,MODEL_B,PRESS_03,Normal,0,98.35,0,False
LOT004155,MODEL_B,PRESS_01,Normal,0,98.64,0,False
LOT004156,MODEL_B,PRESS_01,Normal,0,98.47,0,False
LOT004157,MODEL_C,PRESS_03,Normal,0,98.35,0,False
LOT004158,MODEL_A,PRESS_01,Normal,0,99.43,0,False
LOT004159,MODEL_A,PRESS_01,Normal,0,98.17,0,False
LOT004160,MODEL_C,PRESS_01,Normal,0,98.53,0,False
LOT004161,MODEL_A,PRESS_02,Normal,0,98.4,0,False
LOT004162,MODEL_A,PRESS_02,Normal,0,98.8,0,False
LOT004163,MODEL_A,PRESS_02,Normal,0,99.0,0,False
LOT004164,MODEL_A,PRESS_01,Normal,0,98.72,0,False
LOT004165,MODEL_A,PRESS_03,Normal,0,98.51,0,False
LOT004166,MODEL_B,PRESS_03,Normal,0,98.39,0,False
LOT004167,MODEL_B,PRESS_02,Normal,0,98.59,0,False
LOT004168,MODEL_A,PRESS_01,Normal,0,98.0,0,False
LOT004169,MODEL_C,PRESS_02,Normal,0,98.9,1,True
LOT004170,MODEL_A,PRESS_03,Normal,0,99.29,0,False
LOT004171,MODEL_C,PRESS_02,Normal,0,100.0,0,False
LOT004172,MODEL_C,PRESS_01,Normal,0,98.88,0,False
LOT004173,MODEL_B,PRESS_02,Delamination,1,93.35,1,True
LOT004174,MODEL_B,PRESS_02,Delamination,1,94.72,1,True
LOT004175,MODEL_A,PRESS_02,Normal,0,98.58,0,False
LOT004176,MODEL_A,PRESS_02,Normal,0,98.72,0,False
LOT004177,MODEL_C,PRESS_01,Normal,0,98.43,0,False
LOT004178,MODEL_B,PRESS_03,Normal,0,99.1,0,False
LOT004179,MODEL_A,PRESS_02,Delamination,2,89.33,1,True
LOT004180,MODEL_C,PRESS_02,Normal,0,98.5,0,False
LOT004181,MODEL_C,PRESS_02,Normal,0,98.08,0,False
LOT004182,MODEL_A,PRESS_02,Normal,0,98.49,0,False
LOT004183,MODEL_A,PRESS_01,Normal,0,98.81,0,False
LOT004184,MODEL_A,PRESS_03,Normal,0,98.88,0,False
LOT004185,MODEL_A,PRESS_01,Normal,0,98.78,0,False
LOT004186,MODEL_B,PRESS_02,Delamination,1,93.46,1,True
LOT004187,MODEL_A,PRESS_01,Normal,0,97.94,0,False
LOT004188,MODEL_B,PRESS_01,Delamination,3,85.37,1,True
LOT004189,MODEL_A,PRESS_01,Normal,0,99.61,0,False
LOT004190,MODEL_C,PRESS_03,Normal,0,98.33,0,False
LOT004191,MODEL_C,PRESS_02,Normal,0,98.94,0,False
LOT004192,MODEL_B,PRESS_02,Normal,0,98.55,0,False
LOT004193,MODEL_B,PRESS_03,Delamination,1,94.39,2,True
LOT004194,MODEL_A,PRESS_01,Normal,0,98.65,0,False
LOT004195,MODEL_A,PRESS_02,Normal,0,98.66,0,False
LOT004196,MODEL_B,PRESS_02,Delamination,1,93.87,1,True
LOT004197,MODEL_A,PRESS_02,Normal,0,98.6,0,False
LOT004198,MODEL_B,PRESS_01,Normal,0,98.72,0,False
LOT004199,MODEL_B,PRESS_03,Normal,0,98.23,0,False
LOT004200,MODEL_A,PRESS_01,Normal,0,98.9,0,False
LOT004201,MODEL_B,PRESS_03,Normal,0,98.43,0,False
LOT004202,MODEL_B,PRESS_03,Normal,0,99.84,0,False
LOT004203,MODEL_C,PRESS_02,Normal,0,98.99,0,False
LOT004204,MODEL_A,PRESS_01,Normal,0,98.99,0,False
LOT004205,MODEL_B,PRESS_01,Normal,0,98.48,0,False
LOT004206,MODEL_C,PRESS_03,Normal,0,98.86,0,False
LOT004207,MODEL_A,PRESS_03,Normal,0,98.83,0,False
LOT004208,MODEL_C,PRESS_03,Normal,0,97.88,0,False
LOT004209,MODEL_C,PRESS_01,Normal,0,98.73,0,False
LOT004210,MODEL_B,PRESS_02,Normal,0,99.51,0,False
LOT004211,MODEL_C,PRESS_01,Normal,0,97.81,0,False
LOT004212,MODEL_C,PRESS_03,Normal,0,99.29,0,False
LOT004213,MODEL_A,PRESS_02,Delamination,1,94.66,1,True
LOT004214,MODEL_C,PRESS_03,Normal,0,98.09,0,False
LOT004215,MODEL_A,PRESS_03,Normal,0,98.22,0,False
LOT004216,MODEL_A,PRESS_03,Normal,0,98.92,0,False
LOT004217,MODEL_A,PRESS_02,Normal,0,97.74,0,False
LOT004218,MODEL_B,PRESS_02,Normal,0,98.76,0,False
LOT004219,MODEL_C,PRESS_02,Delamination,1,94.5,1,True
LOT004220,MODEL_B,PRESS_01,Normal,0,98.95,0,False
LOT004221,MODEL_B,PRESS_01,Normal,0,98.44,0,False
LOT004222,MODEL_A,PRESS_02,Normal,0,98.67,0,False
LOT004223,MODEL_B,PRESS_03,Normal,0,98.71,0,False
LOT004224,MODEL_B,PRESS_02,Normal,0,98.66,0,False
LOT004225,MODEL_B,PRESS_03,Normal,0,98.67,0,False
LOT004226,MODEL_A,PRESS_01,Normal,0,99.26,0,False
LOT004227,MODEL_A,PRESS_02,Normal,0,98.38,0,False
LOT004228,MODEL_C,PRESS_02,Normal,0,99.33,0,False
LOT004229,MODEL_B,PRESS_02,Delamination,19,13.93,1,True
LOT004230,MODEL_B,PRESS_01,Normal,0,98.2,0,False
LOT004231,MODEL_A,PRESS_01,Normal,0,98.29,0,False
LOT004232,MODEL_C,PRESS_03,Normal,0,97.69,0,False
LOT004233,MODEL_B,PRESS_02,Normal,0,97.88,0,False
LOT004234,MODEL_B,PRESS_01,Normal,0,98.2,0,False
LOT004235,MODEL_C,PRESS_01,Normal,0,98.35,0,False
LOT004236,MODEL_A,PRESS_01,Normal,0,98.75,0,False
LOT004237,MODEL_B,PRESS_03,Normal,0,98.27,0,False
LOT004238,MODEL_C,PRESS_01,Normal,0,98.38,0,False
LOT004239,MODEL_B,PRESS_03,Normal,0,99.35,0,False
LOT004240,MODEL_A,PRESS_01,Normal,0,99.22,0,False
LOT004241,MODEL_A,PRESS_02,Normal,0,98.74,0,False
LOT004242,MODEL_A,PRESS_01,Normal,0,99.53,0,False
LOT004243,MODEL_B,PRESS_03,Normal,0,98.44,0,False
LOT004244,MODEL_B,PRESS_01,Normal,0,98.42,0,False
LOT004245,MODEL_A,PRESS_02,Normal,0,98.95,0,False
LOT004246,MODEL_C,PRESS_01,Delamination,2,89.89,1,True
LOT004247,MODEL_A,PRESS_01,Normal,0,98.67,0,False
LOT004248,MODEL_B,PRESS_01,Normal,0,98.33,0,False
LOT004249,MODEL_C,PRESS_03,Delamination,1,94.07,1,True
LOT004250,MODEL_A,PRESS_02,Normal,0,98.7,0,False
LOT004251,MODEL_A,PRESS_02,Normal,0,98.19,0,False
LOT004252,MODEL_A,PRESS_02,Normal,0,98.34,0,False
LOT004253,MODEL_B,PRESS_03,Normal,0,98.32,0,False
LOT004254,MODEL_A,PRESS_02,Normal,0,98.37,0,False
LOT004255,MODEL_C,PRESS_02,Normal,0,98.38,0,False
LOT004256,MODEL_A,PRESS_01,Normal,0,98.44,0,False
LOT004257,MODEL_C,PRESS_01,Normal,0,98.08,0,False
LOT004258,MODEL_B,PRESS_01,Normal,0,98.35,0,False
LOT004259,MODEL_A,PRESS_02,Normal,0,98.8,0,False
LOT004260,MODEL_A,PRESS_01,Normal,0,98.84,0,False
LOT004261,MODEL_A,PRESS_01,Normal,0,98.68,0,False
LOT004262,MODEL_A,PRESS_01,Normal,0,98.37,0,False
LOT004263,MODEL_A,PRESS_01,Normal,0,98.33,0,False
LOT004264,MODEL_B,PRESS_03,Normal,0,98.17,0,False
LOT004265,MODEL_A,PRESS_02,Normal,0,98.64,0,False
LOT004266,MODEL_C,PRESS_03,Normal,0,98.86,0,False
LOT004267,MODEL_A,PRESS_02,Normal,0,99.19,0,False
LOT004268,MODEL_A,PRESS_03,Normal,0,98.96,0,False
LOT004269,MODEL_A,PRESS_01,Normal,0,98.95,0,False
LOT004270,MODEL_A,PRESS_02,Normal,0,98.72,0,False
LOT004271,MODEL_C,PRESS_03,Normal,0,98.77,0,False
LOT004272,MODEL_A,PRESS_02,Normal,0,98.46,0,False
LOT004273,MODEL_A,PRESS_03,Normal,0,98.18,0,False
LOT004274,MODEL_C,PRESS_01,Normal,0,98.92,0,False
LOT004275,MODEL_B,PRESS_01,Normal,0,99.38,0,False
LOT004276,MODEL_A,PRESS_03,Normal,0,98.37,0,False
LOT004277,MODEL_C,PRESS_01,Normal,0,98.49,0,False
LOT004278,MODEL_A,PRESS_03,Normal,0,98.61,0,False
LOT004279,MODEL_A,PRESS_03,Normal,0,99.06,0,False
LOT004280,MODEL_B,PRESS_03,Normal,0,98.63,0,False
LOT004281,MODEL_C,PRESS_02,Normal,0,98.84,0,False
LOT004282,MODEL_A,PRESS_03,Normal,0,98.87,0,False
LOT004283,MODEL_C,PRESS_01,Delamination,1,93.98,1,True
LOT004284,MODEL_A,PRESS_02,Normal,0,98.72,0,False
LOT004285,MODEL_C,PRESS_01,Normal,0,98.14,0,False
LOT004286,MODEL_A,PRESS_03,Normal,0,99.41,0,False
LOT004287,MODEL_B,PRESS_03,Normal,0,98.97,0,False
LOT004288,MODEL_B,PRESS_03,Normal,0,99.27,0,False
LOT004289,MODEL_A,PRESS_03,Normal,0,98.73,0,False
LOT004290,MODEL_B,PRESS_01,Normal,0,98.51,0,False
LOT004291,MODEL_C,PRESS_01,Delamination,1,93.42,1,True
LOT004292,MODEL_B,PRESS_03,Normal,0,98.45,0,False
LOT004293,MODEL_B,PRESS_02,Normal,0,98.62,0,False
LOT004294,MODEL_C,PRESS_01,Normal,0,98.38,0,False
LOT004295,MODEL_C,PRESS_03,Delamination,1,93.85,1,True
LOT004296,MODEL_A,PRESS_03,Normal,0,98.17,0,False
LOT004297,MODEL_C,PRESS_02,Delamination,5,76.07,2,True
LOT004298,MODEL_C,PRESS_03,Normal,0,98.2,0,False
LOT004299,MODEL_C,PRESS_01,Normal,0,98.78,0,False
LOT004300,MODEL_C,PRESS_01,Normal,0,98.57,0,False
LOT004301,MODEL_C,PRESS_01,Normal,0,98.18,0,False
LOT004302,MODEL_C,PRESS_02,Normal,0,99.18,0,False
LOT004303,MODEL_A,PRESS_01,Normal,0,98.89,0,False
LOT004304,MODEL_C,PRESS_01,Normal,0,98.33,0,False
LOT004305,MODEL_A,PRESS_03,Normal,0,98.05,0,False
LOT004306,MODEL_B,PRESS_03,Normal,0,98.76,0,False
LOT004307,MODEL_C,PRESS_03,Normal,0,98.97,0,False
LOT004308,MODEL_A,PRESS_03,Normal,0,98.48,0,False
LOT004309,MODEL_C,PRESS_03,Normal,0,98.96,0,False
LOT004310,MODEL_B,PRESS_02,Normal,0,98.57,0,False
LOT004311,MODEL_A,PRESS_02,Normal,0,98.91,0,False
LOT004312,MODEL_A,PRESS_03,Normal,0,98.91,0,False
LOT004313,MODEL_B,PRESS_02,Normal,0,97.89,0,False
LOT004314,MODEL_B,PRESS_01,Normal,0,98.56,0,False
LOT004315,MODEL_B,PRESS_03,Normal,0,97.87,0,False
LOT004316,MODEL_A,PRESS_01,Normal,0,98.56,0,False
LOT004317,MODEL_A,PRESS_03,Normal,0,97.85,0,False
LOT004318,MODEL_A,PRESS_02,Normal,0,98.85,0,False
LOT004319,MODEL_A,PRESS_03,Normal,0,97.95,0,False
LOT004320,MODEL_C,PRESS_01,Delamination,1,93.96,1,True
LOT004321,MODEL_A,PRESS_02,Normal,0,98.64,0,False
LOT004322,MODEL_C,PRESS_02,Normal,0,98.13,0,False
LOT004323,MODEL_A,PRESS_02,Normal,0,98.83,0,False
LOT004324,MODEL_B,PRESS_01,Normal,0,98.76,0,False
LOT004325,MODEL_C,PRESS_03,Normal,0,98.47,0,False
LOT004326,MODEL_B,PRESS_02,Normal,0,98.92,0,False
LOT004327,MODEL_A,PRESS_03,Normal,0,98.69,0,False
LOT004328,MODEL_B,PRESS_02,Normal,0,98.63,0,False
LOT004329,MODEL_A,PRESS_01,Normal,0,98.65,0,False
LOT004330,MODEL_C,PRESS_03,Normal,0,97.91,0,False
LOT004331,MODEL_C,PRESS_01,Normal,0,98.59,0,False
LOT004332,MODEL_B,PRESS_01,Normal,0,98.69,0,False
LOT004333,MODEL_B,PRESS_03,Normal,0,98.64,0,False
LOT004334,MODEL_B,PRESS_03,Normal,0,98.05,0,False
LOT004335,MODEL_C,PRESS_03,Delamination,1,94.25,1,True
LOT004336,MODEL_B,PRESS_02,Normal,0,98.35,0,False
LOT004337,MODEL_C,PRESS_03,Normal,0,98.91,0,False
LOT004338,MODEL_B,PRESS_01,Normal,0,98.16,0,False
LOT004339,MODEL_A,PRESS_03,Delamination,1,94.73,1,True
LOT004340,MODEL_C,PRESS_02,Normal,0,98.53,0,False
LOT004341,MODEL_B,PRESS_01,Normal,0,97.88,0,False
LOT004342,MODEL_C,PRESS_02,Delamination,1,94.12,1,True
LOT004343,MODEL_B,PRESS_02,Normal,0,98.92,0,False
LOT004344,MODEL_B,PRESS_01,Normal,0,97.97,0,False
LOT004345,MODEL_B,PRESS_02,Normal,0,98.55,0,False
LOT004346,MODEL_B,PRESS_02,Normal,0,97.67,0,False
LOT004347,MODEL_C,PRESS_01,Delamination,1,94.71,1,True
LOT004348,MODEL_B,PRESS_01,Normal,0,98.62,0,False
LOT004349,MODEL_C,PRESS_03,Normal,0,99.09,0,False
LOT004350,MODEL_B,PRESS_02,Normal,0,98.82,0,False
LOT004351,MODEL_A,PRESS_02,Normal,0,97.76,0,False
LOT004352,MODEL_C,PRESS_02,Delamination,1,93.66,1,True
LOT004353,MODEL_B,PRESS_02,Normal,0,98.2,0,False
LOT004354,MODEL_C,PRESS_02,Normal,0,98.37,0,False
LOT004355,MODEL_B,PRESS_02,Normal,0,98.66,0,False
LOT004356,MODEL_B,PRESS_03,Normal,0,98.2,0,False
LOT004357,MODEL_C,PRESS_03,Normal,0,98.66,0,False
LOT004358,MODEL_B,PRESS_01,Normal,0,98.84,0,False
LOT004359,MODEL_C,PRESS_03,Normal,0,98.18,0,False
LOT004360,MODEL_B,PRESS_03,Normal,0,98.32,0,False
LOT004361,MODEL_A,PRESS_01,Normal,0,99.21,0,False
LOT004362,MODEL_A,PRESS_03,Delamination,1,94.38,1,True
LOT004363,MODEL_C,PRESS_02,Normal,0,98.39,0,False
LOT004364,MODEL_B,PRESS_03,Delamination,1,94.56,1,True
LOT004365,MODEL_B,PRESS_02,Normal,0,98.4,0,False
LOT004366,MODEL_C,PRESS_03,Delamination,1,94.24,1,True
LOT004367,MODEL_B,PRESS_01,Normal,0,97.96,0,False
LOT004368,MODEL_B,PRESS_01,Normal,0,98.88,0,False
LOT004369,MODEL_C,PRESS_03,Delamination,1,94.08,1,True
LOT004370,MODEL_A,PRESS_02,Normal,0,98.64,0,False
LOT004371,MODEL_A,PRESS_02,Normal,0,98.4,0,False
LOT004372,MODEL_C,PRESS_01,Normal,0,99.26,0,False
LOT004373,MODEL_A,PRESS_01,Normal,0,98.99,0,False
LOT004374,MODEL_C,PRESS_03,Normal,0,98.3,0,False
LOT004375,MODEL_A,PRESS_01,Delamination,1,93.85,1,True
LOT004376,MODEL_A,PRESS_02,Delamination,1,94.21,1,True
LOT004377,MODEL_C,PRESS_01,Normal,0,98.09,0,False
LOT004378,MODEL_B,PRESS_01,Normal,0,98.56,0,False
LOT004379,MODEL_C,PRESS_01,Normal,0,98.54,0,False
LOT004380,MODEL_B,PRESS_03,Normal,0,98.68,0,False
LOT004381,MODEL_A,PRESS_03,Normal,0,98.35,0,False
LOT004382,MODEL_C,PRESS_01,Normal,0,98.74,0,False
LOT004383,MODEL_A,PRESS_02,Normal,0,98.47,0,False
LOT004384,MODEL_A,PRESS_02,Normal,0,98.74,0,False
LOT004385,MODEL_C,PRESS_02,Delamination,1,94.1,1,True
LOT004386,MODEL_A,PRESS_03,Normal,0,98.56,0,False
LOT004387,MODEL_B,PRESS_01,Normal,0,98.6,0,False
LOT004388,MODEL_B,PRESS_01,Normal,0,97.95,0,False
LOT004389,MODEL_C,PRESS_02,Normal,0,98.27,0,False
LOT004390,MODEL_A,PRESS_02,Normal,0,98.42,0,False
LOT004391,MODEL_A,PRESS_01,Normal,0,98.68,0,False
LOT004392,MODEL_B,PRESS_03,Delamination,1,94.06,1,True
LOT004393,MODEL_B,PRESS_01,Normal,0,98.94,0,False
LOT004394,MODEL_C,PRESS_01,Delamination,1,95.36,0,True
LOT004395,MODEL_B,PRESS_02,Normal,0,98.51,0,False
LOT004396,MODEL_A,PRESS_02,Normal,0,98.77,0,False
LOT004397,MODEL_C,PRESS_01,Normal,0,98.81,0,False
LOT004398,MODEL_B,PRESS_01,Normal,0,99.9,0,False
LOT004399,MODEL_C,PRESS_01,Delamination,1,94.11,1,True
LOT004400,MODEL_C,PRESS_02,Delamination,1,93.4,1,True
LOT004401,MODEL_A,PRESS_02,Normal,0,98.57,0,False
LOT004402,MODEL_B,PRESS_01,Normal,0,97.61,0,False
LOT004403,MODEL_B,PRESS_02,Normal,0,98.31,0,False
LOT004404,MODEL_B,PRESS_03,Normal,0,98.44,0,False
LOT004405,MODEL_A,PRESS_01,Normal,0,98.41,0,False
LOT004406,MODEL_B,PRESS_03,Normal,0,99.55,0,False
LOT004407,MODEL_B,PRESS_01,Normal,0,99.49,0,False
LOT004408,MODEL_A,PRESS_01,Normal,0,98.81,0,False
LOT004409,MODEL_A,PRESS_01,Normal,0,99.42,0,False
LOT004410,MODEL_A,PRESS_01,Normal,0,98.81,0,False
LOT004411,MODEL_C,PRESS_01,Normal,0,99.28,0,False
LOT004412,MODEL_C,PRESS_02,Delamination,1,93.7,1,True
LOT004413,MODEL_B,PRESS_02,Normal,0,98.64,0,False
LOT004414,MODEL_B,PRESS_03,Normal,0,98.86,0,False
LOT004415,MODEL_A,PRESS_02,Normal,0,99.36,0,False
LOT004416,MODEL_A,PRESS_02,Normal,0,99.13,0,False
LOT004417,MODEL_C,PRESS_02,Delamination,1,93.8,1,True
LOT004418,MODEL_A,PRESS_01,Normal,0,98.87,0,False
LOT004419,MODEL_A,PRESS_03,Normal,0,98.44,0,False
LOT004420,MODEL_C,PRESS_01,Delamination,1,94.3,1,True
LOT004421,MODEL_B,PRESS_03,Normal,0,98.84,0,False
LOT004422,MODEL_A,PRESS_03,Normal,0,98.89,0,False
LOT004423,MODEL_B,PRESS_03,Normal,0,98.87,0,False
LOT004424,MODEL_C,PRESS_02,Delamination,2,89.57,1,True
LOT004425,MODEL_B,PRESS_01,Normal,0,98.57,0,False
LOT004426,MODEL_B,PRESS_03,Normal,0,98.97,0,False
LOT004427,MODEL_B,PRESS_01,Normal,0,97.73,0,False
LOT004428,MODEL_B,PRESS_02,Normal,0,98.3,0,False
LOT004429,MODEL_C,PRESS_03,Normal,0,98.21,0,False
LOT004430,MODEL_A,PRESS_03,Normal,0,99.05,0,False
LOT004431,MODEL_A,PRESS_03,Normal,0,98.64,0,False
LOT004432,MODEL_A,PRESS_01,Normal,0,98.79,0,False
LOT004433,MODEL_B,PRESS_03,Normal,0,98.43,0,False
LOT004434,MODEL_B,PRESS_01,Normal,0,98.83,0,False
LOT004435,MODEL_B,PRESS_02,Normal,0,97.96,0,False
LOT004436,MODEL_C,PRESS_03,Normal,0,99.13,0,False
LOT004437,MODEL_B,PRESS_02,Delamination,1,93.42,1,True
LOT004438,MODEL_A,PRESS_03,Normal,0,99.11,0,False
LOT004439,MODEL_B,PRESS_02,Normal,0,97.55,0,False
LOT004440,MODEL_B,PRESS_01,Normal,0,98.23,0,False
LOT004441,MODEL_B,PRESS_01,Normal,0,98.26,0,False
LOT004442,MODEL_B,PRESS_02,Normal,0,99.16,0,False
LOT004443,MODEL_C,PRESS_03,Normal,0,99.07,0,False
LOT004444,MODEL_A,PRESS_02,Normal,0,98.21,0,False
LOT004445,MODEL_A,PRESS_03,Normal,0,99.45,0,False
LOT004446,MODEL_B,PRESS_02,Normal,0,98.34,0,False
LOT004447,MODEL_A,PRESS_01,Normal,0,98.96,0,False
LOT004448,MODEL_A,PRESS_01,Normal,0,98.38,0,False
LOT004449,MODEL_B,PRESS_02,Normal,0,99.12,0,False
LOT004450,MODEL_B,PRESS_03,Normal,0,98.44,0,False
LOT004451,MODEL_B,PRESS_03,Normal,0,98.56,0,False
LOT004452,MODEL_A,PRESS_01,Normal,0,98.0,0,False
LOT004453,MODEL_C,PRESS_02,Normal,0,98.36,0,False
LOT004454,MODEL_B,PRESS_03,Normal,0,98.73,0,False
LOT004455,MODEL_A,PRESS_02,Normal,0,97.69,0,False
LOT004456,MODEL_A,PRESS_01,Normal,0,98.48,0,False
LOT004457,MODEL_A,PRESS_02,Normal,0,98.84,0,False
LOT004458,MODEL_B,PRESS_01,Normal,0,99.17,0,False
LOT004459,MODEL_B,PRESS_01,Normal,0,98.77,0,False
LOT004460,MODEL_B,PRESS_02,Normal,0,98.52,0,False
LOT004461,MODEL_B,PRESS_01,Normal,0,99.07,0,False
LOT004462,MODEL_C,PRESS_02,Normal,0,98.38,0,False
LOT004463,MODEL_C,PRESS_02,Normal,0,98.55,0,False
LOT004464,MODEL_B,PRESS_02,Normal,0,98.63,1,True
LOT004465,MODEL_C,PRESS_02,Normal,0,98.21,0,False
LOT004466,MODEL_C,PRESS_01,Normal,0,98.6,0,False
LOT004467,MODEL_C,PRESS_03,Normal,0,98.46,0,False
LOT004468,MODEL_A,PRESS_03,Normal,0,98.37,0,False
LOT004469,MODEL_B,PRESS_03,Normal,0,98.4,0,False
LOT004470,MODEL_B,PRESS_03,Normal,0,99.25,0,False
LOT004471,MODEL_A,PRESS_02,Normal,0,98.75,0,False
LOT004472,MODEL_A,PRESS_03,Normal,0,98.41,0,False
LOT004473,MODEL_B,PRESS_02,Normal,0,98.58,0,False
LOT004474,MODEL_B,PRESS_01,Normal,0,98.32,0,False
LOT004475,MODEL_C,PRESS_03,Normal,0,98.83,0,False
LOT004476,MODEL_C,PRESS_01,Normal,0,98.83,0,False
LOT004477,MODEL_A,PRESS_03,Normal,0,98.78,0,False
LOT004478,MODEL_C,PRESS_02,Normal,0,98.45,0,False
LOT004479,MODEL_B,PRESS_03,Delamination,1,95.09,0,True
LOT004480,MODEL_B,PRESS_02,Delamination,1,93.92,2,True
LOT004481,MODEL_C,PRESS_02,Normal,0,98.23,0,False
LOT004482,MODEL_B,PRESS_01,Normal,0,98.52,0,False
LOT004483,MODEL_A,PRESS_03,Delamination,1,94.23,1,True
LOT004484,MODEL_A,PRESS_01,Normal,0,98.14,0,False
LOT004485,MODEL_B,PRESS_02,Normal,0,98.38,0,False
LOT004486,MODEL_A,PRESS_02,Normal,0,98.67,0,False
LOT004487,MODEL_A,PRESS_02,Normal,0,98.39,0,False
LOT004488,MODEL_C,PRESS_01,Normal,0,98.62,0,False
LOT004489,MODEL_A,PRESS_02,Delamination,1,93.79,1,True
LOT004490,MODEL_A,PRESS_02,Delamination,4,80.79,2,True
LOT004491,MODEL_B,PRESS_01,Normal,0,98.3,0,False
LOT004492,MODEL_A,PRESS_01,Normal,0,98.98,0,False
LOT004493,MODEL_A,PRESS_03,Normal,0,98.01,0,False
LOT004494,MODEL_C,PRESS_01,Normal,0,98.92,0,False
LOT004495,MODEL_B,PRESS_01,Normal,0,97.93,0,False
LOT004496,MODEL_C,PRESS_02,Normal,0,99.03,0,False
LOT004497,MODEL_B,PRESS_01,Normal,0,99.02,0,False
LOT004498,MODEL_B,PRESS_02,Normal,0,98.6,0,False
LOT004499,MODEL_A,PRESS_01,Normal,0,98.42,0,False
LOT004500,MODEL_B,PRESS_02,Normal,0,98.61,0,False
LOT004501,MODEL_A,PRESS_03,Normal,0,98.2,0,False
LOT004502,MODEL_C,PRESS_02,Delamination,1,94.39,1,True
LOT004503,MODEL_A,PRESS_03,Normal,0,99.14,0,False
LOT004504,MODEL_A,PRESS_03,Normal,0,98.38,0,False
LOT004505,MODEL_B,PRESS_01,Normal,0,98.5,0,False
LOT004506,MODEL_B,PRESS_02,Normal,0,97.94,0,False
LOT004507,MODEL_A,PRESS_01,Normal,0,98.95,0,False
LOT004508,MODEL_B,PRESS_02,Normal,0,98.38,0,False
LOT004509,MODEL_A,PRESS_01,Normal,0,98.71,0,False
LOT004510,MODEL_C,PRESS_03,Delamination,1,94.13,1,True
LOT004511,MODEL_B,PRESS_01,Normal,0,98.43,0,False
LOT004512,MODEL_C,PRESS_02,Normal,0,98.76,0,False
LOT004513,MODEL_C,PRESS_01,Normal,0,99.03,0,False
LOT004514,MODEL_B,PRESS_03,Normal,0,98.28,0,False
LOT004515,MODEL_C,PRESS_03,Normal,0,98.82,0,False
LOT004516,MODEL_A,PRESS_03,Normal,0,98.31,0,False
LOT004517,MODEL_C,PRESS_02,Normal,0,99.49,0,False
LOT004518,MODEL_B,PRESS_01,Normal,0,98.0,0,False
LOT004519,MODEL_C,PRESS_03,Delamination,1,94.45,1,True
LOT004520,MODEL_A,PRESS_02,Normal,0,98.19,0,False
LOT004521,MODEL_A,PRESS_03,Normal,0,98.44,0,False
LOT004522,MODEL_C,PRESS_03,Normal,0,98.85,0,False
LOT004523,MODEL_B,PRESS_02,Normal,0,98.09,0,False
LOT004524,MODEL_A,PRESS_03,Normal,0,99.15,0,False
LOT004525,MODEL_B,PRESS_03,Normal,0,98.47,0,False
LOT004526,MODEL_A,PRESS_02,Normal,0,98.22,0,False
LOT004527,MODEL_B,PRESS_01,Normal,0,98.08,0,False
LOT004528,MODEL_C,PRESS_01,Normal,0,98.89,0,False
LOT004529,MODEL_C,PRESS_02,Normal,0,98.79,0,False
LOT004530,MODEL_B,PRESS_02,Normal,0,99.13,0,False
LOT004531,MODEL_B,PRESS_01,Normal,0,98.82,0,False
LOT004532,MODEL_C,PRESS_01,Normal,0,98.07,0,False
LOT004533,MODEL_A,PRESS_03,Normal,0,98.48,0,False
LOT004534,MODEL_A,PRESS_03,Normal,0,99.32,0,False
LOT004535,MODEL_A,PRESS_01,Normal,0,98.6,0,False
LOT004536,MODEL_C,PRESS_02,Normal,0,98.83,0,False
LOT004537,MODEL_B,PRESS_01,Normal,0,98.69,0,False
LOT004538,MODEL_A,PRESS_03,Normal,0,98.5,0,False
LOT004539,MODEL_A,PRESS_03,Normal,0,98.45,0,False
LOT004540,MODEL_A,PRESS_03,Normal,0,98.64,0,False
LOT004541,MODEL_C,PRESS_02,Normal,0,99.03,0,False
LOT004542,MODEL_B,PRESS_02,Delamination,6,71.49,1,True
LOT004543,MODEL_A,PRESS_03,Normal,0,98.96,0,False
LOT004544,MODEL_A,PRESS_02,Delamination,1,93.99,1,True
LOT004545,MODEL_B,PRESS_02,Normal,0,98.19,0,False
LOT004546,MODEL_B,PRESS_03,Normal,0,98.44,0,False
LOT004547,MODEL_C,PRESS_02,Delamination,1,93.76,1,True
LOT004548,MODEL_A,PRESS_03,Normal,0,98.25,0,False
LOT004549,MODEL_A,PRESS_02,Normal,0,98.49,0,False
LOT004550,MODEL_A,PRESS_03,Normal,0,98.97,0,False
LOT004551,MODEL_B,PRESS_01,Normal,0,98.42,0,False
LOT004552,MODEL_C,PRESS_01,Normal,0,98.18,0,False
LOT004553,MODEL_B,PRESS_01,Normal,0,98.4,0,False
LOT004554,MODEL_A,PRESS_02,Normal,0,98.55,0,False
LOT004555,MODEL_B,PRESS_03,Normal,0,98.47,0,False
LOT004556,MODEL_B,PRESS_01,Normal,0,98.3,0,False
LOT004557,MODEL_A,PRESS_01,Normal,0,98.44,0,False
LOT004558,MODEL_C,PRESS_03,Normal,0,98.03,0,False
LOT004559,MODEL_B,PRESS_03,Normal,0,98.06,0,False
LOT004560,MODEL_A,PRESS_02,Normal,0,98.08,0,False
LOT004561,MODEL_B,PRESS_02,Delamination,1,94.7,2,True
LOT004562,MODEL_C,PRESS_02,Normal,0,98.98,0,False
LOT004563,MODEL_C,PRESS_01,Normal,0,98.48,0,False
LOT004564,MODEL_A,PRESS_01,Normal,0,98.99,0,False
LOT004565,MODEL_C,PRESS_03,Normal,0,98.3,0,False
LOT004566,MODEL_B,PRESS_02,Normal,0,97.62,0,False
LOT004567,MODEL_B,PRESS_03,Normal,0,99.04,0,False
LOT004568,MODEL_A,PRESS_03,Normal,0,98.39,0,False
LOT004569,MODEL_C,PRESS_01,Normal,0,98.31,0,False
LOT004570,MODEL_C,PRESS_01,Normal,0,98.51,0,False
LOT004571,MODEL_A,PRESS_03,Normal,0,99.23,0,False
LOT004572,MODEL_B,PRESS_01,Normal,0,98.54,0,False
LOT004573,MODEL_C,PRESS_02,Delamination,1,95.02,0,True
LOT004574,MODEL_B,PRESS_03,Normal,0,98.52,0,False
LOT004575,MODEL_A,PRESS_03,Delamination,1,93.47,1,True
LOT004576,MODEL_C,PRESS_03,Normal,0,99.27,0,False
LOT004577,MODEL_A,PRESS_01,Delamination,1,93.7,1,True
LOT004578,MODEL_B,PRESS_01,Normal,0,98.62,0,False
LOT004579,MODEL_B,PRESS_01,Normal,0,98.11,0,False
LOT004580,MODEL_C,PRESS_01,Normal,0,98.44,0,False
LOT004581,MODEL_B,PRESS_01,Normal,0,98.34,0,False
LOT004582,MODEL_C,PRESS_03,Normal,0,98.69,0,False
LOT004583,MODEL_C,PRESS_01,Delamination,2,89.77,1,True
LOT004584,MODEL_C,PRESS_03,Normal,0,98.62,0,False
LOT004585,MODEL_C,PRESS_02,Delamination,28,0.0,2,True
LOT004586,MODEL_C,PRESS_02,Normal,0,98.54,0,False
LOT004587,MODEL_C,PRESS_01,Normal,0,98.73,0,False
LOT004588,MODEL_C,PRESS_01,Normal,0,99.0,0,False
LOT004589,MODEL_B,PRESS_02,Normal,0,99.14,0,False
LOT004590,MODEL_A,PRESS_01,Normal,0,98.84,0,False
LOT004591,MODEL_A,PRESS_03,Delamination,1,93.93,1,True
LOT004592,MODEL_C,PRESS_01,Delamination,1,93.88,1,True
LOT004593,MODEL_A,PRESS_01,Normal,0,98.05,0,False
LOT004594,MODEL_C,PRESS_03,Normal,0,99.02,0,False
LOT004595,MODEL_C,PRESS_02,Delamination,3,85.99,1,True
LOT004596,MODEL_B,PRESS_01,Normal,0,97.76,0,False
LOT004597,MODEL_C,PRESS_03,Normal,0,98.88,0,False
LOT004598,MODEL_A,PRESS_01,Normal,0,98.9,0,False
LOT004599,MODEL_B,PRESS_03,Normal,0,98.53,0,False
LOT004600,MODEL_C,PRESS_03,Normal,0,98.89,0,False
LOT004601,MODEL_C,PRESS_03,Normal,0,98.32,0,False
LOT004602,MODEL_A,PRESS_03,Normal,0,98.92,0,False
LOT004603,MODEL_C,PRESS_01,Normal,0,98.49,0,False
LOT004604,MODEL_B,PRESS_03,Normal,0,98.67,0,False
LOT004605,MODEL_C,PRESS_01,Normal,0,98.94,0,False
LOT004606,MODEL_B,PRESS_02,Normal,0,99.49,0,False
LOT004607,MODEL_B,PRESS_01,Normal,0,99.14,0,False
LOT004608,MODEL_A,PRESS_02,Normal,0,97.88,0,False
LOT004609,MODEL_B,PRESS_03,Normal,0,98.38,0,False
LOT004610,MODEL_C,PRESS_02,Normal,0,98.36,0,False
LOT004611,MODEL_C,PRESS_01,Normal,0,98.16,0,False
LOT004612,MODEL_A,PRESS_01,Normal,0,98.22,0,False
LOT004613,MODEL_A,PRESS_03,Normal,0,99.28,0,False
LOT004614,MODEL_C,PRESS_02,Normal,0,98.65,0,False
LOT004615,MODEL_B,PRESS_02,Normal,0,98.95,0,False
LOT004616,MODEL_C,PRESS_02,Normal,0,99.11,0,False
LOT004617,MODEL_A,PRESS_01,Normal,0,98.85,0,False
LOT004618,MODEL_B,PRESS_02,Delamination,1,93.59,1,True
LOT004619,MODEL_A,PRESS_02,Normal,0,98.52,0,False
LOT004620,MODEL_C,PRESS_03,Normal,0,98.41,0,False
LOT004621,MODEL_C,PRESS_02,Normal,0,98.23,0,False
LOT004622,MODEL_A,PRESS_03,Normal,0,99.12,0,False
LOT004623,MODEL_A,PRESS_03,Normal,0,98.75,0,False
LOT004624,MODEL_C,PRESS_01,Normal,0,97.71,0,False
LOT004625,MODEL_A,PRESS_02,Normal,0,98.23,0,False
LOT004626,MODEL_C,PRESS_02,Delamination,1,94.01,1,True
LOT004627,MODEL_C,PRESS_01,Normal,0,98.1,0,False
LOT004628,MODEL_A,PRESS_01,Normal,0,99.15,0,False
LOT004629,MODEL_A,PRESS_03,Normal,0,98.51,0,False
LOT004630,MODEL_C,PRESS_02,Normal,0,97.4,0,False
LOT004631,MODEL_A,PRESS_01,Normal,0,99.93,0,False
LOT004632,MODEL_B,PRESS_01,Normal,0,98.46,0,False
LOT004633,MODEL_A,PRESS_01,Delamination,1,94.52,1,True
LOT004634,MODEL_B,PRESS_01,Normal,0,98.6,0,False
LOT004635,MODEL_B,PRESS_01,Normal,0,98.37,0,False
LOT004636,MODEL_C,PRESS_03,Normal,0,98.46,0,False
LOT004637,MODEL_C,PRESS_03,Normal,0,99.02,0,False
LOT004638,MODEL_B,PRESS_02,Normal,0,98.75,0,False
LOT004639,MODEL_B,PRESS_02,Normal,0,98.04,0,False
LOT004640,MODEL_B,PRESS_03,Normal,0,99.07,0,False
LOT004641,MODEL_C,PRESS_03,Delamination,1,94.02,1,True
LOT004642,MODEL_A,PRESS_01,Normal,0,98.51,0,False
LOT004643,MODEL_A,PRESS_03,Normal,0,98.74,0,False
LOT004644,MODEL_B,PRESS_01,Normal,0,99.67,0,False
LOT004645,MODEL_C,PRESS_01,Normal,0,98.6,0,False
LOT004646,MODEL_C,PRESS_02,Normal,0,98.59,0,False
LOT004647,MODEL_A,PRESS_03,Normal,0,98.46,0,False
LOT004648,MODEL_A,PRESS_01,Normal,0,98.6,0,False
LOT004649,MODEL_B,PRESS_01,Normal,0,98.81,0,False
LOT004650,MODEL_B,PRESS_01,Normal,0,98.85,0,False
LOT004651,MODEL_B,PRESS_02,Normal,0,98.62,0,False
LOT004652,MODEL_A,PRESS_03,Normal,0,98.85,0,False
LOT004653,MODEL_C,PRESS_01,Normal,0,98.51,0,False
LOT004654,MODEL_C,PRESS_01,Normal,0,98.31,0,False
LOT004655,MODEL_C,PRESS_01,Normal,0,98.95,0,False
LOT004656,MODEL_B,PRESS_01,Normal,0,98.59,0,False
LOT004657,MODEL_A,PRESS_01,Normal,0,98.43,0,False
LOT004658,MODEL_B,PRESS_02,Normal,0,98.11,0,False
LOT004659,MODEL_A,PRESS_02,Delamination,1,94.21,1,True
LOT004660,MODEL_A,PRESS_02,Normal,0,98.6,0,False
LOT004661,MODEL_B,PRESS_03,Delamination,1,93.45,1,True
LOT004662,MODEL_B,PRESS_02,Delamination,1,93.3,1,True
LOT004663,MODEL_A,PRESS_01,Normal,0,98.88,0,False
LOT004664,MODEL_C,PRESS_02,Normal,0,98.49,0,False
LOT004665,MODEL_A,PRESS_01,Normal,0,98.91,0,False
LOT004666,MODEL_B,PRESS_03,Normal,0,98.83,0,False
LOT004667,MODEL_B,PRESS_01,Normal,0,97.98,0,False
LOT004668,MODEL_B,PRESS_01,Normal,0,97.42,0,False
LOT004669,MODEL_C,PRESS_03,Normal,0,98.65,0,False
LOT004670,MODEL_C,PRESS_02,Normal,0,98.31,0,False
LOT004671,MODEL_C,PRESS_01,Delamination,1,94.28,1,True
LOT004672,MODEL_B,PRESS_03,Normal,0,99.21,0,False
LOT004673,MODEL_A,PRESS_01,Normal,0,98.42,0,False
LOT004674,MODEL_B,PRESS_03,Normal,0,98.03,0,False
LOT004675,MODEL_B,PRESS_03,Normal,0,98.27,0,False
LOT004676,MODEL_B,PRESS_02,Normal,0,98.75,0,False
LOT004677,MODEL_B,PRESS_02,Normal,0,99.38,0,False
LOT004678,MODEL_A,PRESS_02,Normal,0,98.18,0,False
LOT004679,MODEL_B,PRESS_02,Normal,0,98.48,0,False
LOT004680,MODEL_C,PRESS_01,Normal,0,98.29,0,False
LOT004681,MODEL_B,PRESS_01,Normal,0,98.43,0,False
LOT004682,MODEL_C,PRESS_01,Normal,0,99.06,0,False
LOT004683,MODEL_C,PRESS_03,Normal,0,98.11,0,False
LOT004684,MODEL_C,PRESS_01,Normal,0,98.9,0,False
LOT004685,MODEL_A,PRESS_02,Normal,0,98.53,0,False
LOT004686,MODEL_C,PRESS_03,Normal,0,98.26,0,False
LOT004687,MODEL_B,PRESS_03,Delamination,2,90.2,1,True
LOT004688,MODEL_B,PRESS_01,Normal,0,98.3,0,False
LOT004689,MODEL_B,PRESS_01,Normal,0,99.02,0,False
LOT004690,MODEL_A,PRESS_03,Normal,0,98.29,0,False
LOT004691,MODEL_C,PRESS_01,Normal,0,99.03,0,False
LOT004692,MODEL_B,PRESS_01,Normal,0,98.52,0,False
LOT004693,MODEL_C,PRESS_03,Normal,0,98.97,0,False
LOT004694,MODEL_C,PRESS_03,Normal,0,98.23,0,False
LOT004695,MODEL_B,PRESS_03,Normal,0,97.97,0,False
LOT004696,MODEL_C,PRESS_03,Normal,0,99.13,0,False
LOT004697,MODEL_B,PRESS_01,Normal,0,98.43,0,False
LOT004698,MODEL_B,PRESS_01,Normal,0,98.18,0,False
LOT004699,MODEL_C,PRESS_01,Normal,0,99.53,0,False
LOT004700,MODEL_C,PRESS_01,Delamination,1,93.64,1,True
LOT004701,MODEL_C,PRESS_03,Delamination,1,93.34,1,True
LOT004702,MODEL_C,PRESS_01,Normal,0,98.68,0,False
LOT004703,MODEL_B,PRESS_02,Normal,0,98.67,0,False
LOT004704,MODEL_C,PRESS_03,Normal,0,99.02,0,False
LOT004705,MODEL_A,PRESS_03,Normal,0,99.1,0,False
LOT004706,MODEL_C,PRESS_01,Normal,0,98.49,0,False
LOT004707,MODEL_B,PRESS_02,Normal,0,98.79,0,False
LOT004708,MODEL_B,PRESS_02,Normal,0,98.69,0,False
LOT004709,MODEL_C,PRESS_03,Normal,0,98.1,0,False
LOT004710,MODEL_A,PRESS_02,Normal,0,98.71,0,False
LOT004711,MODEL_C,PRESS_01,Normal,0,99.23,0,False
LOT004712,MODEL_B,PRESS_03,Normal,0,98.99,0,False
LOT004713,MODEL_B,PRESS_03,Normal,0,98.39,0,False
LOT004714,MODEL_A,PRESS_02,Normal,0,98.75,0,False
LOT004715,MODEL_B,PRESS_01,Normal,0,98.96,0,False
LOT004716,MODEL_C,PRESS_02,Normal,0,98.13,0,False
LOT004717,MODEL_A,PRESS_03,Normal,0,98.67,0,False
LOT004718,MODEL_B,PRESS_03,Normal,0,98.03,0,False
LOT004719,MODEL_C,PRESS_02,Delamination,1,93.37,1,True
LOT004720,MODEL_B,PRESS_01,Normal,0,98.29,0,False
LOT004721,MODEL_B,PRESS_02,Normal,0,97.76,0,False
LOT004722,MODEL_B,PRESS_03,Normal,0,98.51,0,False
LOT004723,MODEL_A,PRESS_03,Normal,0,98.56,0,False
LOT004724,MODEL_B,PRESS_01,Normal,0,98.33,0,False
LOT004725,MODEL_C,PRESS_01,Delamination,1,94.49,1,True
LOT004726,MODEL_B,PRESS_02,Normal,0,98.79,0,False
LOT004727,MODEL_B,PRESS_01,Normal,0,98.68,0,False
LOT004728,MODEL_A,PRESS_03,Normal,0,98.63,0,False
LOT004729,MODEL_C,PRESS_01,Normal,0,98.05,0,False
LOT004730,MODEL_C,PRESS_02,Delamination,1,94.17,1,True
LOT004731,MODEL_C,PRESS_03,Delamination,1,93.68,1,True
LOT004732,MODEL_B,PRESS_03,Normal,0,97.97,0,False
LOT004733,MODEL_B,PRESS_03,Normal,0,98.4,0,False
LOT004734,MODEL_B,PRESS_01,Normal,0,97.8,0,False
LOT004735,MODEL_A,PRESS_03,Normal,0,97.92,0,False
LOT004736,MODEL_A,PRESS_02,Normal,0,98.83,0,False
LOT004737,MODEL_B,PRESS_01,Normal,0,98.58,0,False
LOT004738,MODEL_B,PRESS_02,Normal,0,98.09,0,False
LOT004739,MODEL_A,PRESS_02,Normal,0,98.85,0,False
LOT004740,MODEL_C,PRESS_02,Delamination,1,94.16,1,True
LOT004741,MODEL_B,PRESS_01,Normal,0,97.95,0,False
LOT004742,MODEL_C,PRESS_02,Delamination,8,62.32,1,True
LOT004743,MODEL_A,PRESS_02,Normal,0,98.8,0,False
LOT004744,MODEL_A,PRESS_01,Normal,0,98.88,0,False
LOT004745,MODEL_A,PRESS_03,Normal,0,98.85,0,False
LOT004746,MODEL_C,PRESS_01,Normal,0,98.53,0,False
LOT004747,MODEL_A,PRESS_03,Normal,0,98.96,0,False
LOT004748,MODEL_C,PRESS_01,Normal,0,98.57,0,False
LOT004749,MODEL_C,PRESS_03,Normal,0,99.08,0,False
LOT004750,MODEL_A,PRESS_02,Normal,0,99.27,0,False
LOT004751,MODEL_B,PRESS_01,Normal,0,98.65,0,False
LOT004752,MODEL_A,PRESS_01,Normal,0,99.31,0,False
LOT004753,MODEL_B,PRESS_03,Normal,0,98.62,0,False
LOT004754,MODEL_A,PRESS_03,Normal,0,98.19,0,False
LOT004755,MODEL_C,PRESS_01,Normal,0,99.44,0,False
LOT004756,MODEL_C,PRESS_02,Delamination,18,17.76,2,True
LOT004757,MODEL_A,PRESS_02,Normal,0,98.64,0,False
LOT004758,MODEL_A,PRESS_01,Normal,0,99.15,0,False
LOT004759,MODEL_C,PRESS_02,Delamination,1,94.69,1,True
LOT004760,MODEL_B,PRESS_03,Normal,0,98.53,0,False
LOT004761,MODEL_B,PRESS_03,Normal,0,98.5,0,False
LOT004762,MODEL_C,PRESS_03,Normal,0,97.82,0,False
LOT004763,MODEL_A,PRESS_01,Normal,0,99.0,0,False
LOT004764,MODEL_C,PRESS_01,Normal,0,98.84,0,False
LOT004765,MODEL_B,PRESS_02,Normal,0,98.66,0,False
LOT004766,MODEL_B,PRESS_01,Normal,0,98.13,0,False
LOT004767,MODEL_B,PRESS_02,Normal,0,99.43,0,False
LOT004768,MODEL_C,PRESS_01,Normal,0,99.03,0,False
LOT004769,MODEL_B,PRESS_01,Normal,0,98.72,0,False
LOT004770,MODEL_A,PRESS_01,Normal,0,98.17,0,False
LOT004771,MODEL_A,PRESS_01,Normal,0,99.11,0,False
LOT004772,MODEL_C,PRESS_03,Normal,0,98.58,0,False
LOT004773,MODEL_B,PRESS_01,Normal,0,98.04,0,False
LOT004774,MODEL_A,PRESS_03,Normal,0,98.6,0,False
LOT004775,MODEL_A,PRESS_01,Normal,0,98.4,0,False
LOT004776,MODEL_A,PRESS_01,Normal,0,98.5,0,False
LOT004777,MODEL_C,PRESS_02,Normal,0,98.88,0,False
LOT004778,MODEL_C,PRESS_03,Delamination,1,95.14,0,True
LOT004779,MODEL_B,PRESS_01,Normal,0,98.33,0,False
LOT004780,MODEL_A,PRESS_01,Normal,0,98.49,0,False
LOT004781,MODEL_B,PRESS_03,Normal,0,98.93,0,False
LOT004782,MODEL_A,PRESS_02,Normal,0,98.94,0,False
LOT004783,MODEL_B,PRESS_02,Normal,0,98.95,0,False
LOT004784,MODEL_B,PRESS_03,Normal,0,99.24,0,False
LOT004785,MODEL_C,PRESS_03,Normal,0,98.07,0,False
LOT004786,MODEL_A,PRESS_02,Delamination,9,58.24,2,True
LOT004787,MODEL_A,PRESS_02,Delamination,2,89.35,1,True
LOT004788,MODEL_A,PRESS_01,Normal,0,98.16,0,False
LOT004789,MODEL_B,PRESS_01,Normal,0,98.92,0,False
LOT004790,MODEL_B,PRESS_02,Delamination,3,84.83,1,True
LOT004791,MODEL_A,PRESS_01,Normal,0,98.41,0,False
LOT004792,MODEL_C,PRESS_03,Normal,0,98.71,0,False
LOT004793,MODEL_B,PRESS_03,Normal,0,98.15,0,False
LOT004794,MODEL_C,PRESS_01,Normal,0,99.43,0,False
LOT004795,MODEL_B,PRESS_02,Normal,0,98.86,0,False
LOT004796,MODEL_A,PRESS_01,Normal,0,98.47,0,False
LOT004797,MODEL_A,PRESS_02,Normal,0,98.53,0,False
LOT004798,MODEL_B,PRESS_01,Normal,0,99.01,0,False
LOT004799,MODEL_B,PRESS_02,Normal,0,98.19,0,False
LOT004800,MODEL_C,PRESS_02,Normal,0,98.02,0,False
LOT004801,MODEL_C,PRESS_02,Delamination,1,94.23,1,True
LOT004802,MODEL_A,PRESS_02,Normal,0,98.93,0,False
LOT004803,MODEL_A,PRESS_01,Normal,0,98.64,0,False
LOT004804,MODEL_A,PRESS_03,Delamination,1,93.66,1,True
LOT004805,MODEL_A,PRESS_03,Normal,0,99.6,0,False
LOT004806,MODEL_A,PRESS_03,Delamination,1,93.71,1,True
LOT004807,MODEL_A,PRESS_02,Delamination,1,93.95,1,True
LOT004808,MODEL_B,PRESS_03,Normal,0,98.7,0,False
LOT004809,MODEL_A,PRESS_02,Normal,0,98.42,0,False
LOT004810,MODEL_A,PRESS_03,Normal,0,98.95,0,False
LOT004811,MODEL_A,PRESS_01,Normal,0,99.09,0,False
LOT004812,MODEL_C,PRESS_01,Normal,0,98.45,0,False
LOT004813,MODEL_B,PRESS_02,Normal,0,97.54,0,False
LOT004814,MODEL_C,PRESS_02,Normal,0,98.62,0,False
LOT004815,MODEL_A,PRESS_03,Normal,0,99.08,0,False
LOT004816,MODEL_A,PRESS_01,Normal,0,98.83,0,False
LOT004817,MODEL_B,PRESS_03,Normal,0,98.86,0,False
LOT004818,MODEL_B,PRESS_01,Normal,0,98.34,0,False
LOT004819,MODEL_A,PRESS_02,Normal,0,99.09,0,False
LOT004820,MODEL_A,PRESS_03,Normal,0,98.63,0,False
LOT004821,MODEL_B,PRESS_02,Normal,0,98.8,0,False
LOT004822,MODEL_A,PRESS_03,Normal,0,99.03,0,False
LOT004823,MODEL_B,PRESS_03,Normal,0,98.79,0,False
LOT004824,MODEL_C,PRESS_03,Normal,0,98.87,0,False
LOT004825,MODEL_B,PRESS_02,Normal,0,98.41,0,False
LOT004826,MODEL_B,PRESS_02,Normal,0,98.38,0,False
LOT004827,MODEL_B,PRESS_01,Normal,0,98.52,0,False
LOT004828,MODEL_C,PRESS_02,Normal,0,98.99,0,False
LOT004829,MODEL_B,PRESS_03,Normal,0,97.72,0,False
LOT004830,MODEL_B,PRESS_02,Normal,0,98.39,0,False
LOT004831,MODEL_C,PRESS_02,Normal,0,98.05,0,False
LOT004832,MODEL_A,PRESS_01,Normal,0,98.77,0,False
LOT004833,MODEL_A,PRESS_02,Delamination,1,93.54,1,True
LOT004834,MODEL_B,PRESS_01,Normal,0,98.13,0,False
LOT004835,MODEL_A,PRESS_03,Normal,0,98.27,0,False
LOT004836,MODEL_A,PRESS_02,Normal,0,98.63,0,False
LOT004837,MODEL_A,PRESS_01,Normal,0,98.85,0,False
LOT004838,MODEL_C,PRESS_01,Normal,0,98.35,0,False
LOT004839,MODEL_B,PRESS_03,Normal,0,98.53,0,False
LOT004840,MODEL_C,PRESS_03,Delamination,2,90.17,1,True
LOT004841,MODEL_A,PRESS_03,Normal,0,98.41,0,False
LOT004842,MODEL_B,PRESS_01,Normal,0,98.83,0,False
LOT004843,MODEL_B,PRESS_01,Normal,0,99.4,0,False
LOT004844,MODEL_B,PRESS_01,Normal,0,98.72,0,False
LOT004845,MODEL_C,PRESS_03,Normal,0,98.87,0,False
LOT004846,MODEL_C,PRESS_03,Delamination,3,85.65,2,True
LOT004847,MODEL_B,PRESS_03,Normal,0,99.81,0,False
LOT004848,MODEL_C,PRESS_01,Normal,0,99.18,0,False
LOT004849,MODEL_A,PRESS_01,Normal,0,99.58,0,False
LOT004850,MODEL_A,PRESS_03,Normal,0,98.15,0,False
LOT004851,MODEL_C,PRESS_03,Normal,0,99.13,0,False
LOT004852,MODEL_A,PRESS_03,Normal,0,98.83,0,False
LOT004853,MODEL_A,PRESS_01,Normal,0,99.15,0,False
LOT004854,MODEL_A,PRESS_01,Normal,0,99.12,0,False
LOT004855,MODEL_A,PRESS_01,Normal,0,98.75,0,False
LOT004856,MODEL_B,PRESS_03,Normal,0,98.44,0,False
LOT004857,MODEL_A,PRESS_03,Normal,0,98.18,0,False
LOT004858,MODEL_B,PRESS_02,Normal,0,98.69,0,False
LOT004859,MODEL_C,PRESS_01,Normal,0,98.11,0,False
LOT004860,MODEL_A,PRESS_03,Normal,0,98.68,0,False
LOT004861,MODEL_C,PRESS_01,Normal,0,99.1,0,False
LOT004862,MODEL_B,PRESS_03,Normal,0,98.44,0,False
LOT004863,MODEL_B,PRESS_03,Normal,0,98.09,0,False
LOT004864,MODEL_B,PRESS_03,Normal,0,99.12,0,False
LOT004865,MODEL_A,PRESS_03,Delamination,1,93.62,1,True
LOT004866,MODEL_A,PRESS_02,Normal,0,98.43,0,False
LOT004867,MODEL_B,PRESS_02,Normal,0,98.39,0,False
LOT004868,MODEL_C,PRESS_01,Normal,0,98.65,0,False
LOT004869,MODEL_B,PRESS_03,Normal,0,98.63,0,False
LOT004870,MODEL_B,PRESS_03,Normal,0,98.75,0,False
LOT004871,MODEL_B,PRESS_01,Normal,0,98.54,0,False
LOT004872,MODEL_B,PRESS_03,Delamination,1,93.77,1,True
LOT004873,MODEL_A,PRESS_01,Normal,0,98.82,0,False
LOT004874,MODEL_B,PRESS_02,Normal,0,97.87,0,False
LOT004875,MODEL_C,PRESS_01,Normal,0,99.38,0,False
LOT004876,MODEL_A,PRESS_02,Normal,0,98.73,0,False
LOT004877,MODEL_C,PRESS_02,Normal,0,98.89,0,False
LOT004878,MODEL_C,PRESS_02,Normal,0,99.78,0,False
LOT004879,MODEL_A,PRESS_03,Delamination,1,94.15,1,True
LOT004880,MODEL_B,PRESS_03,Normal,0,98.45,0,False
LOT004881,MODEL_C,PRESS_02,Normal,0,98.7,0,False
LOT004882,MODEL_B,PRESS_03,Normal,0,99.03,0,False
LOT004883,MODEL_C,PRESS_02,Normal,0,98.58,0,False
LOT004884,MODEL_C,PRESS_01,Normal,0,98.28,0,False
LOT004885,MODEL_B,PRESS_01,Normal,0,98.48,0,False
LOT004886,MODEL_C,PRESS_01,Normal,0,98.59,0,False
LOT004887,MODEL_C,PRESS_03,Normal,0,98.57,0,False
LOT004888,MODEL_C,PRESS_02,Normal,0,98.3,0,False
LOT004889,MODEL_C,PRESS_02,Normal,0,98.58,0,False
LOT004890,MODEL_A,PRESS_02,Normal,0,98.26,0,False
LOT004891,MODEL_A,PRESS_03,Normal,0,99.08,0,False
LOT004892,MODEL_A,PRESS_02,Normal,0,98.89,0,False
LOT004893,MODEL_A,PRESS_01,Normal,0,99.8,0,False
LOT004894,MODEL_C,PRESS_01,Normal,0,98.42,0,False
LOT004895,MODEL_B,PRESS_02,Normal,0,98.21,0,False
LOT004896,MODEL_B,PRESS_02,Normal,0,98.65,0,False
LOT004897,MODEL_A,PRESS_03,Normal,0,98.82,0,False
LOT004898,MODEL_C,PRESS_02,Normal,0,98.19,0,False
LOT004899,MODEL_B,PRESS_03,Normal,0,98.9,0,False
LOT004900,MODEL_C,PRESS_02,Normal,0,98.2,0,False
LOT004901,MODEL_A,PRESS_02,Normal,0,98.74,0,False
LOT004902,MODEL_A,PRESS_02,Normal,0,98.55,0,False
LOT004903,MODEL_A,PRESS_02,Normal,0,99.41,0,False
LOT004904,MODEL_A,PRESS_03,Normal,0,98.46,0,False
LOT004905,MODEL_C,PRESS_01,Normal,0,98.73,0,False
LOT004906,MODEL_B,PRESS_02,Delamination,1,93.44,2,True
LOT004907,MODEL_B,PRESS_01,Normal,0,98.37,0,False
LOT004908,MODEL_A,PRESS_03,Normal,0,98.6,0,False
LOT004909,MODEL_A,PRESS_03,Normal,0,98.94,0,False
LOT004910,MODEL_C,PRESS_02,Normal,0,98.52,0,False
LOT004911,MODEL_C,PRESS_03,Delamination,1,94.5,1,True
LOT004912,MODEL_C,PRESS_02,Delamination,1,93.65,1,True
LOT004913,MODEL_C,PRESS_01,Normal,0,98.68,0,False
LOT004914,MODEL_B,PRESS_02,Delamination,10,53.5,1,True
LOT004915,MODEL_A,PRESS_03,Delamination,2,89.69,1,True
LOT004916,MODEL_C,PRESS_01,Delamination,1,94.08,1,True
LOT004917,MODEL_C,PRESS_01,Normal,0,99.0,0,False
LOT004918,MODEL_B,PRESS_01,Normal,0,98.21,0,False
LOT004919,MODEL_A,PRESS_03,Normal,0,98.13,0,False
LOT004920,MODEL_C,PRESS_02,Normal,0,98.33,0,False
LOT004921,MODEL_C,PRESS_03,Normal,0,98.4,0,False
LOT004922,MODEL_A,PRESS_03,Normal,0,98.41,0,False
LOT004923,MODEL_A,PRESS_02,Normal,0,99.35,0,False
LOT004924,MODEL_C,PRESS_03,Normal,0,98.43,0,False
LOT004925,MODEL_A,PRESS_01,Normal,0,99.53,0,False
LOT004926,MODEL_C,PRESS_01,Delamination,2,89.49,1,True
LOT004927,MODEL_C,PRESS_02,Delamination,3,85.39,1,True
LOT004928,MODEL_A,PRESS_02,Normal,0,98.66,0,False
LOT004929,MODEL_A,PRESS_01,Normal,0,98.28,0,False
LOT004930,MODEL_B,PRESS_01,Normal,0,98.4,0,False
LOT004931,MODEL_B,PRESS_01,Normal,0,98.99,0,False
LOT004932,MODEL_C,PRESS_03,Normal,0,97.79,0,False
LOT004933,MODEL_B,PRESS_03,Normal,0,98.54,0,False
LOT004934,MODEL_A,PRESS_03,Normal,0,98.0,0,False
LOT004935,MODEL_C,PRESS_02,Normal,0,98.99,0,False
LOT004936,MODEL_C,PRESS_02,Normal,0,97.89,0,False
LOT004937,MODEL_B,PRESS_03,Normal,0,97.92,0,False
LOT004938,MODEL_C,PRESS_02,Normal,0,98.54,0,False
LOT004939,MODEL_C,PRESS_01,Normal,0,98.41,0,False
LOT004940,MODEL_C,PRESS_02,Normal,0,98.79,0,False
LOT004941,MODEL_C,PRESS_03,Normal,0,98.44,0,False
LOT004942,MODEL_B,PRESS_02,Normal,0,97.75,0,False
LOT004943,MODEL_A,PRESS_03,Normal,0,97.25,0,False
LOT004944,MODEL_B,PRESS_03,Normal,0,98.46,0,False
LOT004945,MODEL_C,PRESS_01,Normal,0,99.6,0,False
LOT004946,MODEL_C,PRESS_03,Normal,0,97.93,0,False
LOT004947,MODEL_C,PRESS_02,Normal,0,99.53,0,False
LOT004948,MODEL_B,PRESS_02,Normal,0,98.44,0,False
LOT004949,MODEL_B,PRESS_01,Normal,0,98.33,0,False
LOT004950,MODEL_A,PRESS_02,Normal,0,98.71,0,False
LOT004951,MODEL_A,PRESS_01,Normal,0,98.76,0,False
LOT004952,MODEL_A,PRESS_01,Normal,0,98.43,0,False
LOT004953,MODEL_C,PRESS_03,Normal,0,98.26,0,False
LOT004954,MODEL_C,PRESS_01,Normal,0,98.57,0,False
LOT004955,MODEL_A,PRESS_02,Normal,0,98.36,0,False
LOT004956,MODEL_B,PRESS_01,Normal,0,98.65,0,False
LOT004957,MODEL_B,PRESS_01,Normal,0,98.28,0,False
LOT004958,MODEL_A,PRESS_02,Normal,0,99.09,0,False
LOT004959,MODEL_B,PRESS_03,Normal,0,98.16,0,False
LOT004960,MODEL_B,PRESS_03,Normal,0,97.93,0,False
LOT004961,MODEL_C,PRESS_02,Normal,0,98.87,0,False
LOT004962,MODEL_C,PRESS_02,Normal,0,99.11,0,False
LOT004963,MODEL_A,PRESS_03,Normal,0,98.54,0,False
LOT004964,MODEL_B,PRESS_01,Normal,0,98.31,0,False
LOT004965,MODEL_C,PRESS_03,Normal,0,98.25,0,False
LOT004966,MODEL_C,PRESS_01,Normal,0,98.25,0,False
LOT004967,MODEL_C,PRESS_01,Normal,0,98.88,0,False
LOT004968,MODEL_C,PRESS_02,Normal,0,99.17,0,False
LOT004969,MODEL_A,PRESS_01,Normal,0,98.64,0,False
LOT004970,MODEL_C,PRESS_03,Normal,0,98.25,0,False
LOT004971,MODEL_C,PRESS_03,Normal,0,98.24,0,False
LOT004972,MODEL_C,PRESS_02,Normal,0,98.33,0,False
LOT004973,MODEL_C,PRESS_03,Normal,0,98.59,0,False
LOT004974,MODEL_A,PRESS_03,Normal,0,98.4,0,False
LOT004975,MODEL_A,PRESS_03,Normal,0,98.39,0,False
LOT004976,MODEL_B,PRESS_03,Normal,0,98.14,0,False
LOT004977,MODEL_B,PRESS_02,Normal,0,98.02,0,False
LOT004978,MODEL_A,PRESS_01,Normal,0,98.94,0,False
LOT004979,MODEL_A,PRESS_03,Normal,0,98.49,0,False
LOT004980,MODEL_C,PRESS_02,Delamination,9,58.08,1,True
LOT004981,MODEL_B,PRESS_03,Normal,0,99.22,0,False
LOT004982,MODEL_A,PRESS_03,Normal,0,97.59,0,False
LOT004983,MODEL_B,PRESS_01,Normal,0,98.31,0,False
LOT004984,MODEL_B,PRESS_02,Normal,0,98.24,0,False
LOT004985,MODEL_A,PRESS_01,Normal,0,98.73,0,False
LOT004986,MODEL_C,PRESS_01,Normal,0,97.84,0,False
LOT004987,MODEL_B,PRESS_03,Normal,0,99.33,0,False
LOT004988,MODEL_A,PRESS_03,Normal,0,97.9,0,False
LOT004989,MODEL_A,PRESS_03,Normal,0,98.71,0,False
LOT004990,MODEL_C,PRESS_03,Normal,0,98.21,0,False
LOT004991,MODEL_A,PRESS_02,Normal,0,99.18,0,False
LOT004992,MODEL_A,PRESS_02,Normal,0,98.81,0,False
LOT004993,MODEL_B,PRESS_03,Normal,0,98.2,0,False
LOT004994,MODEL_B,PRESS_02,Normal,0,98.57,0,False
LOT004995,MODEL_A,PRESS_02,Delamination,3,85.67,1,True
LOT004996,MODEL_B,PRESS_01,Normal,0,98.57,0,False
LOT004997,MODEL_A,PRESS_03,Normal,0,97.81,0,False
LOT004998,MODEL_B,PRESS_03,Normal,0,98.87,0,False
LOT004999,MODEL_A,PRESS_03,Normal,0,99.13,0,False
LOT005000,MODEL_B,PRESS_02,Delamination,3,84.6,1,True
LOT005001,MODEL_C,PRESS_01,Delamination,1,94.02,1,True
LOT005002,MODEL_C,PRESS_01,Normal,0,98.18,0,False
LOT005003,MODEL_A,PRESS_02,Delamination,1,93.62,1,True
LOT005004,MODEL_A,PRESS_03,Normal,0,98.42,0,False
LOT005005,MODEL_A,PRESS_03,Normal,0,97.62,0,False
LOT005006,MODEL_B,PRESS_03,Normal,0,98.38,0,False
LOT005007,MODEL_B,PRESS_02,Normal,0,98.36,0,False
LOT005008,MODEL_C,PRESS_03,Normal,0,97.91,0,False
LOT005009,MODEL_C,PRESS_03,Normal,0,98.76,0,False
LOT005010,MODEL_C,PRESS_01,Normal,0,99.19,0,False
LOT005011,MODEL_A,PRESS_03,Normal,0,99.48,0,False
LOT005012,MODEL_A,PRESS_01,Normal,0,98.69,0,False
LOT005013,MODEL_C,PRESS_02,Delamination,2,89.01,1,True
LOT005014,MODEL_C,PRESS_03,Normal,0,98.86,0,False
LOT005015,MODEL_A,PRESS_02,Normal,0,98.96,0,False
LOT005016,MODEL_A,PRESS_03,Normal,0,98.38,0,False
LOT005017,MODEL_C,PRESS_01,Normal,0,99.01,0,False
LOT005018,MODEL_B,PRESS_02,Normal,0,98.17,0,False
LOT005019,MODEL_C,PRESS_03,Normal,0,98.34,0,False
LOT005020,MODEL_B,PRESS_02,Normal,0,98.06,0,False
LOT005021,MODEL_C,PRESS_03,Delamination,1,93.97,1,True
LOT005022,MODEL_C,PRESS_02,Normal,0,98.76,0,False
LOT005023,MODEL_A,PRESS_03,Normal,0,98.44,0,False
LOT005024,MODEL_A,PRESS_02,Delamination,1,94.49,1,True
LOT005025,MODEL_C,PRESS_03,Delamination,1,93.9,1,True
LOT005026,MODEL_A,PRESS_01,Normal,0,99.65,0,False
LOT005027,MODEL_A,PRESS_01,Normal,0,99.13,0,False
LOT005028,MODEL_C,PRESS_01,Normal,0,98.75,0,False
LOT005029,MODEL_A,PRESS_03,Normal,0,98.87,0,False
LOT005030,MODEL_A,PRESS_01,Normal,0,99.81,0,False
LOT005031,MODEL_A,PRESS_01,Normal,0,98.64,0,False
LOT005032,MODEL_B,PRESS_03,Normal,0,98.8,0,False
LOT005033,MODEL_B,PRESS_02,Normal,0,98.51,0,False
LOT005034,MODEL_C,PRESS_01,Normal,0,98.23,0,False
LOT005035,MODEL_C,PRESS_01,Normal,0,98.33,0,False
LOT005036,MODEL_B,PRESS_01,Normal,0,98.51,0,False
LOT005037,MODEL_C,PRESS_03,Normal,0,98.58,0,False
LOT005038,MODEL_A,PRESS_02,Normal,0,98.71,0,False
LOT005039,MODEL_B,PRESS_03,Normal,0,99.03,0,False
LOT005040,MODEL_A,PRESS_01,Normal,0,99.05,0,False
LOT005041,MODEL_A,PRESS_02,Normal,0,99.58,0,False
LOT005042,MODEL_C,PRESS_01,Normal,0,97.9,0,False
LOT005043,MODEL_A,PRESS_02,Normal,0,98.71,0,False
LOT005044,MODEL_B,PRESS_02,Normal,0,99.09,0,False
LOT005045,MODEL_B,PRESS_03,Normal,0,98.37,0,False
LOT005046,MODEL_A,PRESS_02,Normal,0,98.38,0,False
LOT005047,MODEL_C,PRESS_03,Delamination,1,94.76,1,True
LOT005048,MODEL_A,PRESS_02,Normal,0,99.32,0,False
LOT005049,MODEL_A,PRESS_01,Normal,0,98.58,0,False
LOT005050,MODEL_B,PRESS_03,Normal,0,98.54,0,False
LOT005051,MODEL_A,PRESS_02,Normal,0,98.83,0,False
LOT005052,MODEL_C,PRESS_01,Delamination,2,89.1,1,True
LOT005053,MODEL_A,PRESS_03,Normal,0,98.74,0,False
LOT005054,MODEL_A,PRESS_03,Normal,0,97.8,0,False
LOT005055,MODEL_A,PRESS_01,Normal,0,98.08,0,False
LOT005056,MODEL_A,PRESS_03,Normal,0,98.19,0,False
LOT005057,MODEL_A,PRESS_03,Normal,0,98.84,0,False
LOT005058,MODEL_B,PRESS_03,Normal,0,98.57,0,False
LOT005059,MODEL_A,PRESS_01,Normal,0,98.64,0,False
LOT005060,MODEL_A,PRESS_02,Normal,0,98.69,0,False
LOT005061,MODEL_A,PRESS_02,Normal,0,98.99,0,False
LOT005062,MODEL_A,PRESS_02,Normal,0,98.72,0,False
LOT005063,MODEL_B,PRESS_02,Normal,0,99.02,0,False
LOT005064,MODEL_C,PRESS_02,Delamination,1,94.37,1,True
LOT005065,MODEL_A,PRESS_02,Normal,0,98.0,0,False
LOT005066,MODEL_C,PRESS_03,Normal,0,98.92,0,False
LOT005067,MODEL_C,PRESS_02,Normal,0,97.82,0,False
LOT005068,MODEL_A,PRESS_01,Normal,0,98.63,0,False
LOT005069,MODEL_B,PRESS_01,Delamination,1,93.59,1,True
LOT005070,MODEL_B,PRESS_03,Normal,0,98.64,0,False
LOT005071,MODEL_B,PRESS_03,Normal,0,98.22,0,False
LOT005072,MODEL_A,PRESS_02,Normal,0,98.44,0,False
LOT005073,MODEL_B,PRESS_01,Normal,0,98.66,0,False
LOT005074,MODEL_A,PRESS_03,Normal,0,98.82,0,False
LOT005075,MODEL_C,PRESS_01,Normal,0,98.52,0,False
LOT005076,MODEL_B,PRESS_02,Normal,0,98.79,0,False
LOT005077,MODEL_A,PRESS_01,Normal,0,99.4,0,False
LOT005078,MODEL_B,PRESS_01,Normal,0,98.15,0,False
LOT005079,MODEL_C,PRESS_03,Normal,0,98.36,0,False
LOT005080,MODEL_C,PRESS_02,Normal,0,98.97,0,False
LOT005081,MODEL_A,PRESS_01,Normal,0,98.61,0,False
LOT005082,MODEL_C,PRESS_02,Normal,0,99.3,0,False
LOT005083,MODEL_A,PRESS_01,Normal,0,98.55,0,False
LOT005084,MODEL_A,PRESS_02,Normal,0,98.3,0,False
LOT005085,MODEL_A,PRESS_02,Normal,0,98.24,0,False
LOT005086,MODEL_C,PRESS_02,Normal,0,99.05,0,False
LOT005087,MODEL_C,PRESS_03,Delamination,1,94.36,1,True
LOT005088,MODEL_B,PRESS_01,Normal,0,97.97,0,False
LOT005089,MODEL_C,PRESS_01,Normal,0,98.42,0,False
LOT005090,MODEL_A,PRESS_02,Normal,0,98.72,0,False
LOT005091,MODEL_A,PRESS_03,Normal,0,98.57,0,False
LOT005092,MODEL_C,PRESS_02,Normal,0,98.93,0,False
LOT005093,MODEL_C,PRESS_01,Normal,0,97.72,0,False
LOT005094,MODEL_A,PRESS_03,Normal,0,98.43,0,False
LOT005095,MODEL_A,PRESS_02,Normal,0,97.84,0,False
LOT005096,MODEL_B,PRESS_01,Normal,0,98.84,0,False
LOT005097,MODEL_A,PRESS_02,Normal,0,99.06,0,False
LOT005098,MODEL_C,PRESS_01,Normal,0,98.46,0,False
LOT005099,MODEL_C,PRESS_03,Normal,0,98.19,0,False
LOT005100,MODEL_A,PRESS_01,Normal,0,98.6,0,False
LOT005101,MODEL_A,PRESS_02,Normal,0,99.09,0,False
LOT005102,MODEL_C,PRESS_02,Normal,0,98.46,0,False
LOT005103,MODEL_B,PRESS_01,Normal,0,98.28,0,False
LOT005104,MODEL_A,PRESS_02,Normal,0,98.83,0,False
LOT005105,MODEL_A,PRESS_01,Normal,0,98.88,0,False
LOT005106,MODEL_C,PRESS_02,Normal,0,98.39,0,False
LOT005107,MODEL_C,PRESS_03,Normal,0,99.07,0,False
LOT005108,MODEL_A,PRESS_03,Delamination,1,94.03,1,True
LOT005109,MODEL_C,PRESS_01,Normal,0,97.7,0,False
LOT005110,MODEL_A,PRESS_01,Normal,0,98.36,0,False
LOT005111,MODEL_A,PRESS_02,Normal,0,98.31,0,False
LOT005112,MODEL_B,PRESS_03,Normal,0,98.04,0,False
LOT005113,MODEL_B,PRESS_03,Normal,0,98.86,0,False
LOT005114,MODEL_C,PRESS_01,Normal,0,98.07,0,False
LOT005115,MODEL_C,PRESS_01,Normal,0,98.59,0,False
LOT005116,MODEL_A,PRESS_01,Normal,0,97.4,0,False
LOT005117,MODEL_B,PRESS_01,Normal,0,98.43,0,False
LOT005118,MODEL_C,PRESS_02,Normal,0,98.47,0,False
LOT005119,MODEL_B,PRESS_03,Normal,0,98.83,0,False
LOT005120,MODEL_A,PRESS_01,Normal,0,98.96,0,False
LOT005121,MODEL_A,PRESS_03,Normal,0,98.27,0,False
LOT005122,MODEL_B,PRESS_02,Normal,0,99.03,0,False
LOT005123,MODEL_B,PRESS_02,Normal,0,98.01,0,False
LOT005124,MODEL_B,PRESS_03,Normal,0,98.6,0,False
LOT005125,MODEL_A,PRESS_01,Delamination,2,89.97,1,True
LOT005126,MODEL_A,PRESS_03,Normal,0,98.48,0,False
LOT005127,MODEL_B,PRESS_01,Normal,0,98.2,0,False
LOT005128,MODEL_C,PRESS_02,Normal,0,98.29,0,False
LOT005129,MODEL_B,PRESS_03,Normal,0,99.04,0,False
LOT005130,MODEL_B,PRESS_02,Normal,0,98.64,0,False
LOT005131,MODEL_C,PRESS_01,Normal,0,98.62,0,False
LOT005132,MODEL_C,PRESS_02,Normal,0,98.74,0,False
LOT005133,MODEL_C,PRESS_02,Normal,0,98.76,0,False
LOT005134,MODEL_B,PRESS_01,Normal,0,98.21,0,False
LOT005135,MODEL_C,PRESS_03,Normal,0,98.4,0,False
LOT005136,MODEL_B,PRESS_01,Normal,0,98.66,0,False
LOT005137,MODEL_B,PRESS_02,Normal,0,98.94,0,False
LOT005138,MODEL_B,PRESS_02,Normal,0,98.82,0,False
LOT005139,MODEL_C,PRESS_01,Normal,0,98.48,0,False
LOT005140,MODEL_C,PRESS_03,Normal,0,98.73,0,False
LOT005141,MODEL_A,PRESS_02,Normal,0,99.19,0,False
LOT005142,MODEL_C,PRESS_01,Normal,0,98.18,0,False
LOT005143,MODEL_A,PRESS_02,Normal,0,99.46,0,False
LOT005144,MODEL_B,PRESS_02,Normal,0,99.1,0,False
LOT005145,MODEL_C,PRESS_02,Normal,0,98.02,0,False
LOT005146,MODEL_B,PRESS_03,Normal,0,98.33,0,False
LOT005147,MODEL_A,PRESS_02,Delamination,1,93.9,1,True
LOT005148,MODEL_B,PRESS_03,Normal,0,98.86,0,False
LOT005149,MODEL_B,PRESS_02,Normal,0,98.11,0,False
LOT005150,MODEL_B,PRESS_02,Normal,0,99.47,0,False
LOT005151,MODEL_A,PRESS_01,Normal,0,98.77,0,False
LOT005152,MODEL_B,PRESS_02,Normal,0,98.15,0,False
LOT005153,MODEL_A,PRESS_01,Delamination,1,93.85,1,True
LOT005154,MODEL_B,PRESS_03,Normal,0,98.93,0,False
LOT005155,MODEL_C,PRESS_03,Normal,0,99.09,0,False
LOT005156,MODEL_C,PRESS_03,Normal,0,97.92,0,False
LOT005157,MODEL_B,PRESS_03,Normal,0,99.62,0,False
LOT005158,MODEL_C,PRESS_01,Normal,0,97.75,0,False
LOT005159,MODEL_A,PRESS_01,Normal,0,97.97,0,False
LOT005160,MODEL_C,PRESS_03,Normal,0,98.97,0,False
LOT005161,MODEL_B,PRESS_02,Normal,0,98.57,0,False
LOT005162,MODEL_C,PRESS_01,Delamination,1,94.16,1,True
LOT005163,MODEL_C,PRESS_01,Delamination,1,94.14,1,True
LOT005164,MODEL_B,PRESS_03,Normal,0,98.01,0,False
LOT005165,MODEL_B,PRESS_02,Normal,0,98.36,0,False
LOT005166,MODEL_C,PRESS_01,Normal,0,98.79,0,False
LOT005167,MODEL_A,PRESS_03,Normal,0,98.32,0,False
LOT005168,MODEL_A,PRESS_01,Delamination,3,84.73,1,True
LOT005169,MODEL_B,PRESS_02,Delamination,1,94.59,1,True
LOT005170,MODEL_B,PRESS_01,Normal,0,98.56,0,False
LOT005171,MODEL_C,PRESS_02,Normal,0,98.65,0,False
LOT005172,MODEL_A,PRESS_02,Normal,0,98.12,0,False
LOT005173,MODEL_B,PRESS_03,Normal,0,99.58,0,False
LOT005174,MODEL_A,PRESS_02,Normal,0,98.96,0,False
LOT005175,MODEL_A,PRESS_01,Normal,0,98.13,0,False
LOT005176,MODEL_C,PRESS_01,Normal,0,98.58,0,False
LOT005177,MODEL_C,PRESS_01,Normal,0,98.37,0,False
LOT005178,MODEL_C,PRESS_02,Normal,0,98.62,0,False
LOT005179,MODEL_A,PRESS_01,Normal,0,99.16,0,False
LOT005180,MODEL_B,PRESS_02,Normal,0,98.8,0,False
LOT005181,MODEL_C,PRESS_03,Delamination,2,90.4,1,True
LOT005182,MODEL_A,PRESS_03,Delamination,1,93.8,1,True
LOT005183,MODEL_C,PRESS_02,Normal,0,98.86,0,False
LOT005184,MODEL_C,PRESS_03,Normal,0,97.82,0,False
LOT005185,MODEL_B,PRESS_03,Delamination,1,94.34,1,True
LOT005186,MODEL_B,PRESS_02,Normal,0,97.61,0,False
LOT005187,MODEL_A,PRESS_03,Normal,0,97.86,0,False
LOT005188,MODEL_C,PRESS_01,Normal,0,99.18,0,False
LOT005189,MODEL_C,PRESS_03,Normal,0,99.12,0,False
LOT005190,MODEL_C,PRESS_01,Normal,0,98.41,0,False
LOT005191,MODEL_C,PRESS_03,Normal,0,98.52,0,False
LOT005192,MODEL_B,PRESS_03,Normal,0,98.66,0,False
LOT005193,MODEL_C,PRESS_02,Normal,0,98.42,0,False
LOT005194,MODEL_A,PRESS_01,Normal,0,98.35,0,False
LOT005195,MODEL_C,PRESS_02,Normal,0,98.63,0,False
LOT005196,MODEL_A,PRESS_02,Delamination,1,93.96,1,True
LOT005197,MODEL_B,PRESS_03,Normal,0,98.52,0,False
LOT005198,MODEL_A,PRESS_03,Normal,0,99.31,0,False
LOT005199,MODEL_A,PRESS_02,Normal,0,98.68,0,False
LOT005200,MODEL_B,PRESS_03,Normal,0,98.33,0,False
LOT005201,MODEL_B,PRESS_02,Delamination,1,93.74,1,True
LOT005202,MODEL_A,PRESS_02,Delamination,1,94.08,1,True
LOT005203,MODEL_C,PRESS_03,Normal,0,99.11,0,False
LOT005204,MODEL_A,PRESS_03,Normal,0,98.42,0,False
LOT005205,MODEL_C,PRESS_02,Normal,0,98.59,0,False
LOT005206,MODEL_A,PRESS_02,Normal,0,98.84,0,False
LOT005207,MODEL_B,PRESS_03,Normal,0,98.15,0,False
LOT005208,MODEL_A,PRESS_03,Normal,0,98.14,0,False
LOT005209,MODEL_C,PRESS_02,Delamination,1,93.66,1,True
LOT005210,MODEL_C,PRESS_01,Normal,0,98.83,0,False
LOT005211,MODEL_A,PRESS_01,Normal,0,98.89,0,False
LOT005212,MODEL_A,PRESS_01,Normal,0,98.63,0,False
LOT005213,MODEL_B,PRESS_02,Normal,0,98.22,0,False
LOT005214,MODEL_C,PRESS_02,Normal,0,98.71,0,False
LOT005215,MODEL_A,PRESS_03,Normal,0,98.54,0,False
LOT005216,MODEL_A,PRESS_01,Normal,0,98.88,0,False
LOT005217,MODEL_B,PRESS_03,Normal,0,99.08,0,False
LOT005218,MODEL_A,PRESS_02,Normal,0,98.44,0,False
LOT005219,MODEL_A,PRESS_01,Normal,0,98.69,0,False
LOT005220,MODEL_A,PRESS_02,Normal,0,98.87,0,False
LOT005221,MODEL_B,PRESS_01,Normal,0,98.5,0,False
LOT005222,MODEL_C,PRESS_03,Normal,0,98.41,0,False
LOT005223,MODEL_B,PRESS_03,Normal,0,99.39,0,False
LOT005224,MODEL_A,PRESS_03,Delamination,2,89.45,1,True
LOT005225,MODEL_B,PRESS_02,Normal,0,98.2,0,False
LOT005226,MODEL_B,PRESS_02,Normal,0,98.95,0,False
LOT005227,MODEL_A,PRESS_01,Normal,0,98.24,0,False
LOT005228,MODEL_A,PRESS_03,Normal,0,98.85,0,False
LOT005229,MODEL_A,PRESS_01,Normal,0,98.66,0,False
LOT005230,MODEL_C,PRESS_01,Normal,0,99.03,0,False
LOT005231,MODEL_C,PRESS_01,Normal,0,98.84,0,False
LOT005232,MODEL_A,PRESS_02,Normal,0,98.32,0,False
LOT005233,MODEL_A,PRESS_01,Normal,0,98.57,0,False
LOT005234,MODEL_B,PRESS_01,Normal,0,98.83,0,False
LOT005235,MODEL_A,PRESS_02,Normal,0,99.32,0,False
LOT005236,MODEL_C,PRESS_03,Normal,0,98.0,0,False
LOT005237,MODEL_C,PRESS_02,Normal,0,99.16,0,False
LOT005238,MODEL_A,PRESS_03,Normal,0,98.95,0,False
LOT005239,MODEL_A,PRESS_03,Normal,0,99.14,0,False
LOT005240,MODEL_A,PRESS_03,Normal,0,98.5,0,False
LOT005241,MODEL_B,PRESS_02,Normal,0,97.93,0,False
LOT005242,MODEL_C,PRESS_03,Normal,0,98.93,0,False
LOT005243,MODEL_B,PRESS_03,Normal,0,99.36,0,False
LOT005244,MODEL_A,PRESS_03,Normal,0,98.91,0,False
LOT005245,MODEL_A,PRESS_02,Normal,0,97.81,0,False
LOT005246,MODEL_A,PRESS_01,Normal,0,98.57,0,False
LOT005247,MODEL_A,PRESS_02,Normal,0,98.52,0,False
LOT005248,MODEL_B,PRESS_03,Normal,0,98.74,0,False
LOT005249,MODEL_B,PRESS_03,Normal,0,98.52,0,False
LOT005250,MODEL_A,PRESS_02,Normal,0,98.57,0,False
LOT005251,MODEL_A,PRESS_01,Normal,0,98.63,0,False
LOT005252,MODEL_C,PRESS_02,Normal,0,98.36,0,False
LOT005253,MODEL_C,PRESS_03,Normal,0,97.91,0,False
LOT005254,MODEL_B,PRESS_02,Delamination,1,93.92,1,True
LOT005255,MODEL_B,PRESS_02,Normal,0,98.89,0,False
LOT005256,MODEL_B,PRESS_02,Normal,0,98.39,0,False
LOT005257,MODEL_B,PRESS_01,Normal,0,98.87,0,False
LOT005258,MODEL_A,PRESS_01,Normal,0,98.56,0,False
LOT005259,MODEL_B,PRESS_03,Normal,0,98.9,0,False
LOT005260,MODEL_C,PRESS_01,Delamination,1,93.87,1,True
LOT005261,MODEL_B,PRESS_03,Normal,0,99.36,0,False
LOT005262,MODEL_C,PRESS_01,Normal,0,98.42,0,False
LOT005263,MODEL_B,PRESS_02,Delamination,10,53.77,2,True
LOT005264,MODEL_A,PRESS_02,Normal,0,98.53,0,False
LOT005265,MODEL_B,PRESS_03,Normal,0,98.53,0,False
LOT005266,MODEL_C,PRESS_03,Normal,0,98.2,0,False
LOT005267,MODEL_B,PRESS_02,Normal,0,97.94,0,False
LOT005268,MODEL_B,PRESS_02,Delamination,1,94.74,1,True
LOT005269,MODEL_A,PRESS_03,Normal,0,98.55,0,False
LOT005270,MODEL_C,PRESS_02,Normal,0,97.65,0,False
LOT005271,MODEL_B,PRESS_01,Normal,0,98.28,0,False
LOT005272,MODEL_A,PRESS_02,Normal,0,98.15,0,False
LOT005273,MODEL_B,PRESS_01,Normal,0,99.13,0,False
LOT005274,MODEL_A,PRESS_02,Normal,0,98.79,0,False
LOT005275,MODEL_C,PRESS_02,Delamination,1,93.86,1,True
LOT005276,MODEL_C,PRESS_01,Normal,0,99.04,0,False
LOT005277,MODEL_A,PRESS_01,Normal,0,98.67,0,False
LOT005278,MODEL_C,PRESS_03,Normal,0,98.96,0,False
LOT005279,MODEL_A,PRESS_02,Delamination,5,76.24,1,True
LOT005280,MODEL_B,PRESS_01,Normal,0,98.96,0,False
LOT005281,MODEL_B,PRESS_03,Normal,0,98.84,0,False
LOT005282,MODEL_A,PRESS_03,Normal,0,98.17,0,False
LOT005283,MODEL_C,PRESS_03,Delamination,1,94.25,1,True
LOT005284,MODEL_C,PRESS_03,Normal,0,98.66,0,False
LOT005285,MODEL_B,PRESS_03,Normal,0,99.08,0,False
LOT005286,MODEL_A,PRESS_02,Normal,0,98.16,0,False
LOT005287,MODEL_C,PRESS_01,Normal,0,98.72,0,False
LOT005288,MODEL_B,PRESS_03,Normal,0,98.87,0,False
LOT005289,MODEL_C,PRESS_01,Normal,0,98.76,0,False
LOT005290,MODEL_B,PRESS_01,Normal,0,98.88,0,False
LOT005291,MODEL_A,PRESS_03,Delamination,1,93.99,1,True
LOT005292,MODEL_A,PRESS_03,Normal,0,97.72,0,False
LOT005293,MODEL_A,PRESS_02,Normal,0,99.17,0,False
LOT005294,MODEL_A,PRESS_03,Normal,0,97.84,0,False
LOT005295,MODEL_A,PRESS_03,Normal,0,97.98,0,False
LOT005296,MODEL_A,PRESS_03,Normal,0,98.29,0,False
LOT005297,MODEL_C,PRESS_01,Normal,0,98.76,0,False
LOT005298,MODEL_C,PRESS_02,Delamination,1,94.54,1,True
LOT005299,MODEL_A,PRESS_01,Normal,0,98.91,0,False
LOT005300,MODEL_A,PRESS_03,Normal,0,98.06,0,False
LOT005301,MODEL_C,PRESS_01,Normal,0,98.43,0,False
LOT005302,MODEL_B,PRESS_03,Normal,0,98.26,0,False
LOT005303,MODEL_B,PRESS_01,Delamination,1,94.47,1,True
LOT005304,MODEL_C,PRESS_02,Normal,0,98.98,0,False
LOT005305,MODEL_B,PRESS_01,Delamination,1,93.35,1,True
LOT005306,MODEL_C,PRESS_03,Normal,0,98.64,0,False
LOT005307,MODEL_B,PRESS_02,Normal,0,98.58,0,False
LOT005308,MODEL_B,PRESS_03,Normal,0,98.08,0,False
LOT005309,MODEL_A,PRESS_01,Normal,0,98.95,0,False
LOT005310,MODEL_B,PRESS_02,Normal,0,98.62,0,False
LOT005311,MODEL_C,PRESS_03,Normal,0,98.73,0,False
LOT005312,MODEL_B,PRESS_03,Normal,0,98.87,0,False
LOT005313,MODEL_A,PRESS_01,Normal,0,99.16,0,False
LOT005314,MODEL_B,PRESS_02,Normal,0,98.64,0,False
LOT005315,MODEL_C,PRESS_02,Normal,0,98.66,0,False
LOT005316,MODEL_C,PRESS_02,Normal,0,98.52,0,False
LOT005317,MODEL_B,PRESS_02,Delamination,1,93.56,1,True
LOT005318,MODEL_C,PRESS_01,Normal,0,98.13,0,False
LOT005319,MODEL_A,PRESS_03,Normal,0,98.27,0,False
LOT005320,MODEL_B,PRESS_01,Delamination,1,93.73,1,True
LOT005321,MODEL_B,PRESS_01,Normal,0,98.08,0,False
LOT005322,MODEL_A,PRESS_03,Normal,0,99.18,0,False
LOT005323,MODEL_C,PRESS_03,Normal,0,98.57,0,False
LOT005324,MODEL_C,PRESS_02,Normal,0,98.44,0,False
LOT005325,MODEL_A,PRESS_03,Normal,0,98.46,0,False
LOT005326,MODEL_A,PRESS_02,Normal,0,98.88,0,False
LOT005327,MODEL_C,PRESS_02,Normal,0,98.6,0,False
LOT005328,MODEL_C,PRESS_01,Normal,0,99.24,0,False
LOT005329,MODEL_C,PRESS_01,Normal,0,98.06,0,False
LOT005330,MODEL_A,PRESS_02,Normal,0,99.24,0,False
LOT005331,MODEL_C,PRESS_02,Delamination,1,93.62,1,True
LOT005332,MODEL_C,PRESS_03,Normal,0,98.42,1,True
LOT005333,MODEL_C,PRESS_02,Normal,0,98.65,0,False
LOT005334,MODEL_C,PRESS_03,Normal,0,98.56,0,False
LOT005335,MODEL_C,PRESS_02,Normal,0,99.1,0,False
LOT005336,MODEL_B,PRESS_01,Normal,0,98.77,0,False
LOT005337,MODEL_A,PRESS_03,Normal,0,98.1,0,False
LOT005338,MODEL_A,PRESS_02,Normal,0,97.86,0,False
LOT005339,MODEL_C,PRESS_02,Delamination,2,90.18,1,True
LOT005340,MODEL_C,PRESS_02,Normal,0,99.06,0,False
LOT005341,MODEL_A,PRESS_01,Normal,0,98.02,0,False
LOT005342,MODEL_B,PRESS_02,Delamination,7,66.81,1,True
LOT005343,MODEL_A,PRESS_02,Normal,0,98.83,0,False
LOT005344,MODEL_A,PRESS_02,Normal,0,98.23,0,False
LOT005345,MODEL_B,PRESS_01,Normal,0,98.37,0,False
LOT005346,MODEL_B,PRESS_02,Normal,0,98.63,0,False
LOT005347,MODEL_B,PRESS_02,Normal,0,98.14,0,False
LOT005348,MODEL_B,PRESS_02,Normal,0,98.96,0,False
LOT005349,MODEL_B,PRESS_01,Normal,0,99.49,0,False
LOT005350,MODEL_C,PRESS_02,Normal,0,98.52,0,False
LOT005351,MODEL_A,PRESS_01,Normal,0,97.88,0,False
LOT005352,MODEL_A,PRESS_02,Normal,0,98.87,0,False
LOT005353,MODEL_B,PRESS_01,Normal,0,98.4,0,False
LOT005354,MODEL_B,PRESS_02,Normal,0,97.97,0,False
LOT005355,MODEL_C,PRESS_03,Normal,0,97.92,0,False
LOT005356,MODEL_C,PRESS_03,Normal,0,99.02,0,False
LOT005357,MODEL_B,PRESS_03,Normal,0,98.42,0,False
LOT005358,MODEL_A,PRESS_03,Normal,0,98.58,0,False
LOT005359,MODEL_A,PRESS_01,Normal,0,98.51,0,False
LOT005360,MODEL_B,PRESS_02,Normal,0,98.78,0,False
LOT005361,MODEL_B,PRESS_02,Delamination,1,93.92,1,True
LOT005362,MODEL_B,PRESS_03,Normal,0,98.28,0,False
LOT005363,MODEL_A,PRESS_02,Normal,0,98.54,0,False
LOT005364,MODEL_C,PRESS_03,Normal,0,98.27,0,False
LOT005365,MODEL_B,PRESS_01,Normal,0,99.35,0,False
LOT005366,MODEL_B,PRESS_01,Normal,0,98.95,0,False
LOT005367,MODEL_A,PRESS_01,Normal,0,99.12,0,False
LOT005368,MODEL_C,PRESS_02,Delamination,2,89.48,1,True
LOT005369,MODEL_B,PRESS_02,Normal,0,98.68,0,False
LOT005370,MODEL_A,PRESS_01,Normal,0,98.91,0,False
LOT005371,MODEL_A,PRESS_03,Normal,0,99.03,0,False
LOT005372,MODEL_B,PRESS_03,Normal,0,98.14,0,False
LOT005373,MODEL_A,PRESS_02,Normal,0,98.95,0,False
LOT005374,MODEL_C,PRESS_01,Normal,0,98.6,0,False
LOT005375,MODEL_C,PRESS_03,Normal,0,99.98,0,False
LOT005376,MODEL_C,PRESS_03,Normal,0,98.37,0,False
LOT005377,MODEL_B,PRESS_01,Normal,0,99.01,0,False
LOT005378,MODEL_B,PRESS_01,Normal,0,98.1,0,False
LOT005379,MODEL_B,PRESS_02,Normal,0,98.65,0,False
LOT005380,MODEL_B,PRESS_02,Normal,0,98.27,0,False
LOT005381,MODEL_B,PRESS_01,Normal,0,99.58,0,False
LOT005382,MODEL_B,PRESS_03,Normal,0,98.93,0,False
LOT005383,MODEL_C,PRESS_02,Normal,0,98.21,0,False
LOT005384,MODEL_A,PRESS_02,Normal,0,98.85,0,False
LOT005385,MODEL_A,PRESS_01,Normal,0,98.75,0,False
LOT005386,MODEL_C,PRESS_03,Normal,0,98.84,0,False
LOT005387,MODEL_C,PRESS_01,Normal,0,98.34,0,False
LOT005388,MODEL_C,PRESS_03,Normal,0,98.05,0,False
LOT005389,MODEL_B,PRESS_02,Normal,0,98.29,0,False
LOT005390,MODEL_B,PRESS_03,Normal,0,97.88,0,False
LOT005391,MODEL_A,PRESS_01,Normal,0,98.71,0,False
LOT005392,MODEL_A,PRESS_01,Normal,0,98.39,0,False
LOT005393,MODEL_C,PRESS_03,Normal,0,98.28,0,False
LOT005394,MODEL_B,PRESS_03,Normal,0,98.62,0,False
LOT005395,MODEL_B,PRESS_02,Normal,0,99.31,0,False
LOT005396,MODEL_A,PRESS_01,Normal,0,98.82,0,False
LOT005397,MODEL_B,PRESS_03,Normal,0,98.32,0,False
LOT005398,MODEL_C,PRESS_02,Normal,0,98.68,0,False
LOT005399,MODEL_B,PRESS_03,Normal,0,98.56,0,False
LOT005400,MODEL_B,PRESS_03,Normal,0,98.48,0,False
LOT005401,MODEL_C,PRESS_03,Normal,0,98.87,0,False
LOT005402,MODEL_A,PRESS_03,Normal,0,98.67,0,False
LOT005403,MODEL_A,PRESS_03,Normal,0,98.58,0,False
LOT005404,MODEL_B,PRESS_02,Normal,0,99.2,0,False
LOT005405,MODEL_B,PRESS_01,Normal,0,99.09,0,False
LOT005406,MODEL_C,PRESS_02,Normal,0,98.3,0,False
LOT005407,MODEL_A,PRESS_03,Normal,0,98.22,0,False
LOT005408,MODEL_A,PRESS_03,Normal,0,98.77,0,False
LOT005409,MODEL_B,PRESS_02,Normal,0,98.68,0,False
LOT005410,MODEL_B,PRESS_03,Normal,0,98.59,0,False
LOT005411,MODEL_C,PRESS_01,Normal,0,98.13,0,False
LOT005412,MODEL_B,PRESS_02,Normal,0,98.4,0,False
LOT005413,MODEL_B,PRESS_02,Normal,0,98.89,0,False
LOT005414,MODEL_A,PRESS_03,Normal,0,98.68,0,False
LOT005415,MODEL_B,PRESS_01,Normal,0,97.43,0,False
LOT005416,MODEL_B,PRESS_01,Normal,0,97.98,0,False
LOT005417,MODEL_B,PRESS_02,Normal,0,98.66,0,False
LOT005418,MODEL_B,PRESS_01,Normal,0,98.36,0,False
LOT005419,MODEL_B,PRESS_02,Normal,0,99.31,0,False
LOT005420,MODEL_A,PRESS_02,Normal,0,98.38,0,False
LOT005421,MODEL_A,PRESS_03,Normal,0,98.84,0,False
LOT005422,MODEL_A,PRESS_03,Normal,0,98.49,0,False
LOT005423,MODEL_B,PRESS_01,Normal,0,98.87,0,False
LOT005424,MODEL_C,PRESS_01,Normal,0,99.06,0,False
LOT005425,MODEL_C,PRESS_01,Normal,0,98.76,0,False
LOT005426,MODEL_A,PRESS_01,Normal,0,98.75,0,False
LOT005427,MODEL_A,PRESS_03,Normal,0,98.31,0,False
LOT005428,MODEL_B,PRESS_01,Normal,0,98.5,0,False
LOT005429,MODEL_A,PRESS_01,Normal,0,98.8,0,False
LOT005430,MODEL_B,PRESS_03,Delamination,1,94.31,1,True
LOT005431,MODEL_B,PRESS_03,Delamination,2,89.69,2,True
LOT005432,MODEL_C,PRESS_01,Normal,0,98.75,0,False
LOT005433,MODEL_B,PRESS_01,Normal,0,99.06,0,False
LOT005434,MODEL_C,PRESS_02,Normal,0,98.52,0,False
LOT005435,MODEL_B,PRESS_02,Normal,0,98.72,0,False
LOT005436,MODEL_C,PRESS_03,Normal,0,98.56,0,False
LOT005437,MODEL_B,PRESS_02,Normal,0,98.95,0,False
LOT005438,MODEL_B,PRESS_01,Normal,0,98.68,0,False
LOT005439,MODEL_B,PRESS_02,Normal,0,98.26,0,False
LOT005440,MODEL_B,PRESS_02,Normal,0,98.75,0,False
LOT005441,MODEL_C,PRESS_02,Normal,0,98.93,0,False
LOT005442,MODEL_B,PRESS_02,Normal,0,98.41,0,False
LOT005443,MODEL_A,PRESS_03,Normal,0,98.89,0,False
LOT005444,MODEL_B,PRESS_03,Normal,0,98.74,0,False
LOT005445,MODEL_B,PRESS_01,Normal,0,99.02,0,False
LOT005446,MODEL_B,PRESS_02,Delamination,1,93.71,1,True
LOT005447,MODEL_A,PRESS_03,Normal,0,99.38,0,False
LOT005448,MODEL_A,PRESS_02,Normal,0,98.34,0,False
LOT005449,MODEL_A,PRESS_02,Normal,0,98.46,0,False
LOT005450,MODEL_B,PRESS_01,Delamination,1,93.83,1,True
LOT005451,MODEL_A,PRESS_01,Normal,0,98.41,0,False
LOT005452,MODEL_B,PRESS_03,Normal,0,98.19,0,False
LOT005453,MODEL_A,PRESS_03,Normal,0,97.93,0,False
LOT005454,MODEL_A,PRESS_03,Normal,0,98.56,0,False
LOT005455,MODEL_A,PRESS_01,Normal,0,99.31,0,False
LOT005456,MODEL_A,PRESS_01,Normal,0,98.97,0,False
LOT005457,MODEL_A,PRESS_01,Normal,0,98.48,0,False
LOT005458,MODEL_C,PRESS_02,Delamination,1,94.52,1,True
LOT005459,MODEL_A,PRESS_02,Normal,0,98.39,0,False
LOT005460,MODEL_B,PRESS_03,Normal,0,98.12,0,False
LOT005461,MODEL_B,PRESS_03,Normal,0,99.38,0,False
LOT005462,MODEL_C,PRESS_01,Normal,0,99.1,0,False
LOT005463,MODEL_B,PRESS_03,Normal,0,99.54,0,False
LOT005464,MODEL_B,PRESS_01,Normal,0,97.67,0,False
LOT005465,MODEL_C,PRESS_01,Normal,0,98.72,0,False
LOT005466,MODEL_C,PRESS_02,Normal,0,99.28,0,False
LOT005467,MODEL_A,PRESS_01,Normal,0,98.86,0,False
LOT005468,MODEL_C,PRESS_02,Normal,0,98.62,0,False
LOT005469,MODEL_B,PRESS_02,Normal,0,98.64,0,False
LOT005470,MODEL_A,PRESS_01,Normal,0,98.74,0,False
LOT005471,MODEL_B,PRESS_02,Normal,0,98.69,0,False
LOT005472,MODEL_C,PRESS_02,Normal,0,99.62,0,False
LOT005473,MODEL_A,PRESS_03,Normal,0,99.03,0,False
LOT005474,MODEL_A,PRESS_01,Normal,0,98.69,0,False
LOT005475,MODEL_C,PRESS_01,Normal,0,98.58,0,False
LOT005476,MODEL_B,PRESS_02,Normal,0,98.8,0,False
LOT005477,MODEL_A,PRESS_01,Normal,0,97.89,0,False
LOT005478,MODEL_C,PRESS_03,Normal,0,98.59,0,False
LOT005479,MODEL_B,PRESS_01,Normal,0,98.85,0,False
LOT005480,MODEL_A,PRESS_02,Normal,0,98.68,1,True
LOT005481,MODEL_A,PRESS_03,Normal,0,98.11,0,False
LOT005482,MODEL_B,PRESS_01,Normal,0,98.37,0,False
LOT005483,MODEL_A,PRESS_01,Normal,0,98.8,0,False
LOT005484,MODEL_B,PRESS_03,Normal,0,98.51,0,False
LOT005485,MODEL_A,PRESS_02,Delamination,1,95.2,0,True
LOT005486,MODEL_A,PRESS_01,Normal,0,98.97,0,False
LOT005487,MODEL_C,PRESS_01,Normal,0,98.51,0,False
LOT005488,MODEL_A,PRESS_03,Delamination,1,93.83,1,True
LOT005489,MODEL_C,PRESS_03,Normal,0,98.02,0,False
LOT005490,MODEL_A,PRESS_02,Normal,0,98.68,1,True
LOT005491,MODEL_B,PRESS_02,Normal,0,98.97,0,False
LOT005492,MODEL_A,PRESS_03,Normal,0,99.08,0,False
LOT005493,MODEL_B,PRESS_01,Normal,0,98.75,0,False
LOT005494,MODEL_B,PRESS_01,Normal,0,97.8,0,False
LOT005495,MODEL_A,PRESS_03,Normal,0,98.74,0,False
LOT005496,MODEL_B,PRESS_01,Normal,0,99.12,0,False
LOT005497,MODEL_C,PRESS_03,Normal,0,98.34,0,False
LOT005498,MODEL_B,PRESS_02,Normal,0,98.33,0,False
LOT005499,MODEL_A,PRESS_03,Normal,0,98.87,0,False
LOT005500,MODEL_C,PRESS_01,Normal,0,98.89,0,False
LOT005501,MODEL_A,PRESS_03,Normal,0,98.57,0,False
LOT005502,MODEL_A,PRESS_01,Normal,0,99.17,0,False
LOT005503,MODEL_B,PRESS_01,Normal,0,98.48,0,False
LOT005504,MODEL_A,PRESS_03,Normal,0,99.15,0,False
LOT005505,MODEL_A,PRESS_02,Normal,0,98.55,0,False
LOT005506,MODEL_C,PRESS_03,Normal,0,98.44,0,False
LOT005507,MODEL_B,PRESS_01,Normal,0,98.33,0,False
LOT005508,MODEL_C,PRESS_01,Normal,0,99.17,0,False
LOT005509,MODEL_B,PRESS_02,Normal,0,98.85,0,False
LOT005510,MODEL_B,PRESS_03,Normal,0,99.09,0,False
LOT005511,MODEL_C,PRESS_02,Normal,0,99.18,0,False
LOT005512,MODEL_A,PRESS_03,Normal,0,98.02,0,False
LOT005513,MODEL_B,PRESS_03,Normal,0,98.22,0,False
LOT005514,MODEL_C,PRESS_03,Normal,0,98.36,0,False
LOT005515,MODEL_A,PRESS_02,Normal,0,98.22,0,False
LOT005516,MODEL_C,PRESS_03,Normal,0,98.24,0,False
LOT005517,MODEL_A,PRESS_02,Normal,0,98.65,0,False
LOT005518,MODEL_B,PRESS_03,Normal,0,97.93,0,False
LOT005519,MODEL_C,PRESS_02,Normal,0,98.55,0,False
LOT005520,MODEL_A,PRESS_02,Normal,0,99.01,0,False
LOT005521,MODEL_C,PRESS_02,Normal,0,99.15,0,False
LOT005522,MODEL_A,PRESS_02,Normal,0,99.16,0,False
LOT005523,MODEL_A,PRESS_03,Normal,0,98.35,0,False
LOT005524,MODEL_B,PRESS_03,Delamination,2,88.74,1,True
LOT005525,MODEL_B,PRESS_02,Normal,0,98.5,0,False
LOT005526,MODEL_C,PRESS_01,Normal,0,97.93,0,False
LOT005527,MODEL_C,PRESS_02,Normal,0,98.42,0,False
LOT005528,MODEL_C,PRESS_01,Normal,0,98.83,0,False
LOT005529,MODEL_B,PRESS_01,Normal,0,98.2,0,False
LOT005530,MODEL_A,PRESS_01,Normal,0,99.16,0,False
LOT005531,MODEL_C,PRESS_02,Delamination,4,81.56,1,True
LOT005532,MODEL_B,PRESS_03,Normal,0,99.88,0,False
LOT005533,MODEL_A,PRESS_02,Normal,0,98.05,0,False
LOT005534,MODEL_C,PRESS_02,Normal,0,99.53,0,False
LOT005535,MODEL_B,PRESS_01,Normal,0,98.88,0,False
LOT005536,MODEL_B,PRESS_03,Normal,0,98.5,0,False
LOT005537,MODEL_B,PRESS_01,Normal,0,98.4,0,False
LOT005538,MODEL_C,PRESS_03,Delamination,2,89.38,1,True
LOT005539,MODEL_A,PRESS_03,Normal,0,98.18,0,False
LOT005540,MODEL_B,PRESS_03,Normal,0,98.49,0,False
LOT005541,MODEL_A,PRESS_01,Normal,0,98.86,0,False
LOT005542,MODEL_B,PRESS_01,Normal,0,98.47,0,False
LOT005543,MODEL_A,PRESS_01,Delamination,1,94.25,1,True
LOT005544,MODEL_B,PRESS_03,Normal,0,98.97,0,False
LOT005545,MODEL_C,PRESS_01,Normal,0,98.55,0,False
LOT005546,MODEL_B,PRESS_03,Normal,0,98.42,0,False
LOT005547,MODEL_C,PRESS_01,Normal,0,98.67,0,False
LOT005548,MODEL_C,PRESS_01,Normal,0,99.0,0,False
LOT005549,MODEL_A,PRESS_01,Normal,0,98.49,0,False
LOT005550,MODEL_B,PRESS_03,Delamination,1,94.26,1,True
LOT005551,MODEL_B,PRESS_02,Normal,0,98.77,0,False
LOT005552,MODEL_B,PRESS_02,Delamination,16,26.89,1,True
LOT005553,MODEL_C,PRESS_02,Normal,0,98.71,0,False
LOT005554,MODEL_B,PRESS_02,Normal,0,98.67,0,False
LOT005555,MODEL_A,PRESS_02,Normal,0,98.47,0,False
LOT005556,MODEL_B,PRESS_02,Normal,0,98.41,0,False
LOT005557,MODEL_A,PRESS_01,Normal,0,99.22,0,False
LOT005558,MODEL_B,PRESS_01,Normal,0,98.57,0,False
LOT005559,MODEL_B,PRESS_02,Normal,0,98.04,0,False
LOT005560,MODEL_C,PRESS_01,Normal,0,99.25,0,False
LOT005561,MODEL_A,PRESS_02,Normal,0,98.42,0,False
LOT005562,MODEL_B,PRESS_01,Normal,0,98.5,0,False
LOT005563,MODEL_A,PRESS_03,Normal,0,98.46,0,False
LOT005564,MODEL_B,PRESS_01,Delamination,2,89.7,1,True
LOT005565,MODEL_B,PRESS_01,Normal,0,99.03,0,False
LOT005566,MODEL_B,PRESS_02,Normal,0,98.29,0,False
LOT005567,MODEL_A,PRESS_01,Normal,0,98.53,0,False
LOT005568,MODEL_A,PRESS_02,Normal,0,98.24,0,False
LOT005569,MODEL_B,PRESS_01,Normal,0,98.92,0,False
LOT005570,MODEL_B,PRESS_01,Normal,0,98.16,0,False
LOT005571,MODEL_A,PRESS_03,Normal,0,99.1,0,False
LOT005572,MODEL_B,PRESS_03,Normal,0,98.68,0,False
LOT005573,MODEL_A,PRESS_01,Normal,0,98.71,0,False
LOT005574,MODEL_B,PRESS_03,Normal,0,98.29,0,False
LOT005575,MODEL_B,PRESS_03,Normal,0,98.4,0,False
LOT005576,MODEL_C,PRESS_02,Delamination,1,94.11,1,True
LOT005577,MODEL_C,PRESS_02,Normal,0,98.65,0,False
LOT005578,MODEL_C,PRESS_03,Normal,0,98.98,0,False
LOT005579,MODEL_A,PRESS_02,Normal,0,99.17,0,False
LOT005580,MODEL_C,PRESS_02,Normal,0,99.0,0,False
LOT005581,MODEL_B,PRESS_02,Delamination,1,93.81,1,True
LOT005582,MODEL_B,PRESS_03,Normal,0,99.34,0,False
LOT005583,MODEL_C,PRESS_03,Normal,0,98.86,0,False
LOT005584,MODEL_A,PRESS_01,Normal,0,98.54,0,False
LOT005585,MODEL_A,PRESS_02,Normal,0,98.31,0,False
LOT005586,MODEL_C,PRESS_03,Normal,0,98.32,0,False
LOT005587,MODEL_B,PRESS_01,Normal,0,99.01,0,False
LOT005588,MODEL_B,PRESS_03,Normal,0,98.87,0,False
LOT005589,MODEL_A,PRESS_03,Normal,0,98.43,0,False
LOT005590,MODEL_B,PRESS_03,Normal,0,98.89,0,False
LOT005591,MODEL_A,PRESS_01,Normal,0,98.37,0,False
LOT005592,MODEL_B,PRESS_02,Normal,0,98.59,0,False
LOT005593,MODEL_B,PRESS_02,Normal,0,99.37,0,False
LOT005594,MODEL_C,PRESS_02,Normal,0,98.25,0,False
LOT005595,MODEL_C,PRESS_03,Normal,0,98.67,0,False
LOT005596,MODEL_A,PRESS_02,Delamination,3,85.26,1,True
LOT005597,MODEL_A,PRESS_02,Normal,0,98.43,0,False
LOT005598,MODEL_B,PRESS_03,Normal,0,98.87,0,False
LOT005599,MODEL_C,PRESS_03,Normal,0,97.56,0,False
LOT005600,MODEL_A,PRESS_03,Normal,0,98.64,0,False
LOT005601,MODEL_B,PRESS_02,Normal,0,98.89,0,False
LOT005602,MODEL_B,PRESS_03,Normal,0,98.28,0,False
LOT005603,MODEL_A,PRESS_01,Normal,0,98.98,0,False
LOT005604,MODEL_B,PRESS_02,Normal,0,98.36,0,False
LOT005605,MODEL_A,PRESS_02,Normal,0,98.79,0,False
LOT005606,MODEL_B,PRESS_01,Normal,0,98.22,0,False
LOT005607,MODEL_C,PRESS_02,Normal,0,98.26,0,False
LOT005608,MODEL_B,PRESS_02,Normal,0,98.26,0,False
LOT005609,MODEL_A,PRESS_02,Normal,0,98.12,0,False
LOT005610,MODEL_C,PRESS_01,Normal,0,98.24,0,False
LOT005611,MODEL_A,PRESS_01,Delamination,1,94.5,1,True
LOT005612,MODEL_C,PRESS_01,Normal,0,98.92,0,False
LOT005613,MODEL_C,PRESS_02,Normal,0,98.05,0,False
LOT005614,MODEL_B,PRESS_01,Normal,0,99.05,0,False
LOT005615,MODEL_A,PRESS_02,Normal,0,99.22,0,False
LOT005616,MODEL_C,PRESS_03,Normal,0,98.77,0,False
LOT005617,MODEL_C,PRESS_03,Normal,0,98.53,0,False
LOT005618,MODEL_B,PRESS_01,Normal,0,98.15,0,False
LOT005619,MODEL_C,PRESS_03,Normal,0,99.44,0,False
LOT005620,MODEL_C,PRESS_01,Normal,0,98.28,0,False
LOT005621,MODEL_C,PRESS_01,Normal,0,98.47,0,False
LOT005622,MODEL_A,PRESS_01,Normal,0,97.73,0,False
LOT005623,MODEL_B,PRESS_01,Normal,0,99.09,0,False
LOT005624,MODEL_A,PRESS_03,Normal,0,98.34,0,False
LOT005625,MODEL_A,PRESS_01,Normal,0,97.78,0,False
LOT005626,MODEL_B,PRESS_03,Normal,0,98.35,0,False
LOT005627,MODEL_A,PRESS_02,Normal,0,98.88,0,False
LOT005628,MODEL_A,PRESS_01,Normal,0,98.71,0,False
LOT005629,MODEL_C,PRESS_02,Delamination,2,89.63,1,True
LOT005630,MODEL_B,PRESS_01,Normal,0,98.87,0,False
LOT005631,MODEL_B,PRESS_02,Delamination,1,94.22,1,True
LOT005632,MODEL_A,PRESS_02,Normal,0,99.07,0,False
LOT005633,MODEL_C,PRESS_02,Normal,0,99.03,0,False
LOT005634,MODEL_B,PRESS_01,Normal,0,98.28,0,False
LOT005635,MODEL_B,PRESS_03,Normal,0,99.06,0,False
LOT005636,MODEL_A,PRESS_02,Normal,0,98.47,0,False
LOT005637,MODEL_A,PRESS_01,Normal,0,98.74,0,False
LOT005638,MODEL_A,PRESS_02,Normal,0,98.51,0,False
LOT005639,MODEL_A,PRESS_01,Normal,0,99.35,0,False
LOT005640,MODEL_C,PRESS_03,Normal,0,98.05,0,False
LOT005641,MODEL_B,PRESS_03,Normal,0,98.83,0,False
LOT005642,MODEL_B,PRESS_01,Normal,0,98.75,0,False
LOT005643,MODEL_C,PRESS_03,Normal,0,98.69,0,False
LOT005644,MODEL_C,PRESS_03,Normal,0,98.08,0,False
LOT005645,MODEL_A,PRESS_02,Normal,0,98.11,0,False
LOT005646,MODEL_B,PRESS_01,Delamination,1,94.22,1,True
LOT005647,MODEL_B,PRESS_03,Normal,0,98.15,0,False
LOT005648,MODEL_A,PRESS_03,Normal,0,99.46,0,False
LOT005649,MODEL_C,PRESS_03,Normal,0,98.79,0,False
LOT005650,MODEL_B,PRESS_03,Normal,0,99.02,0,False
LOT005651,MODEL_B,PRESS_03,Normal,0,98.17,0,False
LOT005652,MODEL_B,PRESS_03,Normal,0,98.96,0,False
LOT005653,MODEL_C,PRESS_01,Normal,0,99.37,0,False
LOT005654,MODEL_A,PRESS_02,Delamination,3,85.23,2,True
LOT005655,MODEL_B,PRESS_01,Normal,0,98.95,0,False
LOT005656,MODEL_C,PRESS_01,Normal,0,98.65,0,False
LOT005657,MODEL_C,PRESS_03,Normal,0,98.35,0,False
LOT005658,MODEL_B,PRESS_03,Normal,0,98.67,0,False
LOT005659,MODEL_A,PRESS_02,Normal,0,99.01,0,False
LOT005660,MODEL_C,PRESS_03,Normal,0,98.42,0,False
LOT005661,MODEL_C,PRESS_01,Normal,0,99.15,0,False
LOT005662,MODEL_B,PRESS_01,Normal,0,98.41,0,False
LOT005663,MODEL_B,PRESS_03,Normal,0,98.6,0,False
LOT005664,MODEL_B,PRESS_02,Normal,0,98.73,0,False
LOT005665,MODEL_A,PRESS_02,Normal,0,98.17,0,False
LOT005666,MODEL_A,PRESS_02,Normal,0,97.97,0,False
LOT005667,MODEL_C,PRESS_01,Normal,0,98.79,0,False
LOT005668,MODEL_C,PRESS_03,Normal,0,98.98,0,False
LOT005669,MODEL_A,PRESS_03,Normal,0,98.4,0,False
LOT005670,MODEL_B,PRESS_03,Normal,0,98.71,0,False
LOT005671,MODEL_C,PRESS_02,Normal,0,97.9,1,True
LOT005672,MODEL_A,PRESS_02,Delamination,5,75.5,1,True
LOT005673,MODEL_A,PRESS_03,Normal,0,98.11,0,False
LOT005674,MODEL_A,PRESS_02,Normal,0,98.49,0,False
LOT005675,MODEL_A,PRESS_02,Normal,0,98.48,0,False
LOT005676,MODEL_B,PRESS_01,Normal,0,98.8,0,False
LOT005677,MODEL_B,PRESS_02,Normal,0,98.16,0,False
LOT005678,MODEL_C,PRESS_02,Normal,0,99.54,0,False
LOT005679,MODEL_C,PRESS_02,Delamination,1,94.07,1,True
LOT005680,MODEL_C,PRESS_01,Normal,0,98.78,0,False
LOT005681,MODEL_C,PRESS_01,Normal,0,99.48,0,False
LOT005682,MODEL_C,PRESS_03,Normal,0,98.46,0,False
LOT005683,MODEL_B,PRESS_02,Normal,0,98.05,0,False
LOT005684,MODEL_C,PRESS_02,Delamination,4,80.01,1,True
LOT005685,MODEL_A,PRESS_02,Normal,0,99.44,0,False
LOT005686,MODEL_C,PRESS_02,Normal,0,98.35,0,False
LOT005687,MODEL_A,PRESS_03,Normal,0,98.29,0,False
LOT005688,MODEL_B,PRESS_01,Normal,0,98.66,0,False
LOT005689,MODEL_A,PRESS_03,Normal,0,98.77,0,False
LOT005690,MODEL_B,PRESS_01,Delamination,1,94.88,1,True
LOT005691,MODEL_C,PRESS_02,Normal,0,98.52,0,False
LOT005692,MODEL_A,PRESS_02,Normal,0,98.84,0,False
LOT005693,MODEL_B,PRESS_03,Normal,0,98.45,0,False
LOT005694,MODEL_A,PRESS_01,Normal,0,98.77,0,False
LOT005695,MODEL_A,PRESS_02,Normal,0,98.74,0,False
LOT005696,MODEL_B,PRESS_01,Normal,0,98.67,0,False
LOT005697,MODEL_B,PRESS_01,Normal,0,99.46,0,False
LOT005698,MODEL_A,PRESS_03,Normal,0,99.27,0,False
LOT005699,MODEL_B,PRESS_03,Normal,0,98.16,0,False
LOT005700,MODEL_C,PRESS_02,Normal,0,98.53,0,False
LOT005701,MODEL_B,PRESS_02,Normal,0,98.23,0,False
LOT005702,MODEL_C,PRESS_02,Normal,0,99.31,0,False
LOT005703,MODEL_C,PRESS_01,Normal,0,98.22,0,False
LOT005704,MODEL_B,PRESS_02,Normal,0,99.15,0,False
LOT005705,MODEL_B,PRESS_01,Normal,0,99.2,0,False
LOT005706,MODEL_C,PRESS_03,Normal,0,98.11,0,False
LOT005707,MODEL_B,PRESS_02,Normal,0,97.91,0,False
LOT005708,MODEL_B,PRESS_01,Normal,0,97.78,0,False
LOT005709,MODEL_A,PRESS_02,Normal,0,99.03,0,False
LOT005710,MODEL_A,PRESS_03,Normal,0,98.9,0,False
LOT005711,MODEL_A,PRESS_01,Normal,0,98.83,0,False
LOT005712,MODEL_B,PRESS_03,Normal,0,99.12,0,False
LOT005713,MODEL_C,PRESS_02,Normal,0,98.34,0,False
LOT005714,MODEL_A,PRESS_02,Normal,0,98.54,0,False
LOT005715,MODEL_A,PRESS_03,Normal,0,99.64,0,False
LOT005716,MODEL_A,PRESS_02,Normal,0,98.82,0,False
LOT005717,MODEL_B,PRESS_01,Normal,0,97.89,0,False
LOT005718,MODEL_A,PRESS_03,Normal,0,99.0,0,False
LOT005719,MODEL_A,PRESS_01,Normal,0,99.34,0,False
LOT005720,MODEL_A,PRESS_02,Delamination,1,93.76,1,True
LOT005721,MODEL_A,PRESS_03,Delamination,1,94.69,1,True
LOT005722,MODEL_A,PRESS_02,Normal,0,98.63,0,False
LOT005723,MODEL_C,PRESS_03,Normal,0,98.43,0,False
LOT005724,MODEL_C,PRESS_02,Normal,0,98.41,0,False
LOT005725,MODEL_B,PRESS_01,Normal,0,98.76,0,False
LOT005726,MODEL_A,PRESS_01,Normal,0,98.28,0,False
LOT005727,MODEL_A,PRESS_02,Normal,0,98.48,0,False
LOT005728,MODEL_A,PRESS_01,Normal,0,99.03,0,False
LOT005729,MODEL_B,PRESS_02,Normal,0,98.79,0,False
LOT005730,MODEL_B,PRESS_02,Normal,0,98.88,0,False
LOT005731,MODEL_A,PRESS_03,Normal,0,98.33,0,False
LOT005732,MODEL_B,PRESS_01,Normal,0,98.54,0,False
LOT005733,MODEL_A,PRESS_03,Normal,0,98.88,0,False
LOT005734,MODEL_B,PRESS_02,Normal,0,98.74,0,False
LOT005735,MODEL_C,PRESS_02,Normal,0,98.99,0,False
LOT005736,MODEL_A,PRESS_02,Delamination,1,94.19,1,True
LOT005737,MODEL_B,PRESS_01,Normal,0,98.1,0,False
LOT005738,MODEL_B,PRESS_03,Normal,0,98.8,0,False
LOT005739,MODEL_C,PRESS_01,Normal,0,98.07,0,False
LOT005740,MODEL_B,PRESS_01,Normal,0,98.58,0,False
LOT005741,MODEL_B,PRESS_03,Normal,0,99.23,0,False
LOT005742,MODEL_C,PRESS_02,Normal,0,98.48,0,False
LOT005743,MODEL_B,PRESS_03,Normal,0,98.2,0,False
LOT005744,MODEL_B,PRESS_02,Normal,0,98.7,0,False
LOT005745,MODEL_A,PRESS_01,Delamination,1,94.39,1,True
LOT005746,MODEL_B,PRESS_01,Normal,0,98.36,0,False
LOT005747,MODEL_A,PRESS_02,Normal,0,98.73,0,False
LOT005748,MODEL_B,PRESS_01,Normal,0,98.92,0,False
LOT005749,MODEL_A,PRESS_03,Normal,0,97.91,0,False
LOT005750,MODEL_A,PRESS_01,Normal,0,98.73,0,False
LOT005751,MODEL_B,PRESS_03,Normal,0,98.61,0,False
LOT005752,MODEL_B,PRESS_01,Normal,0,98.3,0,False
LOT005753,MODEL_C,PRESS_01,Delamination,1,94.43,1,True
LOT005754,MODEL_A,PRESS_01,Normal,0,99.41,0,False
LOT005755,MODEL_C,PRESS_01,Normal,0,98.19,0,False
LOT005756,MODEL_A,PRESS_02,Normal,0,98.95,0,False
LOT005757,MODEL_C,PRESS_01,Normal,0,97.75,0,False
LOT005758,MODEL_C,PRESS_02,Normal,0,97.89,0,False
LOT005759,MODEL_C,PRESS_02,Normal,0,98.72,0,False
LOT005760,MODEL_A,PRESS_01,Normal,0,97.69,0,False
LOT005761,MODEL_C,PRESS_01,Normal,0,98.48,0,False
LOT005762,MODEL_A,PRESS_01,Normal,0,98.45,0,False
LOT005763,MODEL_C,PRESS_01,Normal,0,99.03,0,False
LOT005764,MODEL_B,PRESS_01,Normal,0,97.85,0,False
LOT005765,MODEL_B,PRESS_01,Normal,0,98.51,0,False
LOT005766,MODEL_B,PRESS_02,Normal,0,98.52,0,False
LOT005767,MODEL_A,PRESS_01,Normal,0,98.16,0,False
LOT005768,MODEL_C,PRESS_01,Delamination,1,93.82,1,True
LOT005769,MODEL_C,PRESS_02,Delamination,1,94.06,1,True
LOT005770,MODEL_C,PRESS_02,Delamination,1,94.87,2,True
LOT005771,MODEL_C,PRESS_01,Normal,0,98.23,0,False
LOT005772,MODEL_C,PRESS_01,Normal,0,98.43,0,False
LOT005773,MODEL_C,PRESS_02,Delamination,8,63.37,1,True
LOT005774,MODEL_B,PRESS_01,Normal,0,98.67,0,False
LOT005775,MODEL_C,PRESS_02,Normal,0,98.48,0,False
LOT005776,MODEL_A,PRESS_03,Normal,0,99.21,0,False
LOT005777,MODEL_C,PRESS_02,Delamination,1,93.54,1,True
LOT005778,MODEL_B,PRESS_01,Normal,0,98.93,0,False
LOT005779,MODEL_B,PRESS_03,Normal,0,97.67,0,False
LOT005780,MODEL_B,PRESS_01,Normal,0,97.99,0,False
LOT005781,MODEL_A,PRESS_01,Normal,0,98.84,0,False
LOT005782,MODEL_B,PRESS_01,Normal,0,98.21,0,False
LOT005783,MODEL_B,PRESS_03,Normal,0,98.42,0,False
LOT005784,MODEL_A,PRESS_03,Normal,0,98.24,0,False
LOT005785,MODEL_C,PRESS_02,Normal,0,98.66,0,False
LOT005786,MODEL_A,PRESS_02,Normal,0,99.4,0,False
LOT005787,MODEL_C,PRESS_02,Normal,0,97.77,0,False
LOT005788,MODEL_A,PRESS_02,Normal,0,98.22,0,False
LOT005789,MODEL_A,PRESS_02,Normal,0,98.64,0,False
LOT005790,MODEL_A,PRESS_03,Normal,0,98.28,0,False
LOT005791,MODEL_A,PRESS_03,Normal,0,98.73,0,False
LOT005792,MODEL_A,PRESS_01,Normal,0,99.0,0,False
LOT005793,MODEL_C,PRESS_02,Delamination,1,93.8,1,True
LOT005794,MODEL_C,PRESS_03,Normal,0,98.12,0,False
LOT005795,MODEL_B,PRESS_02,Delamination,4,81.1,1,True
LOT005796,MODEL_A,PRESS_01,Normal,0,98.88,0,False
LOT005797,MODEL_C,PRESS_03,Normal,0,98.85,0,False
LOT005798,MODEL_B,PRESS_02,Normal,0,98.65,0,False
LOT005799,MODEL_B,PRESS_02,Normal,0,99.11,0,False
LOT005800,MODEL_C,PRESS_02,Normal,0,98.29,0,False
LOT005801,MODEL_B,PRESS_01,Normal,0,98.85,0,False
LOT005802,MODEL_B,PRESS_02,Normal,0,99.14,0,False
LOT005803,MODEL_C,PRESS_02,Normal,0,98.95,0,False
LOT005804,MODEL_B,PRESS_03,Normal,0,98.97,0,False
LOT005805,MODEL_C,PRESS_01,Delamination,1,93.81,1,True
LOT005806,MODEL_C,PRESS_01,Normal,0,98.66,0,False
LOT005807,MODEL_C,PRESS_02,Delamination,1,93.37,1,True
LOT005808,MODEL_A,PRESS_03,Normal,0,98.39,0,False
LOT005809,MODEL_A,PRESS_02,Normal,0,98.65,0,False
LOT005810,MODEL_B,PRESS_02,Delamination,4,80.78,1,True
LOT005811,MODEL_B,PRESS_03,Normal,0,98.89,0,False
LOT005812,MODEL_C,PRESS_02,Normal,0,98.77,0,False
LOT005813,MODEL_A,PRESS_01,Normal,0,98.57,0,False
LOT005814,MODEL_C,PRESS_03,Normal,0,98.02,0,False
LOT005815,MODEL_C,PRESS_02,Normal,0,98.54,0,False
LOT005816,MODEL_C,PRESS_01,Normal,0,98.6,0,False
LOT005817,MODEL_C,PRESS_02,Normal,0,97.63,0,False
LOT005818,MODEL_C,PRESS_03,Normal,0,99.3,0,False
LOT005819,MODEL_B,PRESS_02,Normal,0,99.27,0,False
LOT005820,MODEL_B,PRESS_02,Normal,0,98.53,0,False
LOT005821,MODEL_B,PRESS_02,Normal,0,98.75,0,False
LOT005822,MODEL_C,PRESS_03,Delamination,1,94.43,1,True
LOT005823,MODEL_A,PRESS_03,Normal,0,99.1,0,False
LOT005824,MODEL_B,PRESS_01,Normal,0,99.48,0,False
LOT005825,MODEL_B,PRESS_02,Delamination,6,72.26,1,True
LOT005826,MODEL_B,PRESS_02,Normal,0,98.77,0,False
LOT005827,MODEL_B,PRESS_01,Normal,0,98.5,0,False
LOT005828,MODEL_C,PRESS_03,Normal,0,99.07,0,False
LOT005829,MODEL_A,PRESS_01,Normal,0,98.73,0,False
LOT005830,MODEL_C,PRESS_02,Normal,0,98.56,0,False
LOT005831,MODEL_C,PRESS_01,Normal,0,97.65,0,False
LOT005832,MODEL_C,PRESS_01,Normal,0,98.16,0,False
LOT005833,MODEL_C,PRESS_03,Normal,0,99.32,0,False
LOT005834,MODEL_B,PRESS_01,Normal,0,98.75,0,False
LOT005835,MODEL_A,PRESS_01,Normal,0,98.54,0,False
LOT005836,MODEL_B,PRESS_03,Normal,0,98.32,0,False
LOT005837,MODEL_A,PRESS_03,Delamination,1,94.16,1,True
LOT005838,MODEL_A,PRESS_01,Normal,0,98.41,0,False
LOT005839,MODEL_C,PRESS_01,Normal,0,98.93,0,False
LOT005840,MODEL_B,PRESS_03,Normal,0,98.28,0,False
LOT005841,MODEL_B,PRESS_03,Normal,0,98.39,0,False
LOT005842,MODEL_C,PRESS_03,Normal,0,97.93,0,False
LOT005843,MODEL_A,PRESS_02,Normal,0,98.34,0,False
LOT005844,MODEL_C,PRESS_01,Normal,0,98.36,0,False
LOT005845,MODEL_B,PRESS_03,Normal,0,98.4,0,False
LOT005846,MODEL_B,PRESS_01,Normal,0,99.04,0,False
LOT005847,MODEL_B,PRESS_01,Normal,0,98.33,0,False
LOT005848,MODEL_B,PRESS_03,Normal,0,99.24,0,False
LOT005849,MODEL_B,PRESS_02,Normal,0,98.76,0,False
LOT005850,MODEL_B,PRESS_01,Normal,0,98.77,0,False
LOT005851,MODEL_A,PRESS_01,Normal,0,98.39,0,False
LOT005852,MODEL_A,PRESS_02,Delamination,1,93.99,1,True
LOT005853,MODEL_B,PRESS_01,Normal,0,98.88,0,False
LOT005854,MODEL_A,PRESS_03,Normal,0,98.3,0,False
LOT005855,MODEL_B,PRESS_02,Normal,0,99.39,0,False
LOT005856,MODEL_C,PRESS_02,Normal,0,98.63,0,False
LOT005857,MODEL_A,PRESS_02,Normal,0,98.73,0,False
LOT005858,MODEL_A,PRESS_02,Normal,0,98.5,0,False
LOT005859,MODEL_A,PRESS_02,Normal,0,98.91,0,False
LOT005860,MODEL_C,PRESS_03,Normal,0,99.19,0,False
LOT005861,MODEL_C,PRESS_02,Delamination,1,94.61,1,True
LOT005862,MODEL_A,PRESS_02,Normal,0,98.51,0,False
LOT005863,MODEL_B,PRESS_02,Normal,0,99.14,0,False
LOT005864,MODEL_C,PRESS_01,Normal,0,98.17,0,False
LOT005865,MODEL_C,PRESS_03,Normal,0,98.36,0,False
LOT005866,MODEL_B,PRESS_02,Normal,0,98.87,0,False
LOT005867,MODEL_A,PRESS_03,Normal,0,99.35,0,False
LOT005868,MODEL_C,PRESS_03,Normal,0,98.31,0,False
LOT005869,MODEL_C,PRESS_03,Normal,0,98.4,0,False
LOT005870,MODEL_B,PRESS_03,Normal,0,98.5,0,False
LOT005871,MODEL_A,PRESS_03,Normal,0,99.36,1,True
LOT005872,MODEL_C,PRESS_02,Delamination,7,66.76,1,True
LOT005873,MODEL_A,PRESS_03,Normal,0,98.57,0,False
LOT005874,MODEL_C,PRESS_01,Delamination,1,94.55,1,True
LOT005875,MODEL_C,PRESS_03,Normal,0,98.23,0,False
LOT005876,MODEL_B,PRESS_01,Normal,0,98.89,0,False
LOT005877,MODEL_B,PRESS_03,Normal,0,99.27,0,False
LOT005878,MODEL_A,PRESS_01,Normal,0,97.64,0,False
LOT005879,MODEL_C,PRESS_02,Normal,0,98.97,0,False
LOT005880,MODEL_A,PRESS_01,Normal,0,99.47,0,False
LOT005881,MODEL_A,PRESS_01,Normal,0,98.76,0,False
LOT005882,MODEL_C,PRESS_03,Normal,0,98.56,0,False
LOT005883,MODEL_C,PRESS_03,Normal,0,98.57,0,False
LOT005884,MODEL_B,PRESS_01,Normal,0,97.92,0,False
LOT005885,MODEL_B,PRESS_01,Normal,0,99.26,0,False
LOT005886,MODEL_B,PRESS_03,Normal,0,98.43,0,False
LOT005887,MODEL_A,PRESS_03,Normal,0,99.0,0,False
LOT005888,MODEL_B,PRESS_01,Normal,0,99.11,0,False
LOT005889,MODEL_C,PRESS_02,Normal,0,98.47,0,False
LOT005890,MODEL_B,PRESS_01,Normal,0,98.35,0,False
LOT005891,MODEL_C,PRESS_03,Normal,0,98.85,0,False
LOT005892,MODEL_C,PRESS_02,Normal,0,99.33,0,False
LOT005893,MODEL_C,PRESS_01,Delamination,1,94.32,1,True
LOT005894,MODEL_C,PRESS_01,Normal,0,98.17,0,False
LOT005895,MODEL_C,PRESS_02,Normal,0,98.36,0,False
LOT005896,MODEL_C,PRESS_03,Normal,0,99.0,0,False
LOT005897,MODEL_C,PRESS_01,Normal,0,98.74,0,False
LOT005898,MODEL_C,PRESS_03,Normal,0,98.19,0,False
LOT005899,MODEL_C,PRESS_02,Normal,0,99.08,0,False
LOT005900,MODEL_C,PRESS_03,Delamination,1,93.99,1,True
LOT005901,MODEL_C,PRESS_03,Normal,0,98.77,0,False
LOT005902,MODEL_B,PRESS_01,Normal,0,98.04,0,False
LOT005903,MODEL_C,PRESS_01,Normal,0,98.71,0,False
LOT005904,MODEL_C,PRESS_03,Normal,0,98.28,0,False
LOT005905,MODEL_B,PRESS_01,Normal,0,98.47,0,False
LOT005906,MODEL_A,PRESS_01,Normal,0,98.47,0,False
LOT005907,MODEL_C,PRESS_02,Normal,0,98.26,0,False
LOT005908,MODEL_B,PRESS_03,Normal,0,98.81,0,False
LOT005909,MODEL_B,PRESS_03,Normal,0,98.33,1,True
LOT005910,MODEL_C,PRESS_02,Delamination,1,94.2,1,True
LOT005911,MODEL_A,PRESS_01,Normal,0,98.7,0,False
LOT005912,MODEL_B,PRESS_02,Normal,0,98.84,0,False
LOT005913,MODEL_A,PRESS_03,Normal,0,98.33,0,False
LOT005914,MODEL_A,PRESS_01,Normal,0,98.27,0,False
LOT005915,MODEL_C,PRESS_02,Normal,0,98.51,0,False
LOT005916,MODEL_B,PRESS_01,Normal,0,99.02,0,False
LOT005917,MODEL_A,PRESS_01,Normal,0,98.34,0,False
LOT005918,MODEL_B,PRESS_01,Delamination,2,90.06,1,True
LOT005919,MODEL_A,PRESS_03,Normal,0,98.47,0,False
LOT005920,MODEL_C,PRESS_03,Normal,0,98.3,0,False
LOT005921,MODEL_A,PRESS_01,Normal,0,98.86,0,False
LOT005922,MODEL_B,PRESS_03,Normal,0,98.3,0,False
LOT005923,MODEL_B,PRESS_02,Normal,0,98.19,0,False
LOT005924,MODEL_A,PRESS_03,Normal,0,98.8,0,False
LOT005925,MODEL_C,PRESS_03,Normal,0,98.92,0,False
LOT005926,MODEL_B,PRESS_01,Normal,0,98.39,0,False
LOT005927,MODEL_B,PRESS_03,Normal,0,98.58,0,False
LOT005928,MODEL_B,PRESS_02,Normal,0,98.11,0,False
LOT005929,MODEL_C,PRESS_01,Normal,0,97.98,0,False
LOT005930,MODEL_A,PRESS_01,Normal,0,98.09,0,False
LOT005931,MODEL_C,PRESS_03,Delamination,1,94.04,1,True
LOT005932,MODEL_B,PRESS_02,Normal,0,97.84,0,False
LOT005933,MODEL_A,PRESS_02,Normal,0,98.95,0,False
LOT005934,MODEL_B,PRESS_01,Normal,0,98.47,0,False
LOT005935,MODEL_C,PRESS_03,Normal,0,99.25,0,False
LOT005936,MODEL_A,PRESS_01,Normal,0,98.52,0,False
LOT005937,MODEL_B,PRESS_01,Normal,0,98.16,0,False
LOT005938,MODEL_B,PRESS_02,Normal,0,99.57,0,False
LOT005939,MODEL_C,PRESS_03,Normal,0,97.98,0,False
LOT005940,MODEL_B,PRESS_01,Normal,0,98.54,0,False
LOT005941,MODEL_C,PRESS_01,Normal,0,98.52,0,False
LOT005942,MODEL_C,PRESS_02,Delamination,1,93.91,1,True
LOT005943,MODEL_C,PRESS_01,Normal,0,98.33,0,False
LOT005944,MODEL_B,PRESS_02,Normal,0,98.51,0,False
LOT005945,MODEL_C,PRESS_01,Normal,0,98.78,0,False
LOT005946,MODEL_A,PRESS_01,Normal,0,98.37,0,False
LOT005947,MODEL_C,PRESS_01,Normal,0,99.13,0,False
LOT005948,MODEL_C,PRESS_03,Normal,0,98.39,0,False
LOT005949,MODEL_A,PRESS_03,Normal,0,98.37,0,False
LOT005950,MODEL_B,PRESS_02,Delamination,1,94.22,2,True
LOT005951,MODEL_C,PRESS_02,Normal,0,98.77,0,False
LOT005952,MODEL_A,PRESS_03,Normal,0,98.78,0,False
LOT005953,MODEL_C,PRESS_01,Normal,0,98.65,0,False
LOT005954,MODEL_C,PRESS_02,Delamination,1,93.55,1,True
LOT005955,MODEL_C,PRESS_03,Delamination,1,93.83,1,True
LOT005956,MODEL_A,PRESS_03,Normal,0,98.71,0,False
LOT005957,MODEL_C,PRESS_01,Normal,0,98.16,0,False
LOT005958,MODEL_C,PRESS_03,Normal,0,99.18,0,False
LOT005959,MODEL_A,PRESS_02,Normal,0,99.19,0,False
LOT005960,MODEL_C,PRESS_03,Normal,0,98.09,0,False
LOT005961,MODEL_B,PRESS_01,Normal,0,98.29,0,False
LOT005962,MODEL_C,PRESS_02,Normal,0,98.39,0,False
LOT005963,MODEL_A,PRESS_03,Normal,0,98.0,0,False
LOT005964,MODEL_C,PRESS_01,Normal,0,98.28,0,False
LOT005965,MODEL_B,PRESS_03,Delamination,1,94.4,1,True
LOT005966,MODEL_A,PRESS_01,Normal,0,99.05,0,False
LOT005967,MODEL_B,PRESS_03,Normal,0,98.54,0,False
LOT005968,MODEL_C,PRESS_02,Normal,0,98.24,0,False
LOT005969,MODEL_C,PRESS_01,Normal,0,98.46,0,False
LOT005970,MODEL_A,PRESS_01,Normal,0,98.48,0,False
LOT005971,MODEL_C,PRESS_03,Normal,0,98.6,0,False
LOT005972,MODEL_B,PRESS_01,Normal,0,98.33,0,False
LOT005973,MODEL_A,PRESS_02,Delamination,1,94.07,1,True
LOT005974,MODEL_B,PRESS_01,Normal,0,98.76,0,False
LOT005975,MODEL_C,PRESS_03,Delamination,1,94.72,1,True
LOT005976,MODEL_A,PRESS_02,Normal,0,98.57,0,False
LOT005977,MODEL_A,PRESS_03,Normal,0,99.02,0,False
LOT005978,MODEL_A,PRESS_01,Normal,0,98.91,0,False
LOT005979,MODEL_B,PRESS_01,Normal,0,98.71,0,False
LOT005980,MODEL_A,PRESS_02,Normal,0,98.69,0,False
LOT005981,MODEL_C,PRESS_02,Normal,0,98.49,0,False
LOT005982,MODEL_A,PRESS_03,Normal,0,99.04,0,False
LOT005983,MODEL_A,PRESS_03,Normal,0,98.37,0,False
LOT005984,MODEL_A,PRESS_03,Normal,0,98.95,0,False
LOT005985,MODEL_C,PRESS_01,Normal,0,98.32,0,False
LOT005986,MODEL_C,PRESS_01,Normal,0,98.67,0,False
LOT005987,MODEL_A,PRESS_03,Normal,0,99.06,0,False
LOT005988,MODEL_B,PRESS_02,Normal,0,98.82,0,False
LOT005989,MODEL_C,PRESS_03,Normal,0,98.29,0,False
LOT005990,MODEL_C,PRESS_02,Normal,0,98.48,0,False
LOT005991,MODEL_A,PRESS_01,Normal,0,98.17,0,False
LOT005992,MODEL_C,PRESS_02,Normal,0,98.65,0,False
LOT005993,MODEL_C,PRESS_03,Normal,0,99.06,0,False
LOT005994,MODEL_C,PRESS_02,Normal,0,98.87,0,False
LOT005995,MODEL_B,PRESS_01,Normal,0,98.97,0,False
LOT005996,MODEL_B,PRESS_01,Normal,0,98.88,0,False
LOT005997,MODEL_C,PRESS_03,Normal,0,98.16,0,False
LOT005998,MODEL_C,PRESS_03,Normal,0,98.96,0,False
LOT005999,MODEL_B,PRESS_03,Normal,0,97.95,0,False
LOT006000,MODEL_C,PRESS_01,Normal,0,98.34,0,False
LOT006001,MODEL_B,PRESS_02,Normal,0,98.89,0,False
LOT006002,MODEL_C,PRESS_03,Normal,0,97.84,0,False
LOT006003,MODEL_A,PRESS_02,Normal,0,98.91,0,False
LOT006004,MODEL_C,PRESS_02,Normal,0,98.58,0,False
LOT006005,MODEL_B,PRESS_02,Normal,0,98.54,0,False
LOT006006,MODEL_B,PRESS_01,Normal,0,98.23,0,False
LOT006007,MODEL_A,PRESS_01,Normal,0,97.63,0,False
LOT006008,MODEL_B,PRESS_03,Normal,0,98.51,0,False
LOT006009,MODEL_A,PRESS_01,Normal,0,98.84,0,False
LOT006010,MODEL_C,PRESS_01,Normal,0,99.22,0,False
LOT006011,MODEL_C,PRESS_02,Delamination,1,94.4,1,True
LOT006012,MODEL_B,PRESS_03,Normal,0,99.33,0,False
LOT006013,MODEL_C,PRESS_02,Normal,0,98.49,0,False
LOT006014,MODEL_C,PRESS_02,Normal,0,98.21,0,False
LOT006015,MODEL_A,PRESS_02,Normal,0,98.81,0,False
LOT006016,MODEL_A,PRESS_01,Normal,0,99.28,0,False
LOT006017,MODEL_A,PRESS_01,Normal,0,98.68,0,False
LOT006018,MODEL_A,PRESS_01,Normal,0,98.04,0,False
LOT006019,MODEL_B,PRESS_03,Delamination,1,93.86,1,True
LOT006020,MODEL_B,PRESS_03,Normal,0,98.73,0,False
LOT006021,MODEL_B,PRESS_01,Normal,0,98.79,0,False
LOT006022,MODEL_A,PRESS_01,Normal,0,98.52,0,False
LOT006023,MODEL_C,PRESS_01,Normal,0,98.38,0,False
LOT006024,MODEL_C,PRESS_03,Normal,0,98.25,0,False
LOT006025,MODEL_B,PRESS_02,Normal,0,98.45,0,False
LOT006026,MODEL_A,PRESS_03,Normal,0,98.6,0,False
LOT006027,MODEL_B,PRESS_02,Normal,0,98.72,0,False
LOT006028,MODEL_C,PRESS_03,Delamination,1,93.69,1,True
LOT006029,MODEL_C,PRESS_02,Normal,0,98.84,0,False
LOT006030,MODEL_A,PRESS_01,Normal,0,98.18,0,False
LOT006031,MODEL_C,PRESS_03,Delamination,1,93.75,1,True
LOT006032,MODEL_C,PRESS_03,Delamination,1,93.91,1,True
LOT006033,MODEL_B,PRESS_03,Normal,0,98.84,0,False
LOT006034,MODEL_B,PRESS_03,Normal,0,99.26,0,False
LOT006035,MODEL_B,PRESS_01,Normal,0,98.19,0,False
LOT006036,MODEL_A,PRESS_01,Normal,0,98.98,0,False
LOT006037,MODEL_B,PRESS_02,Normal,0,98.22,0,False
LOT006038,MODEL_A,PRESS_01,Delamination,1,94.55,1,True
LOT006039,MODEL_A,PRESS_02,Normal,0,98.58,0,False
LOT006040,MODEL_B,PRESS_01,Normal,0,98.08,0,False
LOT006041,MODEL_B,PRESS_02,Normal,0,99.13,0,False
LOT006042,MODEL_C,PRESS_02,Normal,0,98.33,0,False
LOT006043,MODEL_B,PRESS_02,Normal,0,98.3,0,False
LOT006044,MODEL_C,PRESS_03,Normal,0,98.72,0,False
LOT006045,MODEL_C,PRESS_02,Delamination,7,66.85,1,True
LOT006046,MODEL_B,PRESS_02,Normal,0,98.5,0,False
LOT006047,MODEL_C,PRESS_01,Normal,0,98.47,0,False
LOT006048,MODEL_B,PRESS_02,Normal,0,99.15,0,False
LOT006049,MODEL_B,PRESS_01,Normal,0,97.87,0,False
LOT006050,MODEL_A,PRESS_01,Normal,0,98.16,0,False
LOT006051,MODEL_A,PRESS_02,Normal,0,98.78,0,False
LOT006052,MODEL_B,PRESS_01,Normal,0,98.85,0,False
LOT006053,MODEL_A,PRESS_02,Delamination,2,89.64,1,True
LOT006054,MODEL_B,PRESS_01,Normal,0,97.91,0,False
LOT006055,MODEL_A,PRESS_03,Normal,0,98.53,1,True
LOT006056,MODEL_A,PRESS_03,Normal,0,97.96,0,False
LOT006057,MODEL_B,PRESS_01,Delamination,1,94.99,1,True
LOT006058,MODEL_B,PRESS_02,Normal,0,98.76,0,False
LOT006059,MODEL_C,PRESS_02,Normal,0,98.33,0,False
LOT006060,MODEL_C,PRESS_02,Normal,0,99.37,0,False
LOT006061,MODEL_C,PRESS_02,Normal,0,99.3,0,False
LOT006062,MODEL_A,PRESS_03,Normal,0,99.1,0,False
LOT006063,MODEL_B,PRESS_02,Normal,0,99.08,0,False
LOT006064,MODEL_A,PRESS_01,Delamination,1,93.89,1,True
LOT006065,MODEL_A,PRESS_02,Normal,0,98.98,0,False
LOT006066,MODEL_A,PRESS_01,Normal,0,98.34,0,False
LOT006067,MODEL_B,PRESS_02,Normal,0,99.02,0,False
LOT006068,MODEL_A,PRESS_01,Normal,0,98.74,0,False
LOT006069,MODEL_B,PRESS_01,Normal,0,99.15,0,False
LOT006070,MODEL_A,PRESS_03,Normal,0,98.79,0,False
LOT006071,MODEL_B,PRESS_01,Normal,0,98.76,0,False
LOT006072,MODEL_B,PRESS_03,Normal,0,98.24,0,False
LOT006073,MODEL_A,PRESS_03,Normal,0,97.95,0,False
LOT006074,MODEL_A,PRESS_02,Normal,0,98.15,0,False
LOT006075,MODEL_C,PRESS_03,Normal,0,97.43,0,False
LOT006076,MODEL_C,PRESS_01,Normal,0,98.57,0,False
LOT006077,MODEL_A,PRESS_01,Normal,0,98.66,0,False
LOT006078,MODEL_C,PRESS_01,Normal,0,98.12,0,False
LOT006079,MODEL_A,PRESS_02,Normal,0,99.23,0,False
LOT006080,MODEL_C,PRESS_02,Normal,0,99.05,0,False
LOT006081,MODEL_A,PRESS_03,Normal,0,98.66,0,False
LOT006082,MODEL_B,PRESS_02,Delamination,3,85.36,2,True
LOT006083,MODEL_A,PRESS_01,Normal,0,98.54,0,False
LOT006084,MODEL_A,PRESS_03,Normal,0,98.95,0,False
LOT006085,MODEL_B,PRESS_03,Normal,0,98.47,0,False
LOT006086,MODEL_A,PRESS_03,Normal,0,98.94,0,False
LOT006087,MODEL_B,PRESS_02,Normal,0,98.29,0,False
LOT006088,MODEL_A,PRESS_02,Delamination,11,49.94,1,True
LOT006089,MODEL_A,PRESS_02,Normal,0,98.49,0,False
LOT006090,MODEL_C,PRESS_03,Normal,0,98.04,0,False
LOT006091,MODEL_C,PRESS_01,Normal,0,98.06,0,False
LOT006092,MODEL_C,PRESS_03,Normal,0,98.8,0,False
LOT006093,MODEL_A,PRESS_01,Normal,0,98.73,0,False
LOT006094,MODEL_B,PRESS_02,Normal,0,98.17,0,False
LOT006095,MODEL_A,PRESS_01,Normal,0,98.94,0,False
LOT006096,MODEL_A,PRESS_02,Normal,0,98.68,0,False
LOT006097,MODEL_B,PRESS_03,Normal,0,98.91,0,False
LOT006098,MODEL_B,PRESS_03,Normal,0,98.31,0,False
LOT006099,MODEL_B,PRESS_03,Normal,0,98.5,0,False
LOT006100,MODEL_A,PRESS_01,Normal,0,98.91,0,False
LOT006101,MODEL_C,PRESS_01,Normal,0,99.45,0,False
LOT006102,MODEL_C,PRESS_03,Normal,0,98.23,0,False
LOT006103,MODEL_A,PRESS_02,Delamination,1,93.97,1,True
LOT006104,MODEL_A,PRESS_01,Normal,0,97.62,0,False
LOT006105,MODEL_B,PRESS_03,Normal,0,98.77,0,False
LOT006106,MODEL_B,PRESS_02,Normal,0,97.82,0,False
LOT006107,MODEL_C,PRESS_01,Normal,0,98.23,0,False
LOT006108,MODEL_B,PRESS_03,Delamination,1,94.07,1,True
LOT006109,MODEL_A,PRESS_02,Normal,0,98.27,0,False
LOT006110,MODEL_A,PRESS_02,Normal,0,98.86,0,False
LOT006111,MODEL_A,PRESS_03,Normal,0,98.99,0,False
LOT006112,MODEL_B,PRESS_02,Normal,0,98.5,0,False
LOT006113,MODEL_A,PRESS_02,Normal,0,98.34,0,False
LOT006114,MODEL_C,PRESS_02,Delamination,13,39.45,1,True
LOT006115,MODEL_C,PRESS_01,Normal,0,98.53,0,False
LOT006116,MODEL_A,PRESS_01,Normal,0,98.31,0,False
LOT006117,MODEL_C,PRESS_03,Normal,0,98.39,0,False
LOT006118,MODEL_B,PRESS_01,Normal,0,99.01,0,False
LOT006119,MODEL_A,PRESS_02,Normal,0,98.32,0,False
LOT006120,MODEL_B,PRESS_01,Delamination,1,93.33,1,True
LOT006121,MODEL_B,PRESS_01,Normal,0,98.26,0,False
LOT006122,MODEL_A,PRESS_02,Normal,0,98.28,0,False
LOT006123,MODEL_C,PRESS_03,Normal,0,97.74,0,False
LOT006124,MODEL_A,PRESS_02,Normal,0,99.5,0,False
LOT006125,MODEL_A,PRESS_01,Normal,0,98.19,0,False
LOT006126,MODEL_A,PRESS_01,Normal,0,98.5,0,False
LOT006127,MODEL_A,PRESS_01,Normal,0,98.84,0,False
LOT006128,MODEL_A,PRESS_03,Normal,0,99.12,0,False
LOT006129,MODEL_B,PRESS_01,Normal,0,98.8,0,False
LOT006130,MODEL_B,PRESS_02,Normal,0,99.16,0,False
LOT006131,MODEL_A,PRESS_01,Normal,0,98.07,0,False
LOT006132,MODEL_C,PRESS_02,Normal,0,98.3,0,False
LOT006133,MODEL_C,PRESS_03,Normal,0,98.83,0,False
LOT006134,MODEL_C,PRESS_02,Normal,0,98.34,0,False
LOT006135,MODEL_B,PRESS_02,Delamination,1,93.65,1,True
LOT006136,MODEL_C,PRESS_01,Normal,0,98.25,0,False
LOT006137,MODEL_B,PRESS_01,Normal,0,98.28,0,False
LOT006138,MODEL_B,PRESS_03,Normal,0,98.2,0,False
LOT006139,MODEL_A,PRESS_01,Normal,0,98.46,0,False
LOT006140,MODEL_C,PRESS_02,Normal,0,97.86,0,False
LOT006141,MODEL_A,PRESS_01,Delamination,1,93.5,1,True
LOT006142,MODEL_B,PRESS_01,Normal,0,98.68,0,False
LOT006143,MODEL_C,PRESS_02,Normal,0,98.31,0,False
LOT006144,MODEL_A,PRESS_03,Normal,0,98.51,0,False
LOT006145,MODEL_B,PRESS_01,Normal,0,98.25,0,False
LOT006146,MODEL_A,PRESS_03,Normal,0,98.98,0,False
LOT006147,MODEL_B,PRESS_02,Normal,0,98.11,0,False
LOT006148,MODEL_B,PRESS_03,Normal,0,98.3,0,False
LOT006149,MODEL_A,PRESS_01,Normal,0,98.93,0,False
LOT006150,MODEL_C,PRESS_03,Normal,0,98.87,0,False
LOT006151,MODEL_B,PRESS_01,Normal,0,98.74,0,False
LOT006152,MODEL_B,PRESS_03,Normal,0,98.55,0,False
LOT006153,MODEL_C,PRESS_02,Normal,0,98.66,0,False
LOT006154,MODEL_A,PRESS_02,Normal,0,98.26,0,False
LOT006155,MODEL_B,PRESS_01,Normal,0,98.03,0,False
LOT006156,MODEL_C,PRESS_02,Delamination,1,94.41,1,True
LOT006157,MODEL_B,PRESS_01,Normal,0,98.82,0,False
LOT006158,MODEL_A,PRESS_02,Normal,0,98.56,0,False
LOT006159,MODEL_A,PRESS_03,Normal,0,99.01,0,False
LOT006160,MODEL_C,PRESS_01,Normal,0,98.98,0,False
LOT006161,MODEL_C,PRESS_01,Normal,0,98.58,0,False
LOT006162,MODEL_C,PRESS_01,Normal,0,98.89,0,False
LOT006163,MODEL_A,PRESS_01,Normal,0,98.72,0,False
LOT006164,MODEL_C,PRESS_01,Normal,0,98.72,0,False
LOT006165,MODEL_B,PRESS_01,Normal,0,98.34,0,False
LOT006166,MODEL_C,PRESS_02,Delamination,27,0.0,2,True
LOT006167,MODEL_C,PRESS_01,Normal,0,98.16,0,False
LOT006168,MODEL_A,PRESS_03,Delamination,1,93.59,1,True
LOT006169,MODEL_C,PRESS_03,Normal,0,98.83,0,False
LOT006170,MODEL_B,PRESS_03,Delamination,1,94.37,1,True
LOT006171,MODEL_C,PRESS_02,Normal,0,99.32,0,False
LOT006172,MODEL_C,PRESS_01,Normal,0,97.64,0,False
LOT006173,MODEL_A,PRESS_03,Normal,0,98.86,0,False
LOT006174,MODEL_C,PRESS_01,Delamination,1,94.13,1,True
LOT006175,MODEL_A,PRESS_02,Normal,0,99.15,0,False
LOT006176,MODEL_A,PRESS_02,Normal,0,98.08,0,False
LOT006177,MODEL_A,PRESS_03,Normal,0,98.91,0,False
LOT006178,MODEL_A,PRESS_02,Normal,0,98.31,0,False
LOT006179,MODEL_C,PRESS_03,Normal,0,98.15,0,False
LOT006180,MODEL_A,PRESS_03,Normal,0,99.2,0,False
LOT006181,MODEL_B,PRESS_02,Normal,0,98.78,0,False
LOT006182,MODEL_B,PRESS_03,Normal,0,98.96,0,False
LOT006183,MODEL_C,PRESS_01,Normal,0,98.05,0,False
LOT006184,MODEL_B,PRESS_03,Normal,0,99.03,0,False
LOT006185,MODEL_B,PRESS_01,Normal,0,98.58,0,False
LOT006186,MODEL_C,PRESS_03,Normal,0,98.78,0,False
LOT006187,MODEL_B,PRESS_02,Normal,0,98.21,0,False
LOT006188,MODEL_C,PRESS_03,Delamination,1,94.27,1,True
LOT006189,MODEL_C,PRESS_01,Normal,0,99.08,0,False
LOT006190,MODEL_C,PRESS_02,Normal,0,98.4,0,False
LOT006191,MODEL_A,PRESS_03,Normal,0,98.52,0,False
LOT006192,MODEL_A,PRESS_01,Normal,0,99.05,0,False
LOT006193,MODEL_B,PRESS_01,Normal,0,97.92,0,False
LOT006194,MODEL_B,PRESS_01,Normal,0,99.08,0,False
LOT006195,MODEL_A,PRESS_01,Normal,0,98.13,0,False
LOT006196,MODEL_B,PRESS_02,Normal,0,99.14,0,False
LOT006197,MODEL_A,PRESS_02,Normal,0,99.27,0,False
LOT006198,MODEL_A,PRESS_01,Normal,0,98.23,0,False
LOT006199,MODEL_C,PRESS_01,Normal,0,98.84,0,False
LOT006200,MODEL_A,PRESS_01,Normal,0,98.51,0,False
LOT006201,MODEL_C,PRESS_03,Normal,0,98.71,0,False
LOT006202,MODEL_B,PRESS_03,Normal,0,97.97,0,False
LOT006203,MODEL_C,PRESS_01,Normal,0,98.13,0,False
LOT006204,MODEL_A,PRESS_01,Normal,0,98.3,0,False
LOT006205,MODEL_C,PRESS_01,Normal,0,98.16,0,False
LOT006206,MODEL_B,PRESS_03,Delamination,1,93.71,1,True
LOT006207,MODEL_C,PRESS_03,Normal,0,98.59,0,False
LOT006208,MODEL_A,PRESS_03,Normal,0,98.34,0,False
LOT006209,MODEL_C,PRESS_01,Normal,0,98.61,0,False
LOT006210,MODEL_A,PRESS_02,Normal,0,98.69,0,False
LOT006211,MODEL_B,PRESS_01,Normal,0,98.56,0,False
LOT006212,MODEL_A,PRESS_03,Normal,0,98.04,0,False
LOT006213,MODEL_C,PRESS_02,Delamination,1,94.03,1,True
LOT006214,MODEL_B,PRESS_01,Normal,0,98.16,0,False
LOT006215,MODEL_C,PRESS_03,Normal,0,98.93,0,False
LOT006216,MODEL_B,PRESS_02,Delamination,4,79.73,2,True
LOT006217,MODEL_A,PRESS_02,Delamination,1,93.44,1,True
LOT006218,MODEL_B,PRESS_01,Normal,0,98.19,0,False
LOT006219,MODEL_B,PRESS_01,Normal,0,98.07,0,False
LOT006220,MODEL_A,PRESS_03,Normal,0,98.6,0,False
LOT006221,MODEL_C,PRESS_01,Normal,0,98.75,0,False
LOT006222,MODEL_C,PRESS_01,Normal,0,98.97,0,False
LOT006223,MODEL_B,PRESS_03,Normal,0,98.58,0,False
LOT006224,MODEL_B,PRESS_01,Normal,0,97.92,0,False
LOT006225,MODEL_C,PRESS_02,Normal,0,98.1,0,False
LOT006226,MODEL_C,PRESS_03,Normal,0,98.54,0,False
LOT006227,MODEL_A,PRESS_02,Normal,0,98.84,0,False
LOT006228,MODEL_B,PRESS_02,Delamination,1,93.92,1,True
LOT006229,MODEL_C,PRESS_01,Normal,0,98.3,0,False
LOT006230,MODEL_C,PRESS_02,Normal,0,98.21,0,False
LOT006231,MODEL_B,PRESS_02,Delamination,1,94.41,1,True
LOT006232,MODEL_C,PRESS_02,Delamination,3,84.6,1,True
LOT006233,MODEL_B,PRESS_01,Normal,0,99.08,0,False
LOT006234,MODEL_B,PRESS_01,Normal,0,98.45,0,False
LOT006235,MODEL_B,PRESS_03,Normal,0,98.69,0,False
LOT006236,MODEL_C,PRESS_03,Delamination,1,93.99,1,True
LOT006237,MODEL_C,PRESS_03,Normal,0,98.99,1,True
LOT006238,MODEL_A,PRESS_01,Normal,0,98.29,0,False
LOT006239,MODEL_A,PRESS_03,Normal,0,98.43,0,False
LOT006240,MODEL_B,PRESS_01,Normal,0,98.69,0,False
LOT006241,MODEL_C,PRESS_02,Delamination,1,94.38,1,True
LOT006242,MODEL_B,PRESS_01,Normal,0,98.73,0,False
LOT006243,MODEL_B,PRESS_03,Normal,0,98.55,0,False
LOT006244,MODEL_A,PRESS_01,Normal,0,98.35,0,False
LOT006245,MODEL_A,PRESS_03,Normal,0,98.29,0,False
LOT006246,MODEL_C,PRESS_01,Normal,0,99.17,0,False
LOT006247,MODEL_B,PRESS_03,Normal,0,98.03,0,False
LOT006248,MODEL_C,PRESS_02,Normal,0,98.58,0,False
LOT006249,MODEL_A,PRESS_01,Normal,0,98.38,0,False
LOT006250,MODEL_A,PRESS_01,Normal,0,98.26,0,False
LOT006251,MODEL_C,PRESS_03,Delamination,1,93.78,1,True
LOT006252,MODEL_C,PRESS_01,Normal,0,98.02,0,False
LOT006253,MODEL_C,PRESS_01,Normal,0,98.91,0,False
LOT006254,MODEL_A,PRESS_02,Normal,0,98.31,0,False
LOT006255,MODEL_C,PRESS_01,Normal,0,98.83,0,False
LOT006256,MODEL_B,PRESS_01,Normal,0,98.39,0,False
LOT006257,MODEL_C,PRESS_02,Normal,0,98.25,0,False
LOT006258,MODEL_C,PRESS_03,Normal,0,98.62,0,False
LOT006259,MODEL_B,PRESS_03,Normal,0,99.21,0,False
LOT006260,MODEL_A,PRESS_03,Normal,0,98.65,0,False
LOT006261,MODEL_C,PRESS_01,Normal,0,98.81,0,False
LOT006262,MODEL_B,PRESS_02,Normal,0,99.02,0,False
LOT006263,MODEL_B,PRESS_01,Normal,0,99.09,0,False
LOT006264,MODEL_B,PRESS_03,Normal,0,98.44,0,False
LOT006265,MODEL_C,PRESS_02,Normal,0,98.59,0,False
LOT006266,MODEL_A,PRESS_01,Normal,0,98.48,0,False
LOT006267,MODEL_C,PRESS_03,Normal,0,98.58,0,False
LOT006268,MODEL_B,PRESS_01,Delamination,1,94.56,1,True
LOT006269,MODEL_A,PRESS_01,Normal,0,99.0,0,False
LOT006270,MODEL_A,PRESS_03,Normal,0,98.76,0,False
LOT006271,MODEL_B,PRESS_02,Normal,0,98.68,0,False
LOT006272,MODEL_C,PRESS_03,Delamination,1,93.86,1,True
LOT006273,MODEL_B,PRESS_02,Normal,0,98.61,0,False
LOT006274,MODEL_A,PRESS_03,Normal,0,98.58,0,False
LOT006275,MODEL_B,PRESS_02,Normal,0,98.79,0,False
LOT006276,MODEL_A,PRESS_01,Normal,0,98.44,0,False
LOT006277,MODEL_A,PRESS_01,Normal,0,98.98,0,False
LOT006278,MODEL_C,PRESS_03,Normal,0,98.85,0,False
LOT006279,MODEL_C,PRESS_01,Normal,0,98.25,0,False
LOT006280,MODEL_A,PRESS_02,Normal,0,98.42,0,False
LOT006281,MODEL_B,PRESS_01,Delamination,1,94.31,1,True
LOT006282,MODEL_B,PRESS_01,Normal,0,98.09,0,False
LOT006283,MODEL_B,PRESS_02,Normal,0,98.74,0,False
LOT006284,MODEL_C,PRESS_01,Normal,0,98.21,0,False
LOT006285,MODEL_A,PRESS_02,Normal,0,98.65,0,False
LOT006286,MODEL_C,PRESS_03,Normal,0,99.91,0,False
LOT006287,MODEL_B,PRESS_01,Normal,0,98.38,0,False
LOT006288,MODEL_A,PRESS_01,Normal,0,99.01,0,False
LOT006289,MODEL_C,PRESS_01,Normal,0,98.27,0,False
LOT006290,MODEL_C,PRESS_03,Normal,0,98.46,0,False
LOT006291,MODEL_B,PRESS_02,Normal,0,99.05,0,False
LOT006292,MODEL_C,PRESS_02,Delamination,1,93.35,1,True
LOT006293,MODEL_A,PRESS_01,Normal,0,97.6,0,False
LOT006294,MODEL_B,PRESS_03,Normal,0,98.29,0,False
LOT006295,MODEL_B,PRESS_01,Normal,0,98.05,0,False
LOT006296,MODEL_C,PRESS_03,Normal,0,98.96,0,False
LOT006297,MODEL_B,PRESS_01,Normal,0,98.34,0,False
LOT006298,MODEL_C,PRESS_03,Normal,0,97.95,0,False
LOT006299,MODEL_A,PRESS_01,Normal,0,98.45,0,False
LOT006300,MODEL_B,PRESS_01,Normal,0,98.91,0,False
LOT006301,MODEL_A,PRESS_02,Normal,0,98.18,0,False
LOT006302,MODEL_B,PRESS_01,Normal,0,98.29,0,False
LOT006303,MODEL_A,PRESS_01,Normal,0,98.83,0,False
LOT006304,MODEL_C,PRESS_02,Normal,0,98.19,0,False
LOT006305,MODEL_A,PRESS_01,Normal,0,99.3,0,False
LOT006306,MODEL_C,PRESS_02,Normal,0,98.51,0,False
LOT006307,MODEL_C,PRESS_03,Normal,0,98.75,0,False
LOT006308,MODEL_B,PRESS_01,Normal,0,98.29,0,False
LOT006309,MODEL_C,PRESS_02,Normal,0,98.62,0,False
LOT006310,MODEL_C,PRESS_01,Normal,0,99.31,0,False
LOT006311,MODEL_A,PRESS_02,Normal,0,99.16,0,False
LOT006312,MODEL_C,PRESS_01,Normal,0,98.55,0,False
LOT006313,MODEL_B,PRESS_01,Normal,0,98.05,0,False
LOT006314,MODEL_C,PRESS_01,Normal,0,98.55,1,True
LOT006315,MODEL_C,PRESS_03,Normal,0,97.57,0,False
LOT006316,MODEL_C,PRESS_01,Delamination,1,94.37,1,True
LOT006317,MODEL_B,PRESS_03,Normal,0,98.18,0,False
LOT006318,MODEL_A,PRESS_03,Normal,0,98.57,0,False
LOT006319,MODEL_A,PRESS_02,Normal,0,98.52,0,False
LOT006320,MODEL_A,PRESS_01,Normal,0,98.99,0,False
LOT006321,MODEL_C,PRESS_03,Delamination,1,94.12,1,True
LOT006322,MODEL_B,PRESS_03,Normal,0,98.52,0,False
LOT006323,MODEL_B,PRESS_01,Normal,0,99.2,0,False
LOT006324,MODEL_B,PRESS_03,Normal,0,98.96,0,False
LOT006325,MODEL_A,PRESS_03,Normal,0,98.27,0,False
LOT006326,MODEL_B,PRESS_01,Normal,0,98.83,0,False
LOT006327,MODEL_B,PRESS_01,Normal,0,98.42,0,False
LOT006328,MODEL_C,PRESS_03,Normal,0,98.39,0,False
LOT006329,MODEL_A,PRESS_01,Normal,0,98.23,0,False
LOT006330,MODEL_C,PRESS_02,Delamination,1,93.72,1,True
LOT006331,MODEL_A,PRESS_01,Normal,0,98.26,0,False
LOT006332,MODEL_B,PRESS_03,Normal,0,98.19,0,False
LOT006333,MODEL_B,PRESS_01,Normal,0,98.72,0,False
LOT006334,MODEL_C,PRESS_01,Normal,0,98.36,0,False
LOT006335,MODEL_B,PRESS_01,Normal,0,98.86,0,False
LOT006336,MODEL_A,PRESS_01,Normal,0,98.47,0,False
LOT006337,MODEL_B,PRESS_02,Normal,0,99.04,0,False
LOT006338,MODEL_B,PRESS_01,Normal,0,98.14,0,False
LOT006339,MODEL_B,PRESS_03,Delamination,1,93.24,1,True
LOT006340,MODEL_A,PRESS_02,Normal,0,98.65,0,False
LOT006341,MODEL_A,PRESS_01,Normal,0,99.17,0,False
LOT006342,MODEL_B,PRESS_03,Normal,0,98.52,0,False
LOT006343,MODEL_A,PRESS_02,Normal,0,98.72,0,False
LOT006344,MODEL_B,PRESS_03,Normal,0,98.17,0,False
LOT006345,MODEL_A,PRESS_01,Normal,0,99.05,0,False
LOT006346,MODEL_C,PRESS_03,Delamination,5,76.05,3,True
LOT006347,MODEL_A,PRESS_02,Normal,0,98.75,0,False
LOT006348,MODEL_B,PRESS_03,Normal,0,98.2,0,False
LOT006349,MODEL_C,PRESS_02,Delamination,1,93.75,1,True
LOT006350,MODEL_B,PRESS_03,Normal,0,98.51,0,False
LOT006351,MODEL_A,PRESS_02,Normal,0,98.32,0,False
LOT006352,MODEL_A,PRESS_01,Normal,0,98.96,0,False
LOT006353,MODEL_B,PRESS_01,Normal,0,98.46,0,False
LOT006354,MODEL_A,PRESS_03,Normal,0,98.68,0,False
LOT006355,MODEL_C,PRESS_03,Normal,0,99.11,0,False
LOT006356,MODEL_C,PRESS_02,Normal,0,98.87,0,False
LOT006357,MODEL_C,PRESS_03,Normal,0,99.22,0,False
LOT006358,MODEL_C,PRESS_01,Normal,0,98.09,0,False
LOT006359,MODEL_B,PRESS_01,Normal,0,98.7,0,False
LOT006360,MODEL_A,PRESS_02,Normal,0,97.93,0,False
LOT006361,MODEL_B,PRESS_02,Normal,0,98.21,0,False
LOT006362,MODEL_A,PRESS_03,Normal,0,98.57,0,False
LOT006363,MODEL_C,PRESS_03,Normal,0,98.63,0,False
LOT006364,MODEL_B,PRESS_01,Normal,0,98.7,0,False
LOT006365,MODEL_B,PRESS_03,Normal,0,98.61,0,False
LOT006366,MODEL_C,PRESS_02,Normal,0,99.54,0,False
LOT006367,MODEL_B,PRESS_03,Normal,0,98.35,0,False
LOT006368,MODEL_B,PRESS_01,Normal,0,98.2,0,False
LOT006369,MODEL_A,PRESS_01,Normal,0,99.64,0,False
LOT006370,MODEL_A,PRESS_01,Normal,0,99.36,0,False
LOT006371,MODEL_A,PRESS_03,Normal,0,98.93,0,False
LOT006372,MODEL_B,PRESS_01,Normal,0,98.99,0,False
LOT006373,MODEL_C,PRESS_03,Normal,0,98.44,0,False
LOT006374,MODEL_A,PRESS_03,Normal,0,98.52,0,False
LOT006375,MODEL_B,PRESS_01,Normal,0,98.78,0,False
LOT006376,MODEL_A,PRESS_03,Delamination,1,94.22,1,True
LOT006377,MODEL_A,PRESS_01,Normal,0,98.35,0,False
LOT006378,MODEL_A,PRESS_01,Normal,0,98.9,0,False
LOT006379,MODEL_B,PRESS_02,Delamination,3,86.15,1,True
LOT006380,MODEL_B,PRESS_01,Normal,0,98.88,0,False
LOT006381,MODEL_B,PRESS_01,Normal,0,99.55,0,False
LOT006382,MODEL_B,PRESS_01,Normal,0,98.8,0,False
LOT006383,MODEL_B,PRESS_02,Normal,0,99.06,0,False
LOT006384,MODEL_A,PRESS_01,Normal,0,98.75,0,False
LOT006385,MODEL_C,PRESS_01,Delamination,1,94.3,1,True
LOT006386,MODEL_B,PRESS_02,Normal,0,98.32,0,False
LOT006387,MODEL_A,PRESS_02,Normal,0,98.31,0,False
LOT006388,MODEL_B,PRESS_03,Normal,0,98.81,0,False
LOT006389,MODEL_B,PRESS_01,Normal,0,99.02,0,False
LOT006390,MODEL_C,PRESS_02,Normal,0,98.99,0,False
LOT006391,MODEL_A,PRESS_03,Normal,0,99.08,0,False
LOT006392,MODEL_C,PRESS_02,Normal,0,97.96,0,False
LOT006393,MODEL_B,PRESS_01,Normal,0,98.68,0,False
LOT006394,MODEL_A,PRESS_02,Normal,0,98.97,0,False
LOT006395,MODEL_B,PRESS_02,Normal,0,97.6,0,False
LOT006396,MODEL_C,PRESS_01,Normal,0,98.72,0,False
LOT006397,MODEL_A,PRESS_02,Normal,0,98.61,0,False
LOT006398,MODEL_C,PRESS_01,Normal,0,98.87,0,False
LOT006399,MODEL_C,PRESS_02,Delamination,22,0.0,2,True
LOT006400,MODEL_C,PRESS_03,Normal,0,99.08,0,False
LOT006401,MODEL_A,PRESS_02,Normal,0,98.79,0,False
LOT006402,MODEL_B,PRESS_03,Normal,0,98.63,0,False
LOT006403,MODEL_B,PRESS_01,Normal,0,98.58,0,False
LOT006404,MODEL_B,PRESS_03,Normal,0,98.52,0,False
LOT006405,MODEL_C,PRESS_03,Normal,0,98.69,0,False
LOT006406,MODEL_A,PRESS_03,Normal,0,98.46,0,False
LOT006407,MODEL_B,PRESS_03,Normal,0,98.7,0,False
LOT006408,MODEL_C,PRESS_02,Normal,0,98.61,0,False
LOT006409,MODEL_C,PRESS_02,Normal,0,98.53,0,False
LOT006410,MODEL_B,PRESS_03,Normal,0,98.33,0,False
LOT006411,MODEL_C,PRESS_03,Normal,0,98.8,0,False
LOT006412,MODEL_B,PRESS_02,Delamination,1,94.56,1,True
LOT006413,MODEL_B,PRESS_01,Delamination,1,94.69,1,True
LOT006414,MODEL_B,PRESS_01,Normal,0,98.76,0,False
LOT006415,MODEL_A,PRESS_01,Normal,0,98.96,0,False
LOT006416,MODEL_A,PRESS_01,Normal,0,98.4,0,False
LOT006417,MODEL_C,PRESS_01,Normal,0,98.65,0,False
LOT006418,MODEL_A,PRESS_01,Normal,0,98.69,0,False
LOT006419,MODEL_B,PRESS_03,Normal,0,98.88,0,False
LOT006420,MODEL_B,PRESS_01,Normal,0,98.08,0,False
LOT006421,MODEL_B,PRESS_02,Normal,0,98.32,0,False
LOT006422,MODEL_B,PRESS_02,Normal,0,98.72,0,False
LOT006423,MODEL_C,PRESS_01,Normal,0,98.96,0,False
LOT006424,MODEL_C,PRESS_03,Normal,0,98.98,0,False
LOT006425,MODEL_C,PRESS_03,Normal,0,99.41,0,False
LOT006426,MODEL_B,PRESS_03,Delamination,1,93.86,1,True
LOT006427,MODEL_C,PRESS_03,Normal,0,99.01,0,False
LOT006428,MODEL_B,PRESS_02,Normal,0,98.19,0,False
LOT006429,MODEL_B,PRESS_03,Normal,0,98.94,0,False
LOT006430,MODEL_C,PRESS_01,Normal,0,98.89,0,False
LOT006431,MODEL_C,PRESS_03,Normal,0,98.94,0,False
LOT006432,MODEL_A,PRESS_03,Delamination,3,85.45,1,True
LOT006433,MODEL_C,PRESS_01,Normal,0,98.15,0,False
LOT006434,MODEL_C,PRESS_02,Normal,0,99.1,0,False
LOT006435,MODEL_C,PRESS_02,Normal,0,97.74,0,False
LOT006436,MODEL_C,PRESS_01,Normal,0,98.43,0,False
LOT006437,MODEL_C,PRESS_03,Normal,0,98.78,0,False
LOT006438,MODEL_A,PRESS_01,Normal,0,98.65,0,False
LOT006439,MODEL_A,PRESS_01,Normal,0,98.09,0,False
LOT006440,MODEL_A,PRESS_01,Normal,0,98.82,0,False
LOT006441,MODEL_A,PRESS_03,Normal,0,99.57,0,False
LOT006442,MODEL_A,PRESS_01,Normal,0,98.72,0,False
LOT006443,MODEL_B,PRESS_02,Normal,0,98.63,0,False
LOT006444,MODEL_A,PRESS_03,Normal,0,98.15,0,False
LOT006445,MODEL_A,PRESS_01,Normal,0,98.08,0,False
LOT006446,MODEL_B,PRESS_03,Normal,0,98.17,0,False
LOT006447,MODEL_C,PRESS_01,Normal,0,98.94,0,False
LOT006448,MODEL_A,PRESS_03,Normal,0,98.82,0,False
LOT006449,MODEL_B,PRESS_01,Normal,0,99.02,0,False
LOT006450,MODEL_B,PRESS_01,Normal,0,98.63,0,False
LOT006451,MODEL_C,PRESS_03,Normal,0,98.44,0,False
LOT006452,MODEL_A,PRESS_03,Normal,0,98.22,0,False
LOT006453,MODEL_C,PRESS_03,Normal,0,97.94,0,False
LOT006454,MODEL_A,PRESS_03,Delamination,1,94.01,1,True
LOT006455,MODEL_A,PRESS_02,Normal,0,98.36,0,False
LOT006456,MODEL_A,PRESS_01,Normal,0,99.39,0,False
LOT006457,MODEL_C,PRESS_01,Normal,0,99.12,0,False
LOT006458,MODEL_A,PRESS_02,Normal,0,98.21,0,False
LOT006459,MODEL_C,PRESS_02,Normal,0,98.56,0,False
LOT006460,MODEL_C,PRESS_02,Delamination,2,88.52,1,True
LOT006461,MODEL_C,PRESS_01,Normal,0,98.7,0,False
LOT006462,MODEL_A,PRESS_02,Normal,0,98.75,0,False
LOT006463,MODEL_A,PRESS_01,Normal,0,98.77,0,False
LOT006464,MODEL_A,PRESS_01,Normal,0,98.91,0,False
LOT006465,MODEL_C,PRESS_01,Normal,0,98.62,0,False
LOT006466,MODEL_A,PRESS_02,Normal,0,98.55,0,False
LOT006467,MODEL_B,PRESS_02,Normal,0,98.63,0,False
LOT006468,MODEL_B,PRESS_01,Normal,0,98.19,0,False
LOT006469,MODEL_C,PRESS_02,Normal,0,98.54,0,False
LOT006470,MODEL_B,PRESS_01,Normal,0,98.9,0,False
LOT006471,MODEL_B,PRESS_01,Normal,0,98.42,0,False
LOT006472,MODEL_C,PRESS_01,Normal,0,99.2,0,False
LOT006473,MODEL_C,PRESS_02,Normal,0,98.54,0,False
LOT006474,MODEL_B,PRESS_03,Normal,0,98.42,0,False
LOT006475,MODEL_B,PRESS_01,Delamination,1,93.78,1,True
LOT006476,MODEL_B,PRESS_01,Normal,0,98.49,0,False
LOT006477,MODEL_C,PRESS_01,Normal,0,98.3,0,False
LOT006478,MODEL_B,PRESS_02,Normal,0,98.7,0,False
LOT006479,MODEL_B,PRESS_03,Delamination,1,94.35,1,True
LOT006480,MODEL_C,PRESS_01,Normal,0,99.6,0,False
LOT006481,MODEL_C,PRESS_02,Normal,0,98.29,0,False
LOT006482,MODEL_B,PRESS_03,Normal,0,98.57,0,False
LOT006483,MODEL_A,PRESS_03,Normal,0,98.8,0,False
LOT006484,MODEL_A,PRESS_02,Normal,0,98.8,0,False
LOT006485,MODEL_B,PRESS_03,Normal,0,98.82,0,False
LOT006486,MODEL_C,PRESS_03,Normal,0,99.09,0,False
LOT006487,MODEL_C,PRESS_03,Normal,0,98.4,0,False
LOT006488,MODEL_C,PRESS_01,Normal,0,98.62,0,False
LOT006489,MODEL_A,PRESS_01,Normal,0,98.87,0,False
LOT006490,MODEL_B,PRESS_01,Normal,0,97.92,0,False
LOT006491,MODEL_C,PRESS_03,Delamination,1,93.85,1,True
LOT006492,MODEL_C,PRESS_02,Normal,0,98.64,0,False
LOT006493,MODEL_A,PRESS_01,Normal,0,98.97,0,False
LOT006494,MODEL_C,PRESS_02,Normal,0,98.54,0,False
LOT006495,MODEL_A,PRESS_01,Delamination,1,94.27,1,True
LOT006496,MODEL_A,PRESS_03,Normal,0,97.74,0,False
LOT006497,MODEL_C,PRESS_02,Normal,0,98.24,0,False
LOT006498,MODEL_C,PRESS_03,Delamination,2,88.91,1,True
LOT006499,MODEL_C,PRESS_01,Normal,0,98.7,0,False
LOT006500,MODEL_B,PRESS_02,Normal,0,98.4,0,False
LOT006501,MODEL_B,PRESS_01,Normal,0,98.91,0,False
LOT006502,MODEL_B,PRESS_03,Normal,0,98.67,0,False
LOT006503,MODEL_B,PRESS_02,Delamination,1,93.96,1,True
LOT006504,MODEL_B,PRESS_02,Normal,0,98.74,0,False
LOT006505,MODEL_A,PRESS_02,Normal,0,98.8,0,False
LOT006506,MODEL_C,PRESS_01,Normal,0,98.42,0,False
LOT006507,MODEL_B,PRESS_03,Normal,0,98.78,0,False
LOT006508,MODEL_B,PRESS_02,Normal,0,98.15,0,False
LOT006509,MODEL_C,PRESS_03,Normal,0,98.71,0,False
LOT006510,MODEL_B,PRESS_01,Normal,0,98.84,0,False
LOT006511,MODEL_B,PRESS_01,Normal,0,98.54,0,False
LOT006512,MODEL_A,PRESS_03,Normal,0,98.41,0,False
LOT006513,MODEL_A,PRESS_01,Delamination,1,93.52,1,True
LOT006514,MODEL_B,PRESS_01,Normal,0,98.85,0,False
LOT006515,MODEL_B,PRESS_03,Normal,0,98.22,0,False
LOT006516,MODEL_C,PRESS_01,Normal,0,97.92,0,False
LOT006517,MODEL_C,PRESS_01,Normal,0,98.59,0,False
LOT006518,MODEL_C,PRESS_02,Normal,0,98.1,0,False
LOT006519,MODEL_B,PRESS_01,Normal,0,98.02,0,False
LOT006520,MODEL_A,PRESS_01,Normal,0,98.87,0,False
LOT006521,MODEL_C,PRESS_01,Normal,0,98.71,0,False
LOT006522,MODEL_C,PRESS_01,Delamination,2,89.78,1,True
LOT006523,MODEL_B,PRESS_01,Normal,0,99.29,0,False
LOT006524,MODEL_C,PRESS_03,Normal,0,98.7,0,False
LOT006525,MODEL_C,PRESS_01,Normal,0,98.72,0,False
LOT006526,MODEL_B,PRESS_01,Delamination,1,93.86,1,True
LOT006527,MODEL_A,PRESS_01,Normal,0,99.27,0,False
LOT006528,MODEL_A,PRESS_02,Normal,0,98.26,0,False
LOT006529,MODEL_C,PRESS_03,Normal,0,99.36,0,False
LOT006530,MODEL_B,PRESS_02,Delamination,1,93.59,1,True
LOT006531,MODEL_A,PRESS_01,Normal,0,98.4,0,False
LOT006532,MODEL_A,PRESS_01,Normal,0,98.95,0,False
LOT006533,MODEL_C,PRESS_02,Normal,0,99.07,0,False
LOT006534,MODEL_A,PRESS_01,Normal,0,98.04,0,False
LOT006535,MODEL_A,PRESS_03,Normal,0,98.71,0,False
LOT006536,MODEL_B,PRESS_03,Delamination,1,94.42,1,True
LOT006537,MODEL_B,PRESS_02,Normal,0,98.88,0,False
LOT006538,MODEL_C,PRESS_03,Normal,0,98.88,0,False
LOT006539,MODEL_C,PRESS_01,Normal,0,98.21,0,False
LOT006540,MODEL_B,PRESS_01,Normal,0,99.35,0,False
LOT006541,MODEL_A,PRESS_03,Normal,0,98.09,0,False
LOT006542,MODEL_C,PRESS_03,Normal,0,98.86,0,False
LOT006543,MODEL_B,PRESS_01,Normal,0,99.07,0,False
LOT006544,MODEL_C,PRESS_02,Normal,0,99.2,0,False
LOT006545,MODEL_B,PRESS_01,Normal,0,99.15,0,False
LOT006546,MODEL_A,PRESS_02,Normal,0,99.14,0,False
LOT006547,MODEL_C,PRESS_03,Normal,0,99.22,0,False
LOT006548,MODEL_A,PRESS_03,Delamination,1,94.05,1,True
LOT006549,MODEL_C,PRESS_02,Delamination,3,84.89,1,True
LOT006550,MODEL_C,PRESS_03,Normal,0,99.1,0,False
LOT006551,MODEL_A,PRESS_02,Normal,0,99.02,0,False
LOT006552,MODEL_C,PRESS_03,Normal,0,98.92,0,False
LOT006553,MODEL_A,PRESS_01,Normal,0,98.59,0,False
LOT006554,MODEL_B,PRESS_02,Normal,0,97.77,0,False
LOT006555,MODEL_B,PRESS_02,Normal,0,99.14,0,False
LOT006556,MODEL_B,PRESS_02,Delamination,2,89.8,1,True
LOT006557,MODEL_B,PRESS_01,Normal,0,98.98,0,False
LOT006558,MODEL_B,PRESS_01,Normal,0,98.45,0,False
LOT006559,MODEL_B,PRESS_03,Normal,0,98.62,0,False
LOT006560,MODEL_C,PRESS_01,Normal,0,98.37,0,False
LOT006561,MODEL_A,PRESS_02,Delamination,1,93.98,1,True
LOT006562,MODEL_C,PRESS_02,Normal,0,98.7,0,False
LOT006563,MODEL_A,PRESS_02,Normal,0,99.68,0,False
LOT006564,MODEL_A,PRESS_01,Normal,0,97.83,0,False
LOT006565,MODEL_C,PRESS_01,Delamination,1,94.32,1,True
LOT006566,MODEL_A,PRESS_01,Normal,0,99.4,0,False
LOT006567,MODEL_C,PRESS_01,Normal,0,99.07,0,False
LOT006568,MODEL_A,PRESS_01,Normal,0,99.3,0,False
LOT006569,MODEL_A,PRESS_01,Normal,0,97.92,0,False
LOT006570,MODEL_C,PRESS_01,Normal,0,98.2,0,False
LOT006571,MODEL_A,PRESS_03,Normal,0,98.82,0,False
LOT006572,MODEL_C,PRESS_02,Delamination,19,14.08,1,True
LOT006573,MODEL_B,PRESS_01,Normal,0,98.46,0,False
LOT006574,MODEL_C,PRESS_02,Delamination,1,93.62,1,True
LOT006575,MODEL_C,PRESS_01,Normal,0,98.68,0,False
LOT006576,MODEL_A,PRESS_02,Normal,0,98.89,0,False
LOT006577,MODEL_A,PRESS_01,Normal,0,98.78,0,False
LOT006578,MODEL_B,PRESS_01,Normal,0,99.03,0,False
LOT006579,MODEL_C,PRESS_01,Delamination,2,89.96,1,True
LOT006580,MODEL_A,PRESS_02,Normal,0,98.39,0,False
LOT006581,MODEL_A,PRESS_02,Normal,0,99.02,0,False
LOT006582,MODEL_B,PRESS_02,Normal,0,98.15,0,False
LOT006583,MODEL_A,PRESS_02,Normal,0,98.41,0,False
LOT006584,MODEL_A,PRESS_03,Normal,0,99.18,0,False
LOT006585,MODEL_A,PRESS_03,Normal,0,97.95,1,True
LOT006586,MODEL_C,PRESS_02,Normal,0,98.42,0,False
LOT006587,MODEL_C,PRESS_02,Normal,0,98.52,0,False
LOT006588,MODEL_A,PRESS_02,Normal,0,98.36,0,False
LOT006589,MODEL_B,PRESS_01,Normal,0,98.74,0,False
LOT006590,MODEL_B,PRESS_02,Delamination,1,93.6,1,True
LOT006591,MODEL_B,PRESS_01,Normal,0,98.36,0,False
LOT006592,MODEL_C,PRESS_03,Normal,0,98.23,0,False
LOT006593,MODEL_B,PRESS_02,Normal,0,99.24,0,False
LOT006594,MODEL_C,PRESS_03,Normal,0,98.45,0,False
LOT006595,MODEL_A,PRESS_03,Normal,0,99.2,0,False
LOT006596,MODEL_A,PRESS_02,Delamination,1,93.14,1,True
LOT006597,MODEL_B,PRESS_03,Normal,0,98.66,0,False
LOT006598,MODEL_C,PRESS_02,Normal,0,99.07,0,False
LOT006599,MODEL_B,PRESS_01,Normal,0,98.79,0,False
LOT006600,MODEL_B,PRESS_01,Normal,0,98.84,0,False
LOT006601,MODEL_A,PRESS_01,Normal,0,98.15,0,False
LOT006602,MODEL_B,PRESS_03,Normal,0,98.53,0,False
LOT006603,MODEL_C,PRESS_02,Delamination,1,94.42,1,True
LOT006604,MODEL_B,PRESS_01,Normal,0,98.83,0,False
LOT006605,MODEL_A,PRESS_02,Normal,0,99.13,0,False
LOT006606,MODEL_C,PRESS_01,Normal,0,98.74,0,False
LOT006607,MODEL_C,PRESS_03,Normal,0,98.98,0,False
LOT006608,MODEL_B,PRESS_03,Normal,0,99.21,0,False
LOT006609,MODEL_B,PRESS_01,Normal,0,99.02,0,False
LOT006610,MODEL_B,PRESS_03,Normal,0,98.5,0,False
LOT006611,MODEL_C,PRESS_02,Delamination,9,58.23,1,True
LOT006612,MODEL_B,PRESS_01,Normal,0,98.97,0,False
LOT006613,MODEL_A,PRESS_03,Normal,0,98.98,0,False
LOT006614,MODEL_A,PRESS_01,Normal,0,98.51,0,False
LOT006615,MODEL_C,PRESS_01,Normal,0,98.54,0,False
LOT006616,MODEL_C,PRESS_01,Normal,0,98.15,0,False
LOT006617,MODEL_C,PRESS_02,Delamination,1,94.4,1,True
LOT006618,MODEL_A,PRESS_02,Delamination,5,76.34,1,True
LOT006619,MODEL_A,PRESS_01,Normal,0,98.84,0,False
LOT006620,MODEL_B,PRESS_01,Normal,0,98.57,0,False
LOT006621,MODEL_A,PRESS_01,Normal,0,99.14,0,False
LOT006622,MODEL_B,PRESS_03,Normal,0,99.2,0,False
LOT006623,MODEL_B,PRESS_03,Normal,0,98.63,0,False
LOT006624,MODEL_A,PRESS_03,Normal,0,98.25,0,False
LOT006625,MODEL_A,PRESS_02,Normal,0,97.76,0,False
LOT006626,MODEL_B,PRESS_02,Normal,0,98.11,0,False
LOT006627,MODEL_C,PRESS_03,Normal,0,98.92,0,False
LOT006628,MODEL_B,PRESS_02,Normal,0,98.21,0,False
LOT006629,MODEL_A,PRESS_02,Normal,0,98.84,0,False
LOT006630,MODEL_A,PRESS_01,Normal,0,98.18,0,False
LOT006631,MODEL_B,PRESS_02,Normal,0,98.05,0,False
LOT006632,MODEL_A,PRESS_01,Normal,0,98.81,0,False
LOT006633,MODEL_C,PRESS_01,Normal,0,98.55,0,False
LOT006634,MODEL_C,PRESS_03,Normal,0,98.33,0,False
LOT006635,MODEL_A,PRESS_03,Normal,0,98.86,0,False
LOT006636,MODEL_C,PRESS_01,Normal,0,99.31,0,False
LOT006637,MODEL_A,PRESS_01,Normal,0,98.35,0,False
LOT006638,MODEL_B,PRESS_01,Normal,0,98.58,0,False
LOT006639,MODEL_C,PRESS_03,Normal,0,98.39,0,False
LOT006640,MODEL_A,PRESS_01,Normal,0,98.81,0,False
LOT006641,MODEL_A,PRESS_01,Normal,0,98.67,0,False
LOT006642,MODEL_A,PRESS_01,Normal,0,98.42,0,False
LOT006643,MODEL_C,PRESS_03,Normal,0,99.41,0,False
LOT006644,MODEL_A,PRESS_02,Delamination,3,84.47,1,True
LOT006645,MODEL_B,PRESS_03,Normal,0,98.64,0,False
LOT006646,MODEL_B,PRESS_03,Normal,0,98.88,0,False
LOT006647,MODEL_C,PRESS_01,Normal,0,98.44,0,False
LOT006648,MODEL_C,PRESS_03,Normal,0,98.8,0,False
LOT006649,MODEL_C,PRESS_02,Delamination,1,94.25,1,True
LOT006650,MODEL_C,PRESS_02,Normal,0,99.09,0,False
LOT006651,MODEL_B,PRESS_01,Normal,0,99.09,0,False
LOT006652,MODEL_B,PRESS_03,Normal,0,98.55,0,False
LOT006653,MODEL_A,PRESS_03,Normal,0,99.02,0,False
LOT006654,MODEL_C,PRESS_02,Normal,0,99.27,0,False
LOT006655,MODEL_B,PRESS_01,Normal,0,98.74,0,False
LOT006656,MODEL_B,PRESS_03,Normal,0,98.45,0,False
LOT006657,MODEL_A,PRESS_03,Normal,0,98.4,0,False
LOT006658,MODEL_A,PRESS_02,Normal,0,98.93,0,False
LOT006659,MODEL_B,PRESS_02,Delamination,1,93.79,1,True
LOT006660,MODEL_B,PRESS_01,Normal,0,98.41,0,False
LOT006661,MODEL_B,PRESS_01,Normal,0,98.73,0,False
LOT006662,MODEL_A,PRESS_03,Normal,0,98.28,0,False
LOT006663,MODEL_A,PRESS_02,Normal,0,98.6,0,False
LOT006664,MODEL_C,PRESS_01,Normal,0,99.0,0,False
LOT006665,MODEL_B,PRESS_03,Normal,0,98.16,0,False
LOT006666,MODEL_B,PRESS_01,Normal,0,98.76,0,False
LOT006667,MODEL_A,PRESS_01,Normal,0,98.89,0,False
LOT006668,MODEL_B,PRESS_01,Normal,0,99.15,0,False
LOT006669,MODEL_B,PRESS_02,Delamination,2,89.64,1,True
LOT006670,MODEL_B,PRESS_02,Normal,0,98.57,0,False
LOT006671,MODEL_C,PRESS_01,Normal,0,98.49,0,False
LOT006672,MODEL_C,PRESS_02,Normal,0,98.26,0,False
LOT006673,MODEL_A,PRESS_02,Normal,0,99.13,0,False
LOT006674,MODEL_B,PRESS_02,Normal,0,98.71,0,False
LOT006675,MODEL_C,PRESS_02,Delamination,1,94.13,1,True
LOT006676,MODEL_B,PRESS_03,Normal,0,98.63,0,False
LOT006677,MODEL_A,PRESS_03,Normal,0,98.48,0,False
LOT006678,MODEL_A,PRESS_01,Normal,0,98.39,0,False
LOT006679,MODEL_C,PRESS_03,Normal,0,98.54,0,False
LOT006680,MODEL_C,PRESS_02,Normal,0,98.28,0,False
LOT006681,MODEL_A,PRESS_01,Normal,0,98.52,0,False
LOT006682,MODEL_B,PRESS_02,Normal,0,98.43,0,False
LOT006683,MODEL_B,PRESS_03,Delamination,1,94.04,1,True
LOT006684,MODEL_A,PRESS_03,Normal,0,97.98,0,False
LOT006685,MODEL_B,PRESS_02,Delamination,3,85.62,1,True
LOT006686,MODEL_C,PRESS_01,Normal,0,98.64,0,False
LOT006687,MODEL_A,PRESS_01,Normal,0,98.44,0,False
LOT006688,MODEL_A,PRESS_01,Normal,0,98.43,0,False
LOT006689,MODEL_B,PRESS_03,Normal,0,99.22,0,False
LOT006690,MODEL_A,PRESS_02,Delamination,1,93.89,1,True
LOT006691,MODEL_C,PRESS_02,Delamination,1,94.6,1,True
LOT006692,MODEL_B,PRESS_03,Normal,0,98.36,0,False
LOT006693,MODEL_A,PRESS_03,Normal,0,98.86,0,False
LOT006694,MODEL_B,PRESS_03,Normal,0,98.87,0,False
LOT006695,MODEL_C,PRESS_01,Normal,0,99.17,0,False
LOT006696,MODEL_B,PRESS_02,Normal,0,98.71,0,False
LOT006697,MODEL_B,PRESS_03,Normal,0,98.48,0,False
LOT006698,MODEL_A,PRESS_03,Normal,0,99.1,0,False
LOT006699,MODEL_A,PRESS_01,Normal,0,98.92,0,False
LOT006700,MODEL_A,PRESS_02,Normal,0,97.89,0,False
LOT006701,MODEL_A,PRESS_03,Normal,0,99.25,0,False
LOT006702,MODEL_A,PRESS_01,Normal,0,98.27,0,False
LOT006703,MODEL_B,PRESS_02,Normal,0,98.88,0,False
LOT006704,MODEL_A,PRESS_01,Normal,0,98.63,0,False
LOT006705,MODEL_B,PRESS_03,Normal,0,97.36,0,False
LOT006706,MODEL_C,PRESS_01,Normal,0,99.28,0,False
LOT006707,MODEL_C,PRESS_01,Normal,0,99.02,0,False
LOT006708,MODEL_B,PRESS_01,Normal,0,98.45,0,False
LOT006709,MODEL_A,PRESS_01,Normal,0,99.59,0,False
LOT006710,MODEL_B,PRESS_02,Normal,0,98.53,0,False
LOT006711,MODEL_C,PRESS_01,Normal,0,98.53,0,False
LOT006712,MODEL_B,PRESS_02,Delamination,2,89.44,1,True
LOT006713,MODEL_C,PRESS_02,Normal,0,98.87,0,False
LOT006714,MODEL_C,PRESS_02,Delamination,5,76.33,2,True
LOT006715,MODEL_A,PRESS_03,Normal,0,98.57,0,False
LOT006716,MODEL_A,PRESS_02,Normal,0,98.45,0,False
LOT006717,MODEL_A,PRESS_02,Normal,0,98.98,0,False
LOT006718,MODEL_A,PRESS_03,Normal,0,98.35,0,False
LOT006719,MODEL_A,PRESS_01,Normal,0,98.85,0,False
LOT006720,MODEL_B,PRESS_03,Normal,0,98.71,0,False
LOT006721,MODEL_B,PRESS_03,Normal,0,97.71,0,False
LOT006722,MODEL_B,PRESS_01,Delamination,1,94.15,1,True
LOT006723,MODEL_C,PRESS_01,Normal,0,98.24,0,False
LOT006724,MODEL_C,PRESS_02,Normal,0,98.7,0,False
LOT006725,MODEL_C,PRESS_01,Normal,0,98.76,0,False
LOT006726,MODEL_C,PRESS_02,Delamination,1,94.64,1,True
LOT006727,MODEL_B,PRESS_03,Normal,0,98.75,0,False
LOT006728,MODEL_C,PRESS_02,Normal,0,98.77,0,False
LOT006729,MODEL_B,PRESS_01,Normal,0,98.34,0,False
LOT006730,MODEL_A,PRESS_01,Normal,0,98.44,0,False
LOT006731,MODEL_A,PRESS_03,Normal,0,99.08,0,False
LOT006732,MODEL_A,PRESS_01,Normal,0,98.34,0,False
LOT006733,MODEL_C,PRESS_02,Normal,0,98.39,0,False
LOT006734,MODEL_A,PRESS_03,Normal,0,98.54,0,False
LOT006735,MODEL_C,PRESS_01,Delamination,1,94.79,1,True
LOT006736,MODEL_C,PRESS_02,Delamination,9,57.83,1,True
LOT006737,MODEL_B,PRESS_02,Normal,0,99.47,0,False
LOT006738,MODEL_C,PRESS_01,Normal,0,99.25,0,False
LOT006739,MODEL_C,PRESS_02,Normal,0,99.14,0,False
LOT006740,MODEL_C,PRESS_02,Normal,0,98.42,0,False
LOT006741,MODEL_B,PRESS_01,Normal,0,98.53,0,False
LOT006742,MODEL_A,PRESS_03,Normal,0,98.45,0,False
LOT006743,MODEL_A,PRESS_02,Delamination,1,94.49,1,True
LOT006744,MODEL_C,PRESS_01,Normal,0,98.65,0,False
LOT006745,MODEL_C,PRESS_03,Normal,0,98.65,0,False
LOT006746,MODEL_B,PRESS_03,Normal,0,98.43,0,False
LOT006747,MODEL_A,PRESS_01,Normal,0,98.9,0,False
LOT006748,MODEL_C,PRESS_01,Normal,0,98.65,0,False
LOT006749,MODEL_A,PRESS_02,Normal,0,98.1,0,False
LOT006750,MODEL_B,PRESS_02,Normal,0,98.62,0,False
LOT006751,MODEL_B,PRESS_03,Normal,0,98.28,0,False
LOT006752,MODEL_A,PRESS_02,Normal,0,98.01,0,False
LOT006753,MODEL_A,PRESS_02,Normal,0,97.76,0,False
LOT006754,MODEL_A,PRESS_01,Normal,0,98.04,0,False
LOT006755,MODEL_C,PRESS_02,Normal,0,99.22,0,False
LOT006756,MODEL_C,PRESS_03,Delamination,1,93.63,1,True
LOT006757,MODEL_B,PRESS_02,Normal,0,98.86,0,False
LOT006758,MODEL_B,PRESS_02,Normal,0,99.47,0,False
LOT006759,MODEL_B,PRESS_01,Normal,0,98.16,0,False
LOT006760,MODEL_B,PRESS_03,Normal,0,98.53,0,False
LOT006761,MODEL_B,PRESS_01,Normal,0,99.39,0,False
LOT006762,MODEL_B,PRESS_01,Normal,0,99.11,0,False
LOT006763,MODEL_B,PRESS_01,Normal,0,99.22,0,False
LOT006764,MODEL_B,PRESS_03,Normal,0,98.42,0,False
LOT006765,MODEL_B,PRESS_02,Normal,0,99.0,0,False
LOT006766,MODEL_C,PRESS_03,Delamination,1,93.86,1,True
LOT006767,MODEL_A,PRESS_02,Normal,0,98.37,0,False
LOT006768,MODEL_A,PRESS_02,Normal,0,99.5,0,False
LOT006769,MODEL_B,PRESS_02,Normal,0,98.94,0,False
LOT006770,MODEL_A,PRESS_01,Normal,0,99.23,0,False
LOT006771,MODEL_A,PRESS_02,Normal,0,98.02,0,False
LOT006772,MODEL_C,PRESS_03,Normal,0,98.35,0,False
LOT006773,MODEL_B,PRESS_03,Delamination,1,93.49,1,True
LOT006774,MODEL_B,PRESS_02,Delamination,1,94.06,1,True
LOT006775,MODEL_C,PRESS_03,Normal,0,99.39,0,False
LOT006776,MODEL_A,PRESS_03,Normal,0,98.5,0,False
LOT006777,MODEL_B,PRESS_02,Normal,0,98.68,0,False
LOT006778,MODEL_A,PRESS_02,Normal,0,98.83,0,False
LOT006779,MODEL_B,PRESS_01,Normal,0,98.64,0,False
LOT006780,MODEL_A,PRESS_01,Normal,0,98.6,0,False
LOT006781,MODEL_C,PRESS_03,Delamination,1,93.89,2,True
LOT006782,MODEL_A,PRESS_01,Normal,0,98.53,1,True
LOT006783,MODEL_A,PRESS_02,Normal,0,98.67,0,False
LOT006784,MODEL_A,PRESS_03,Normal,0,98.78,0,False
LOT006785,MODEL_A,PRESS_01,Normal,0,99.19,0,False
LOT006786,MODEL_A,PRESS_03,Normal,0,98.34,0,False
LOT006787,MODEL_A,PRESS_02,Normal,0,98.96,0,False
LOT006788,MODEL_C,PRESS_01,Normal,0,98.51,0,False
LOT006789,MODEL_C,PRESS_01,Normal,0,98.66,0,False
LOT006790,MODEL_C,PRESS_03,Normal,0,98.24,0,False
LOT006791,MODEL_C,PRESS_03,Normal,0,98.61,0,False
LOT006792,MODEL_C,PRESS_03,Normal,0,98.59,0,False
LOT006793,MODEL_B,PRESS_03,Normal,0,98.81,0,False
LOT006794,MODEL_B,PRESS_01,Normal,0,98.11,0,False
LOT006795,MODEL_B,PRESS_03,Normal,0,98.2,0,False
LOT006796,MODEL_A,PRESS_01,Normal,0,99.08,0,False
LOT006797,MODEL_B,PRESS_01,Normal,0,98.21,0,False
LOT006798,MODEL_C,PRESS_03,Normal,0,98.57,0,False
LOT006799,MODEL_A,PRESS_02,Normal,0,98.3,0,False
LOT006800,MODEL_C,PRESS_02,Delamination,1,94.12,1,True
LOT006801,MODEL_C,PRESS_03,Normal,0,98.6,0,False
LOT006802,MODEL_B,PRESS_01,Normal,0,98.77,0,False
LOT006803,MODEL_B,PRESS_02,Normal,0,98.2,0,False
LOT006804,MODEL_A,PRESS_03,Normal,0,98.21,0,False
LOT006805,MODEL_A,PRESS_02,Normal,0,99.25,0,False
LOT006806,MODEL_A,PRESS_02,Normal,0,99.26,0,False
LOT006807,MODEL_C,PRESS_02,Normal,0,98.14,0,False
LOT006808,MODEL_B,PRESS_03,Normal,0,98.76,0,False
LOT006809,MODEL_A,PRESS_01,Normal,0,98.02,0,False
LOT006810,MODEL_B,PRESS_03,Normal,0,98.41,0,False
LOT006811,MODEL_C,PRESS_03,Delamination,1,94.57,1,True
LOT006812,MODEL_A,PRESS_03,Normal,0,98.38,0,False
LOT006813,MODEL_A,PRESS_02,Normal,0,99.11,0,False
LOT006814,MODEL_C,PRESS_02,Normal,0,97.86,0,False
LOT006815,MODEL_C,PRESS_02,Normal,0,99.0,0,False
LOT006816,MODEL_B,PRESS_01,Normal,0,98.67,0,False
LOT006817,MODEL_C,PRESS_03,Delamination,2,89.77,1,True
LOT006818,MODEL_B,PRESS_02,Delamination,1,93.71,1,True
LOT006819,MODEL_B,PRESS_03,Normal,0,97.99,0,False
LOT006820,MODEL_A,PRESS_01,Normal,0,98.42,0,False
LOT006821,MODEL_C,PRESS_03,Normal,0,99.81,0,False
LOT006822,MODEL_C,PRESS_02,Normal,0,98.37,0,False
LOT006823,MODEL_A,PRESS_03,Normal,0,98.25,0,False
LOT006824,MODEL_C,PRESS_01,Delamination,1,93.94,1,True
LOT006825,MODEL_C,PRESS_02,Normal,0,98.62,0,False
LOT006826,MODEL_A,PRESS_02,Normal,0,98.45,0,False
LOT006827,MODEL_A,PRESS_02,Normal,0,98.63,0,False
LOT006828,MODEL_B,PRESS_01,Normal,0,98.64,0,False
LOT006829,MODEL_B,PRESS_02,Normal,0,98.87,0,False
LOT006830,MODEL_B,PRESS_01,Normal,0,98.56,0,False
LOT006831,MODEL_B,PRESS_02,Delamination,1,94.18,1,True
LOT006832,MODEL_C,PRESS_01,Normal,0,97.94,0,False
LOT006833,MODEL_B,PRESS_02,Normal,0,98.43,0,False
LOT006834,MODEL_A,PRESS_02,Normal,0,98.37,0,False
LOT006835,MODEL_A,PRESS_01,Normal,0,98.32,0,False
LOT006836,MODEL_C,PRESS_03,Normal,0,98.75,1,True
LOT006837,MODEL_C,PRESS_03,Delamination,1,93.86,1,True
LOT006838,MODEL_B,PRESS_01,Normal,0,98.18,0,False
LOT006839,MODEL_A,PRESS_01,Normal,0,99.17,0,False
LOT006840,MODEL_A,PRESS_03,Normal,0,98.48,0,False
LOT006841,MODEL_A,PRESS_01,Normal,0,98.91,0,False
LOT006842,MODEL_A,PRESS_03,Delamination,1,93.89,1,True
LOT006843,MODEL_B,PRESS_02,Normal,0,98.25,0,False
LOT006844,MODEL_A,PRESS_02,Delamination,1,93.52,1,True
LOT006845,MODEL_A,PRESS_01,Normal,0,99.29,0,False
LOT006846,MODEL_A,PRESS_02,Delamination,1,94.39,1,True
LOT006847,MODEL_C,PRESS_01,Normal,0,98.29,0,False
LOT006848,MODEL_B,PRESS_02,Normal,0,99.48,0,False
LOT006849,MODEL_A,PRESS_02,Normal,0,97.88,0,False
LOT006850,MODEL_C,PRESS_01,Normal,0,98.67,0,False
LOT006851,MODEL_B,PRESS_02,Normal,0,98.05,0,False
LOT006852,MODEL_A,PRESS_02,Normal,0,98.11,0,False
LOT006853,MODEL_C,PRESS_03,Normal,0,97.39,0,False
LOT006854,MODEL_C,PRESS_01,Normal,0,98.56,0,False
LOT006855,MODEL_B,PRESS_03,Normal,0,98.77,0,False
LOT006856,MODEL_A,PRESS_03,Normal,0,98.97,0,False
LOT006857,MODEL_A,PRESS_03,Normal,0,98.81,0,False
LOT006858,MODEL_B,PRESS_03,Delamination,1,94.14,1,True
LOT006859,MODEL_C,PRESS_02,Delamination,4,81.09,1,True
LOT006860,MODEL_C,PRESS_03,Normal,0,99.06,0,False
LOT006861,MODEL_C,PRESS_03,Normal,0,98.29,0,False
LOT006862,MODEL_C,PRESS_02,Normal,0,98.91,0,False
LOT006863,MODEL_B,PRESS_01,Normal,0,98.91,0,False
LOT006864,MODEL_B,PRESS_02,Normal,0,98.17,0,False
LOT006865,MODEL_C,PRESS_03,Normal,0,98.67,0,False
LOT006866,MODEL_C,PRESS_03,Delamination,2,89.02,1,True
LOT006867,MODEL_B,PRESS_02,Normal,0,98.46,0,False
LOT006868,MODEL_A,PRESS_01,Normal,0,98.85,0,False
LOT006869,MODEL_C,PRESS_03,Normal,0,98.94,0,False
LOT006870,MODEL_A,PRESS_01,Normal,0,98.26,0,False
LOT006871,MODEL_B,PRESS_01,Normal,0,98.67,0,False
LOT006872,MODEL_B,PRESS_02,Normal,0,99.03,0,False
LOT006873,MODEL_C,PRESS_03,Normal,0,98.52,0,False
LOT006874,MODEL_A,PRESS_01,Normal,0,98.48,0,False
LOT006875,MODEL_B,PRESS_02,Normal,0,99.15,0,False
LOT006876,MODEL_B,PRESS_01,Normal,0,98.89,0,False
LOT006877,MODEL_A,PRESS_02,Normal,0,98.72,0,False
LOT006878,MODEL_A,PRESS_01,Normal,0,97.89,0,False
LOT006879,MODEL_B,PRESS_02,Normal,0,98.71,0,False
LOT006880,MODEL_C,PRESS_02,Normal,0,98.47,0,False
LOT006881,MODEL_B,PRESS_01,Normal,0,98.24,0,False
LOT006882,MODEL_C,PRESS_01,Normal,0,98.62,0,False
LOT006883,MODEL_C,PRESS_03,Normal,0,99.12,0,False
LOT006884,MODEL_C,PRESS_01,Normal,0,99.49,0,False
LOT006885,MODEL_C,PRESS_01,Normal,0,98.91,0,False
LOT006886,MODEL_C,PRESS_01,Normal,0,98.18,0,False
LOT006887,MODEL_C,PRESS_03,Normal,0,98.45,0,False
LOT006888,MODEL_A,PRESS_02,Normal,0,98.43,0,False
LOT006889,MODEL_C,PRESS_01,Normal,0,98.24,0,False
LOT006890,MODEL_A,PRESS_03,Normal,0,98.91,0,False
LOT006891,MODEL_C,PRESS_01,Normal,0,98.44,0,False
LOT006892,MODEL_B,PRESS_02,Delamination,1,93.55,1,True
LOT006893,MODEL_C,PRESS_01,Normal,0,98.67,0,False
LOT006894,MODEL_B,PRESS_03,Normal,0,99.32,0,False
LOT006895,MODEL_B,PRESS_03,Normal,0,98.8,0,False
LOT006896,MODEL_B,PRESS_03,Normal,0,98.36,1,True
LOT006897,MODEL_B,PRESS_01,Normal,0,99.32,0,False
LOT006898,MODEL_B,PRESS_01,Normal,0,98.57,0,False
LOT006899,MODEL_B,PRESS_03,Normal,0,98.68,0,False
LOT006900,MODEL_B,PRESS_03,Normal,0,98.7,0,False
LOT006901,MODEL_B,PRESS_01,Normal,0,99.34,0,False
LOT006902,MODEL_A,PRESS_03,Normal,0,98.57,1,True
LOT006903,MODEL_B,PRESS_03,Normal,0,98.38,0,False
LOT006904,MODEL_A,PRESS_02,Normal,0,99.07,0,False
LOT006905,MODEL_A,PRESS_02,Normal,0,99.3,0,False
LOT006906,MODEL_B,PRESS_01,Normal,0,98.58,0,False
LOT006907,MODEL_A,PRESS_01,Normal,0,98.44,0,False
LOT006908,MODEL_B,PRESS_01,Normal,0,98.79,0,False
LOT006909,MODEL_C,PRESS_01,Normal,0,97.63,0,False
LOT006910,MODEL_C,PRESS_03,Normal,0,98.43,0,False
LOT006911,MODEL_A,PRESS_02,Normal,0,98.07,0,False
LOT006912,MODEL_B,PRESS_03,Delamination,2,88.95,1,True
LOT006913,MODEL_B,PRESS_01,Normal,0,98.01,0,False
LOT006914,MODEL_C,PRESS_03,Normal,0,98.58,0,False
LOT006915,MODEL_B,PRESS_01,Normal,0,98.27,0,False
LOT006916,MODEL_C,PRESS_03,Normal,0,98.05,0,False
LOT006917,MODEL_C,PRESS_01,Normal,0,98.6,0,False
LOT006918,MODEL_A,PRESS_01,Normal,0,98.52,0,False
LOT006919,MODEL_B,PRESS_01,Normal,0,98.78,0,False
LOT006920,MODEL_B,PRESS_03,Delamination,1,94.29,1,True
LOT006921,MODEL_B,PRESS_01,Normal,0,98.46,0,False
LOT006922,MODEL_B,PRESS_02,Normal,0,98.88,0,False
LOT006923,MODEL_A,PRESS_02,Normal,0,98.33,0,False
LOT006924,MODEL_B,PRESS_03,Delamination,1,93.94,1,True
LOT006925,MODEL_C,PRESS_02,Normal,0,98.65,0,False
LOT006926,MODEL_A,PRESS_01,Normal,0,98.9,0,False
LOT006927,MODEL_B,PRESS_02,Normal,0,98.46,0,False
LOT006928,MODEL_C,PRESS_01,Normal,0,97.99,0,False
LOT006929,MODEL_B,PRESS_03,Normal,0,99.06,0,False
LOT006930,MODEL_C,PRESS_03,Normal,0,98.27,0,False
LOT006931,MODEL_B,PRESS_01,Normal,0,98.86,0,False
LOT006932,MODEL_A,PRESS_03,Normal,0,98.21,0,False
LOT006933,MODEL_C,PRESS_01,Normal,0,97.72,0,False
LOT006934,MODEL_A,PRESS_02,Normal,0,98.43,0,False
LOT006935,MODEL_A,PRESS_02,Delamination,1,94.44,1,True
LOT006936,MODEL_A,PRESS_01,Delamination,1,93.58,1,True
LOT006937,MODEL_C,PRESS_02,Normal,0,98.49,0,False
LOT006938,MODEL_C,PRESS_01,Normal,0,98.9,0,False
LOT006939,MODEL_A,PRESS_03,Normal,0,98.78,0,False
LOT006940,MODEL_B,PRESS_03,Normal,0,100.0,0,False
LOT006941,MODEL_B,PRESS_03,Normal,0,98.88,0,False
LOT006942,MODEL_A,PRESS_02,Delamination,1,94.2,1,True
LOT006943,MODEL_C,PRESS_02,Normal,0,98.46,0,False
LOT006944,MODEL_C,PRESS_02,Delamination,1,93.85,1,True
LOT006945,MODEL_B,PRESS_03,Normal,0,98.63,0,False
LOT006946,MODEL_B,PRESS_02,Normal,0,98.85,0,False
LOT006947,MODEL_C,PRESS_02,Normal,0,97.93,0,False
LOT006948,MODEL_B,PRESS_02,Normal,0,98.43,0,False
LOT006949,MODEL_B,PRESS_02,Normal,0,98.11,0,False
LOT006950,MODEL_B,PRESS_02,Delamination,2,89.16,1,True
LOT006951,MODEL_B,PRESS_03,Normal,0,99.13,0,False
LOT006952,MODEL_B,PRESS_02,Normal,0,98.72,0,False
LOT006953,MODEL_A,PRESS_03,Normal,0,99.09,0,False
LOT006954,MODEL_B,PRESS_03,Delamination,1,94.53,1,True
LOT006955,MODEL_B,PRESS_02,Normal,0,98.32,0,False
LOT006956,MODEL_A,PRESS_03,Normal,0,98.49,1,True
LOT006957,MODEL_B,PRESS_01,Normal,0,99.06,0,False
LOT006958,MODEL_B,PRESS_03,Normal,0,98.15,0,False
LOT006959,MODEL_B,PRESS_01,Normal,0,98.66,0,False
LOT006960,MODEL_C,PRESS_02,Normal,0,98.34,0,False
LOT006961,MODEL_B,PRESS_01,Normal,0,98.33,0,False
LOT006962,MODEL_B,PRESS_02,Normal,0,98.68,0,False
LOT006963,MODEL_A,PRESS_02,Normal,0,98.58,0,False
LOT006964,MODEL_C,PRESS_03,Normal,0,98.33,0,False
LOT006965,MODEL_A,PRESS_01,Normal,0,98.71,0,False
LOT006966,MODEL_B,PRESS_03,Normal,0,99.11,0,False
LOT006967,MODEL_A,PRESS_03,Normal,0,97.75,0,False
LOT006968,MODEL_C,PRESS_02,Normal,0,98.22,0,False
LOT006969,MODEL_B,PRESS_02,Normal,0,98.23,0,False
LOT006970,MODEL_A,PRESS_03,Normal,0,98.98,0,False
LOT006971,MODEL_A,PRESS_01,Normal,0,98.73,0,False
LOT006972,MODEL_C,PRESS_03,Normal,0,98.53,0,False
LOT006973,MODEL_B,PRESS_01,Normal,0,97.98,0,False
LOT006974,MODEL_A,PRESS_03,Normal,0,99.31,0,False
LOT006975,MODEL_C,PRESS_01,Normal,0,98.17,0,False
LOT006976,MODEL_A,PRESS_03,Normal,0,98.09,0,False
LOT006977,MODEL_B,PRESS_03,Normal,0,97.41,0,False
LOT006978,MODEL_A,PRESS_01,Normal,0,98.26,0,False
LOT006979,MODEL_A,PRESS_02,Normal,0,98.41,0,False
LOT006980,MODEL_A,PRESS_02,Normal,0,98.43,1,True
LOT006981,MODEL_A,PRESS_01,Normal,0,98.83,0,False
LOT006982,MODEL_C,PRESS_02,Normal,0,98.71,0,False
LOT006983,MODEL_B,PRESS_03,Normal,0,98.79,0,False
LOT006984,MODEL_C,PRESS_01,Normal,0,98.15,0,False
LOT006985,MODEL_A,PRESS_03,Normal,0,98.95,0,False
LOT006986,MODEL_C,PRESS_03,Normal,0,98.64,0,False
LOT006987,MODEL_A,PRESS_02,Normal,0,98.47,0,False
LOT006988,MODEL_A,PRESS_02,Normal,0,98.09,0,False
LOT006989,MODEL_A,PRESS_02,Normal,0,98.69,0,False
LOT006990,MODEL_C,PRESS_01,Normal,0,98.9,0,False
LOT006991,MODEL_C,PRESS_02,Delamination,3,85.42,1,True
LOT006992,MODEL_C,PRESS_03,Normal,0,98.43,0,False
LOT006993,MODEL_C,PRESS_01,Normal,0,98.9,0,False
LOT006994,MODEL_A,PRESS_03,Normal,0,97.72,1,True
LOT006995,MODEL_C,PRESS_03,Normal,0,98.5,0,False
LOT006996,MODEL_B,PRESS_03,Normal,0,99.16,0,False
LOT006997,MODEL_B,PRESS_02,Normal,0,98.67,0,False
LOT006998,MODEL_B,PRESS_02,Normal,0,98.21,0,False
LOT006999,MODEL_B,PRESS_02,Normal,0,97.82,0,False
LOT007000,MODEL_A,PRESS_03,Normal,0,98.3,0,False
LOT007001,MODEL_A,PRESS_03,Normal,0,98.46,0,False
LOT007002,MODEL_B,PRESS_02,Normal,0,98.8,0,False
LOT007003,MODEL_B,PRESS_03,Normal,0,98.8,0,False
LOT007004,MODEL_C,PRESS_02,Normal,0,98.85,0,False
LOT007005,MODEL_B,PRESS_02,Normal,0,98.7,0,False
LOT007006,MODEL_A,PRESS_01,Normal,0,98.82,0,False
LOT007007,MODEL_B,PRESS_02,Normal,0,99.06,0,False
LOT007008,MODEL_B,PRESS_02,Normal,0,98.82,0,False
LOT007009,MODEL_C,PRESS_03,Normal,0,98.71,0,False
LOT007010,MODEL_B,PRESS_03,Normal,0,98.6,0,False
LOT007011,MODEL_B,PRESS_01,Normal,0,98.71,0,False
LOT007012,MODEL_C,PRESS_02,Normal,0,98.59,0,False
LOT007013,MODEL_B,PRESS_03,Normal,0,98.47,0,False
LOT007014,MODEL_C,PRESS_02,Delamination,1,95.32,0,True
LOT007015,MODEL_C,PRESS_02,Normal,0,98.31,0,False
LOT007016,MODEL_C,PRESS_03,Normal,0,98.51,0,False
LOT007017,MODEL_C,PRESS_02,Delamination,1,93.72,1,True
LOT007018,MODEL_B,PRESS_03,Normal,0,99.52,0,False
LOT007019,MODEL_A,PRESS_02,Normal,0,98.77,0,False
LOT007020,MODEL_B,PRESS_01,Normal,0,99.13,0,False
LOT007021,MODEL_A,PRESS_02,Normal,0,99.48,0,False
LOT007022,MODEL_B,PRESS_03,Normal,0,98.81,0,False
LOT007023,MODEL_C,PRESS_02,Delamination,4,80.93,1,True
LOT007024,MODEL_B,PRESS_03,Normal,0,99.21,0,False
LOT007025,MODEL_A,PRESS_01,Normal,0,98.48,0,False
LOT007026,MODEL_A,PRESS_03,Normal,0,98.46,0,False
LOT007027,MODEL_C,PRESS_01,Normal,0,98.71,0,False
LOT007028,MODEL_C,PRESS_03,Normal,0,98.49,1,True
LOT007029,MODEL_B,PRESS_02,Normal,0,98.35,0,False
LOT007030,MODEL_C,PRESS_03,Normal,0,98.52,0,False
LOT007031,MODEL_C,PRESS_03,Normal,0,98.77,0,False
LOT007032,MODEL_B,PRESS_03,Normal,0,98.7,0,False
LOT007033,MODEL_A,PRESS_03,Normal,0,98.27,0,False
LOT007034,MODEL_C,PRESS_02,Normal,0,98.42,0,False
LOT007035,MODEL_B,PRESS_03,Normal,0,98.45,0,False
LOT007036,MODEL_C,PRESS_01,Normal,0,98.06,0,False
LOT007037,MODEL_C,PRESS_01,Delamination,1,94.15,1,True
LOT007038,MODEL_B,PRESS_02,Normal,0,98.24,0,False
LOT007039,MODEL_B,PRESS_03,Delamination,1,94.79,1,True
LOT007040,MODEL_A,PRESS_03,Normal,0,98.7,0,False
LOT007041,MODEL_C,PRESS_02,Delamination,1,94.24,1,True
LOT007042,MODEL_A,PRESS_02,Normal,0,98.89,0,False
LOT007043,MODEL_B,PRESS_02,Normal,0,98.17,0,False
LOT007044,MODEL_B,PRESS_03,Normal,0,98.71,0,False
LOT007045,MODEL_A,PRESS_03,Normal,0,98.45,0,False
LOT007046,MODEL_B,PRESS_01,Normal,0,98.78,0,False
LOT007047,MODEL_C,PRESS_02,Normal,0,98.54,0,False
LOT007048,MODEL_A,PRESS_02,Delamination,1,93.89,1,True
LOT007049,MODEL_A,PRESS_03,Normal,0,98.07,0,False
LOT007050,MODEL_A,PRESS_02,Normal,0,97.72,0,False
LOT007051,MODEL_A,PRESS_03,Normal,0,99.07,0,False
LOT007052,MODEL_A,PRESS_02,Normal,0,98.45,0,False
LOT007053,MODEL_B,PRESS_03,Normal,0,98.67,0,False
LOT007054,MODEL_C,PRESS_01,Normal,0,98.6,0,False
LOT007055,MODEL_C,PRESS_03,Normal,0,97.56,0,False
LOT007056,MODEL_C,PRESS_01,Normal,0,98.27,0,False
LOT007057,MODEL_C,PRESS_02,Normal,0,98.82,0,False
LOT007058,MODEL_B,PRESS_03,Normal,0,99.0,0,False
LOT007059,MODEL_C,PRESS_03,Normal,0,98.58,0,False
LOT007060,MODEL_A,PRESS_02,Normal,0,98.14,1,True
LOT007061,MODEL_C,PRESS_02,Delamination,2,89.95,1,True
LOT007062,MODEL_A,PRESS_01,Normal,0,99.16,0,False
LOT007063,MODEL_C,PRESS_03,Normal,0,98.7,1,True
LOT007064,MODEL_A,PRESS_01,Normal,0,98.44,0,False
LOT007065,MODEL_A,PRESS_01,Normal,0,98.16,0,False
LOT007066,MODEL_B,PRESS_02,Delamination,1,94.07,1,True
LOT007067,MODEL_C,PRESS_01,Normal,0,98.87,0,False
LOT007068,MODEL_A,PRESS_01,Normal,0,98.3,0,False
LOT007069,MODEL_A,PRESS_02,Normal,0,98.76,0,False
LOT007070,MODEL_B,PRESS_03,Normal,0,98.33,0,False
LOT007071,MODEL_C,PRESS_01,Normal,0,98.48,0,False
LOT007072,MODEL_C,PRESS_03,Normal,0,99.41,0,False
LOT007073,MODEL_B,PRESS_02,Normal,0,98.03,0,False
LOT007074,MODEL_B,PRESS_01,Normal,0,98.75,0,False
LOT007075,MODEL_B,PRESS_03,Normal,0,98.65,0,False
LOT007076,MODEL_C,PRESS_02,Normal,0,98.57,0,False
LOT007077,MODEL_A,PRESS_03,Normal,0,98.76,0,False
LOT007078,MODEL_A,PRESS_01,Normal,0,98.77,0,False
LOT007079,MODEL_A,PRESS_01,Normal,0,98.63,0,False
LOT007080,MODEL_A,PRESS_01,Normal,0,98.4,0,False
LOT007081,MODEL_B,PRESS_02,Normal,0,98.86,0,False
LOT007082,MODEL_C,PRESS_03,Normal,0,98.26,0,False
LOT007083,MODEL_B,PRESS_03,Normal,0,98.59,1,True
LOT007084,MODEL_B,PRESS_02,Normal,0,98.75,0,False
LOT007085,MODEL_A,PRESS_02,Normal,0,98.18,0,False
LOT007086,MODEL_B,PRESS_03,Normal,0,98.66,0,False
LOT007087,MODEL_A,PRESS_02,Normal,0,98.09,0,False
LOT007088,MODEL_C,PRESS_01,Normal,0,98.74,0,False
LOT007089,MODEL_B,PRESS_01,Delamination,1,94.0,1,True
LOT007090,MODEL_B,PRESS_01,Normal,0,98.95,0,False
LOT007091,MODEL_C,PRESS_02,Normal,0,98.5,0,False
LOT007092,MODEL_A,PRESS_02,Delamination,2,89.32,1,True
LOT007093,MODEL_B,PRESS_02,Normal,0,98.35,0,False
LOT007094,MODEL_B,PRESS_02,Normal,0,98.65,0,False
LOT007095,MODEL_A,PRESS_03,Delamination,1,93.88,1,True
LOT007096,MODEL_A,PRESS_03,Normal,0,98.73,0,False
LOT007097,MODEL_A,PRESS_01,Normal,0,99.27,0,False
LOT007098,MODEL_A,PRESS_01,Normal,0,98.12,0,False
LOT007099,MODEL_C,PRESS_01,Normal,0,98.53,0,False
LOT007100,MODEL_A,PRESS_03,Normal,0,98.73,0,False
LOT007101,MODEL_A,PRESS_02,Normal,0,98.19,0,False
LOT007102,MODEL_C,PRESS_03,Normal,0,98.84,0,False
LOT007103,MODEL_B,PRESS_02,Delamination,1,93.29,1,True
LOT007104,MODEL_C,PRESS_02,Normal,0,98.76,0,False
LOT007105,MODEL_C,PRESS_01,Normal,0,97.85,0,False
LOT007106,MODEL_A,PRESS_02,Delamination,2,89.52,1,True
LOT007107,MODEL_B,PRESS_01,Normal,0,98.33,0,False
LOT007108,MODEL_A,PRESS_02,Normal,0,98.29,0,False
LOT007109,MODEL_B,PRESS_01,Normal,0,98.46,0,False
LOT007110,MODEL_C,PRESS_01,Delamination,2,89.57,1,True
LOT007111,MODEL_C,PRESS_01,Normal,0,98.64,0,False
LOT007112,MODEL_C,PRESS_03,Normal,0,98.76,0,False
LOT007113,MODEL_A,PRESS_03,Normal,0,98.12,0,False
LOT007114,MODEL_A,PRESS_02,Normal,0,99.45,0,False
LOT007115,MODEL_B,PRESS_02,Normal,0,98.18,0,False
LOT007116,MODEL_A,PRESS_03,Delamination,1,94.58,1,True
LOT007117,MODEL_B,PRESS_02,Normal,0,99.52,0,False
LOT007118,MODEL_C,PRESS_02,Delamination,2,90.22,1,True
LOT007119,MODEL_A,PRESS_02,Normal,0,98.53,0,False
LOT007120,MODEL_C,PRESS_02,Delamination,1,94.43,1,True
LOT007121,MODEL_C,PRESS_02,Normal,0,98.83,0,False
LOT007122,MODEL_C,PRESS_03,Normal,0,98.2,0,False
LOT007123,MODEL_A,PRESS_02,Normal,0,97.8,0,False
LOT007124,MODEL_A,PRESS_02,Delamination,1,94.31,1,True
LOT007125,MODEL_A,PRESS_01,Normal,0,98.82,0,False
LOT007126,MODEL_A,PRESS_03,Normal,0,98.53,0,False
LOT007127,MODEL_A,PRESS_03,Normal,0,98.86,0,False
LOT007128,MODEL_B,PRESS_01,Normal,0,98.64,0,False
LOT007129,MODEL_A,PRESS_01,Normal,0,99.16,0,False
LOT007130,MODEL_A,PRESS_03,Normal,0,97.47,0,False
LOT007131,MODEL_C,PRESS_01,Normal,0,99.67,0,False
LOT007132,MODEL_C,PRESS_03,Normal,0,98.37,0,False
LOT007133,MODEL_C,PRESS_03,Normal,0,98.29,0,False
LOT007134,MODEL_A,PRESS_03,Delamination,2,90.31,1,True
LOT007135,MODEL_B,PRESS_01,Normal,0,98.21,0,False
LOT007136,MODEL_B,PRESS_02,Normal,0,99.05,0,False
LOT007137,MODEL_A,PRESS_02,Delamination,1,94.78,1,True
LOT007138,MODEL_C,PRESS_03,Normal,0,98.94,0,False
LOT007139,MODEL_B,PRESS_01,Normal,0,99.1,0,False
LOT007140,MODEL_C,PRESS_01,Normal,0,98.95,0,False
LOT007141,MODEL_A,PRESS_01,Normal,0,98.86,0,False
LOT007142,MODEL_B,PRESS_03,Normal,0,98.1,0,False
LOT007143,MODEL_A,PRESS_03,Normal,0,98.78,0,False
LOT007144,MODEL_C,PRESS_01,Normal,0,98.33,0,False
LOT007145,MODEL_B,PRESS_01,Normal,0,98.86,0,False
LOT007146,MODEL_A,PRESS_01,Delamination,1,93.99,1,True
LOT007147,MODEL_A,PRESS_03,Delamination,1,94.77,1,True
LOT007148,MODEL_B,PRESS_02,Normal,0,98.22,0,False
LOT007149,MODEL_A,PRESS_01,Normal,0,98.77,0,False
LOT007150,MODEL_A,PRESS_01,Normal,0,98.59,0,False
LOT007151,MODEL_C,PRESS_02,Normal,0,99.21,0,False
LOT007152,MODEL_C,PRESS_02,Delamination,1,94.1,1,True
LOT007153,MODEL_B,PRESS_01,Normal,0,98.25,0,False
LOT007154,MODEL_C,PRESS_03,Normal,0,98.15,0,False
LOT007155,MODEL_B,PRESS_02,Delamination,1,93.91,1,True
LOT007156,MODEL_A,PRESS_01,Normal,0,98.21,0,False
LOT007157,MODEL_C,PRESS_03,Normal,0,98.89,0,False
LOT007158,MODEL_A,PRESS_03,Normal,0,98.39,0,False
LOT007159,MODEL_C,PRESS_01,Normal,0,98.03,0,False
LOT007160,MODEL_B,PRESS_01,Normal,0,98.62,0,False
LOT007161,MODEL_A,PRESS_01,Normal,0,97.81,0,False
LOT007162,MODEL_A,PRESS_03,Normal,0,99.12,0,False
LOT007163,MODEL_C,PRESS_02,Delamination,1,93.89,1,True
LOT007164,MODEL_C,PRESS_03,Normal,0,99.28,0,False
LOT007165,MODEL_B,PRESS_02,Normal,0,98.98,0,False
LOT007166,MODEL_A,PRESS_02,Normal,0,98.55,0,False
LOT007167,MODEL_C,PRESS_02,Normal,0,99.02,0,False
LOT007168,MODEL_C,PRESS_03,Normal,0,97.93,0,False
LOT007169,MODEL_B,PRESS_02,Delamination,1,94.01,1,True
LOT007170,MODEL_B,PRESS_03,Normal,0,98.56,0,False
LOT007171,MODEL_C,PRESS_03,Normal,0,98.39,0,False
LOT007172,MODEL_B,PRESS_03,Delamination,1,93.67,2,True
LOT007173,MODEL_A,PRESS_03,Normal,0,98.66,0,False
LOT007174,MODEL_A,PRESS_02,Normal,0,98.93,0,False
LOT007175,MODEL_B,PRESS_01,Normal,0,98.64,0,False
LOT007176,MODEL_C,PRESS_02,Normal,0,98.64,0,False
LOT007177,MODEL_C,PRESS_03,Normal,0,98.38,0,False
LOT007178,MODEL_B,PRESS_03,Normal,0,98.62,0,False
LOT007179,MODEL_A,PRESS_02,Normal,0,98.06,0,False
LOT007180,MODEL_B,PRESS_01,Normal,0,98.35,0,False
LOT007181,MODEL_A,PRESS_02,Normal,0,97.96,0,False
LOT007182,MODEL_B,PRESS_03,Normal,0,98.58,0,False
LOT007183,MODEL_B,PRESS_01,Normal,0,99.02,0,False
LOT007184,MODEL_C,PRESS_01,Normal,0,98.38,0,False
LOT007185,MODEL_C,PRESS_01,Normal,0,98.24,0,False
LOT007186,MODEL_C,PRESS_03,Normal,0,98.5,0,False
LOT007187,MODEL_A,PRESS_02,Normal,0,98.58,0,False
LOT007188,MODEL_C,PRESS_01,Normal,0,98.47,0,False
LOT007189,MODEL_A,PRESS_01,Normal,0,98.3,0,False
LOT007190,MODEL_B,PRESS_01,Normal,0,97.93,0,False
LOT007191,MODEL_C,PRESS_02,Delamination,4,80.6,1,True
LOT007192,MODEL_C,PRESS_03,Normal,0,99.07,0,False
LOT007193,MODEL_B,PRESS_02,Normal,0,98.45,0,False
LOT007194,MODEL_A,PRESS_03,Normal,0,98.28,0,False
LOT007195,MODEL_B,PRESS_03,Normal,0,98.54,0,False
LOT007196,MODEL_C,PRESS_03,Normal,0,98.29,0,False
LOT007197,MODEL_B,PRESS_01,Normal,0,98.77,0,False
LOT007198,MODEL_B,PRESS_03,Normal,0,98.31,0,False
LOT007199,MODEL_B,PRESS_01,Normal,0,99.49,0,False
LOT007200,MODEL_B,PRESS_02,Normal,0,98.66,0,False
LOT007201,MODEL_A,PRESS_03,Normal,0,98.06,0,False
LOT007202,MODEL_C,PRESS_01,Normal,0,98.74,0,False
LOT007203,MODEL_A,PRESS_01,Normal,0,98.1,0,False
LOT007204,MODEL_C,PRESS_01,Normal,0,98.46,0,False
LOT007205,MODEL_A,PRESS_01,Normal,0,98.09,0,False
LOT007206,MODEL_B,PRESS_02,Normal,0,97.89,0,False
LOT007207,MODEL_B,PRESS_03,Normal,0,99.22,0,False
LOT007208,MODEL_B,PRESS_01,Normal,0,98.29,0,False
LOT007209,MODEL_B,PRESS_02,Normal,0,98.29,0,False
LOT007210,MODEL_C,PRESS_03,Normal,0,98.15,0,False
LOT007211,MODEL_A,PRESS_03,Delamination,1,93.92,1,True
LOT007212,MODEL_C,PRESS_01,Normal,0,98.72,0,False
LOT007213,MODEL_C,PRESS_02,Delamination,3,84.67,1,True
LOT007214,MODEL_C,PRESS_01,Normal,0,98.31,0,False
LOT007215,MODEL_A,PRESS_01,Normal,0,98.45,0,False
LOT007216,MODEL_A,PRESS_01,Normal,0,97.77,0,False
LOT007217,MODEL_B,PRESS_02,Normal,0,98.93,0,False
LOT007218,MODEL_A,PRESS_01,Normal,0,98.96,0,False
LOT007219,MODEL_C,PRESS_01,Normal,0,98.5,0,False
LOT007220,MODEL_C,PRESS_01,Normal,0,98.88,0,False
LOT007221,MODEL_B,PRESS_02,Normal,0,99.07,0,False
LOT007222,MODEL_C,PRESS_02,Normal,0,97.92,0,False
LOT007223,MODEL_A,PRESS_02,Delamination,7,65.69,1,True
LOT007224,MODEL_C,PRESS_01,Normal,0,98.76,0,False
LOT007225,MODEL_A,PRESS_02,Delamination,1,93.89,1,True
LOT007226,MODEL_C,PRESS_02,Normal,0,98.23,0,False
LOT007227,MODEL_B,PRESS_01,Normal,0,98.98,0,False
LOT007228,MODEL_B,PRESS_03,Normal,0,99.12,0,False
LOT007229,MODEL_A,PRESS_03,Delamination,1,94.63,1,True
LOT007230,MODEL_B,PRESS_02,Normal,0,98.54,0,False
LOT007231,MODEL_C,PRESS_02,Normal,0,99.15,0,False
LOT007232,MODEL_C,PRESS_03,Normal,0,98.26,0,False
LOT007233,MODEL_B,PRESS_02,Delamination,2,89.17,1,True
LOT007234,MODEL_A,PRESS_02,Normal,0,98.52,0,False
LOT007235,MODEL_B,PRESS_02,Delamination,4,80.54,2,True
LOT007236,MODEL_C,PRESS_01,Delamination,1,94.45,1,True
LOT007237,MODEL_A,PRESS_03,Normal,0,98.77,0,False
LOT007238,MODEL_C,PRESS_01,Normal,0,98.12,0,False
LOT007239,MODEL_C,PRESS_01,Normal,0,98.43,0,False
LOT007240,MODEL_C,PRESS_03,Normal,0,98.66,1,True
LOT007241,MODEL_B,PRESS_02,Normal,0,98.74,0,False
LOT007242,MODEL_A,PRESS_02,Normal,0,98.27,0,False
LOT007243,MODEL_A,PRESS_01,Normal,0,98.9,0,False
LOT007244,MODEL_C,PRESS_01,Normal,0,98.64,0,False
LOT007245,MODEL_B,PRESS_03,Normal,0,97.96,0,False
LOT007246,MODEL_A,PRESS_02,Delamination,3,85.02,1,True
LOT007247,MODEL_C,PRESS_01,Normal,0,98.68,0,False
LOT007248,MODEL_A,PRESS_03,Normal,0,98.76,0,False
LOT007249,MODEL_C,PRESS_02,Delamination,1,94.6,1,True
LOT007250,MODEL_B,PRESS_03,Normal,0,98.87,0,False
LOT007251,MODEL_B,PRESS_02,Delamination,1,94.82,1,True
LOT007252,MODEL_A,PRESS_02,Delamination,6,72.05,1,True
LOT007253,MODEL_A,PRESS_03,Normal,0,98.37,0,False
LOT007254,MODEL_C,PRESS_03,Normal,0,98.31,0,False
LOT007255,MODEL_B,PRESS_01,Normal,0,98.66,0,False
LOT007256,MODEL_C,PRESS_03,Delamination,2,90.12,2,True
LOT007257,MODEL_C,PRESS_03,Normal,0,97.87,0,False
LOT007258,MODEL_A,PRESS_02,Normal,0,98.98,0,False
LOT007259,MODEL_B,PRESS_01,Normal,0,98.84,0,False
LOT007260,MODEL_C,PRESS_01,Normal,0,98.45,0,False
LOT007261,MODEL_B,PRESS_01,Normal,0,98.71,0,False
LOT007262,MODEL_B,PRESS_01,Normal,0,98.33,0,False
LOT007263,MODEL_B,PRESS_03,Normal,0,98.88,0,False
LOT007264,MODEL_C,PRESS_03,Normal,0,98.4,0,False
LOT007265,MODEL_C,PRESS_02,Delamination,1,94.13,1,True
LOT007266,MODEL_C,PRESS_02,Delamination,4,80.33,1,True
LOT007267,MODEL_B,PRESS_03,Normal,0,99.1,0,False
LOT007268,MODEL_B,PRESS_02,Normal,0,98.6,0,False
LOT007269,MODEL_B,PRESS_02,Normal,0,98.36,0,False
LOT007270,MODEL_A,PRESS_02,Normal,0,98.04,0,False
LOT007271,MODEL_C,PRESS_01,Normal,0,98.68,0,False
LOT007272,MODEL_A,PRESS_01,Normal,0,97.88,0,False
LOT007273,MODEL_C,PRESS_02,Delamination,1,94.25,1,True
LOT007274,MODEL_B,PRESS_03,Normal,0,97.97,0,False
LOT007275,MODEL_C,PRESS_01,Normal,0,98.47,0,False
LOT007276,MODEL_C,PRESS_01,Normal,0,98.68,0,False
LOT007277,MODEL_B,PRESS_01,Normal,0,97.63,0,False
LOT007278,MODEL_B,PRESS_03,Normal,0,99.11,1,True
LOT007279,MODEL_B,PRESS_02,Delamination,1,93.95,1,True
LOT007280,MODEL_B,PRESS_02,Normal,0,98.82,0,False
LOT007281,MODEL_A,PRESS_02,Normal,0,98.37,0,False
LOT007282,MODEL_A,PRESS_01,Normal,0,99.1,0,False
LOT007283,MODEL_C,PRESS_03,Delamination,1,94.42,1,True
LOT007284,MODEL_C,PRESS_01,Normal,0,98.23,0,False
LOT007285,MODEL_A,PRESS_01,Normal,0,98.81,0,False
LOT007286,MODEL_A,PRESS_03,Normal,0,98.86,0,False
LOT007287,MODEL_B,PRESS_02,Normal,0,98.23,0,False
LOT007288,MODEL_C,PRESS_01,Normal,0,98.87,0,False
LOT007289,MODEL_C,PRESS_02,Normal,0,98.46,0,False
LOT007290,MODEL_C,PRESS_01,Normal,0,99.41,0,False
LOT007291,MODEL_A,PRESS_03,Normal,0,98.19,0,False
LOT007292,MODEL_A,PRESS_03,Normal,0,98.84,0,False
LOT007293,MODEL_B,PRESS_01,Normal,0,98.71,0,False
LOT007294,MODEL_A,PRESS_02,Normal,0,98.65,0,False
LOT007295,MODEL_B,PRESS_01,Normal,0,98.71,0,False
LOT007296,MODEL_B,PRESS_02,Normal,0,98.78,0,False
LOT007297,MODEL_C,PRESS_01,Normal,0,99.66,0,False
LOT007298,MODEL_A,PRESS_01,Normal,0,98.91,0,False
LOT007299,MODEL_C,PRESS_02,Normal,0,99.1,0,False
LOT007300,MODEL_C,PRESS_03,Normal,0,97.84,1,True
LOT007301,MODEL_C,PRESS_03,Normal,0,98.92,0,False
LOT007302,MODEL_C,PRESS_01,Normal,0,98.24,0,False
LOT007303,MODEL_C,PRESS_03,Normal,0,98.51,0,False
LOT007304,MODEL_A,PRESS_01,Normal,0,98.81,0,False
LOT007305,MODEL_B,PRESS_03,Normal,0,99.16,0,False
LOT007306,MODEL_B,PRESS_01,Normal,0,100.0,0,False
LOT007307,MODEL_C,PRESS_02,Normal,0,98.22,0,False
LOT007308,MODEL_A,PRESS_01,Normal,0,98.42,0,False
LOT007309,MODEL_B,PRESS_03,Normal,0,99.34,0,False
LOT007310,MODEL_A,PRESS_01,Normal,0,98.61,0,False
LOT007311,MODEL_A,PRESS_03,Normal,0,98.15,0,False
LOT007312,MODEL_C,PRESS_01,Normal,0,98.03,0,False
LOT007313,MODEL_A,PRESS_02,Normal,0,98.86,0,False
LOT007314,MODEL_C,PRESS_01,Delamination,1,94.29,1,True
LOT007315,MODEL_C,PRESS_03,Normal,0,98.74,0,False
LOT007316,MODEL_C,PRESS_02,Normal,0,97.59,0,False
LOT007317,MODEL_A,PRESS_03,Normal,0,98.1,0,False
LOT007318,MODEL_A,PRESS_03,Normal,0,99.3,0,False
LOT007319,MODEL_B,PRESS_02,Normal,0,98.88,0,False
LOT007320,MODEL_B,PRESS_01,Normal,0,98.57,0,False
LOT007321,MODEL_C,PRESS_01,Normal,0,98.63,0,False
LOT007322,MODEL_B,PRESS_01,Normal,0,98.98,0,False
LOT007323,MODEL_A,PRESS_03,Normal,0,99.47,0,False
LOT007324,MODEL_C,PRESS_03,Normal,0,97.85,0,False
LOT007325,MODEL_C,PRESS_02,Delamination,1,94.46,1,True
LOT007326,MODEL_B,PRESS_03,Normal,0,98.59,0,False
LOT007327,MODEL_C,PRESS_01,Normal,0,98.65,0,False
LOT007328,MODEL_C,PRESS_03,Delamination,1,94.07,1,True
LOT007329,MODEL_B,PRESS_02,Normal,0,98.65,0,False
LOT007330,MODEL_A,PRESS_01,Normal,0,98.86,0,False
LOT007331,MODEL_B,PRESS_01,Normal,0,98.57,0,False
LOT007332,MODEL_B,PRESS_02,Normal,0,98.62,0,False
LOT007333,MODEL_C,PRESS_02,Normal,0,98.95,0,False
LOT007334,MODEL_C,PRESS_01,Delamination,1,94.21,1,True
LOT007335,MODEL_B,PRESS_02,Normal,0,98.57,0,False
LOT007336,MODEL_B,PRESS_01,Normal,0,98.67,0,False
LOT007337,MODEL_B,PRESS_03,Normal,0,99.12,0,False
LOT007338,MODEL_B,PRESS_02,Normal,0,98.26,0,False
LOT007339,MODEL_B,PRESS_01,Normal,0,98.91,0,False
LOT007340,MODEL_B,PRESS_02,Normal,0,98.78,0,False
LOT007341,MODEL_B,PRESS_03,Delamination,1,94.38,1,True
LOT007342,MODEL_C,PRESS_02,Normal,0,98.98,0,False
LOT007343,MODEL_A,PRESS_03,Normal,0,98.23,0,False
LOT007344,MODEL_A,PRESS_02,Normal,0,98.76,0,False
LOT007345,MODEL_C,PRESS_03,Delamination,1,94.81,1,True
LOT007346,MODEL_C,PRESS_01,Normal,0,98.77,0,False
LOT007347,MODEL_B,PRESS_01,Normal,0,98.75,0,False
LOT007348,MODEL_B,PRESS_02,Normal,0,98.63,0,False
LOT007349,MODEL_B,PRESS_03,Normal,0,98.22,0,False
LOT007350,MODEL_B,PRESS_03,Normal,0,98.15,0,False
LOT007351,MODEL_A,PRESS_03,Normal,0,98.4,0,False
LOT007352,MODEL_B,PRESS_03,Normal,0,98.98,0,False
LOT007353,MODEL_A,PRESS_02,Delamination,1,95.04,0,True
LOT007354,MODEL_A,PRESS_01,Normal,0,98.26,0,False
LOT007355,MODEL_B,PRESS_03,Normal,0,97.55,0,False
LOT007356,MODEL_C,PRESS_02,Normal,0,98.38,0,False
LOT007357,MODEL_A,PRESS_01,Normal,0,99.72,0,False
LOT007358,MODEL_C,PRESS_01,Normal,0,99.42,0,False
LOT007359,MODEL_B,PRESS_03,Normal,0,98.28,0,False
LOT007360,MODEL_C,PRESS_01,Normal,0,98.37,0,False
LOT007361,MODEL_B,PRESS_01,Normal,0,98.66,0,False
LOT007362,MODEL_C,PRESS_03,Normal,0,98.89,0,False
LOT007363,MODEL_B,PRESS_01,Normal,0,98.77,0,False
LOT007364,MODEL_C,PRESS_01,Normal,0,99.17,0,False
LOT007365,MODEL_B,PRESS_03,Normal,0,98.9,0,False
LOT007366,MODEL_B,PRESS_02,Delamination,2,90.35,1,True
LOT007367,MODEL_B,PRESS_03,Normal,0,98.73,0,False
LOT007368,MODEL_C,PRESS_02,Normal,0,99.09,0,False
LOT007369,MODEL_C,PRESS_01,Normal,0,98.45,0,False
LOT007370,MODEL_A,PRESS_01,Normal,0,98.58,0,False
LOT007371,MODEL_C,PRESS_03,Normal,0,98.71,0,False
LOT007372,MODEL_C,PRESS_01,Normal,0,98.7,0,False
LOT007373,MODEL_C,PRESS_02,Normal,0,98.03,0,False
LOT007374,MODEL_B,PRESS_02,Normal,0,97.96,0,False
LOT007375,MODEL_B,PRESS_02,Normal,0,98.91,0,False
LOT007376,MODEL_C,PRESS_03,Normal,0,99.76,0,False
LOT007377,MODEL_B,PRESS_02,Normal,0,99.07,0,False
LOT007378,MODEL_B,PRESS_02,Normal,0,99.0,0,False
LOT007379,MODEL_B,PRESS_02,Normal,0,98.78,0,False
LOT007380,MODEL_B,PRESS_02,Delamination,1,94.12,1,True
LOT007381,MODEL_A,PRESS_03,Normal,0,98.49,0,False
LOT007382,MODEL_A,PRESS_01,Normal,0,98.65,0,False
LOT007383,MODEL_A,PRESS_01,Normal,0,98.6,0,False
LOT007384,MODEL_B,PRESS_02,Delamination,1,93.76,1,True
LOT007385,MODEL_B,PRESS_02,Normal,0,99.22,0,False
LOT007386,MODEL_B,PRESS_01,Normal,0,98.74,0,False
LOT007387,MODEL_C,PRESS_03,Normal,0,98.32,0,False
LOT007388,MODEL_A,PRESS_02,Normal,0,98.6,0,False
LOT007389,MODEL_B,PRESS_01,Normal,0,98.25,0,False
LOT007390,MODEL_A,PRESS_03,Normal,0,98.99,0,False
LOT007391,MODEL_A,PRESS_03,Delamination,2,89.95,2,True
LOT007392,MODEL_B,PRESS_02,Delamination,1,93.9,1,True
LOT007393,MODEL_A,PRESS_01,Normal,0,98.36,0,False
LOT007394,MODEL_A,PRESS_01,Normal,0,98.11,0,False
LOT007395,MODEL_C,PRESS_02,Delamination,18,17.78,1,True
LOT007396,MODEL_C,PRESS_01,Normal,0,98.75,0,False
LOT007397,MODEL_A,PRESS_02,Delamination,1,94.27,1,True
LOT007398,MODEL_A,PRESS_01,Normal,0,98.09,0,False
LOT007399,MODEL_A,PRESS_01,Delamination,1,93.87,1,True
LOT007400,MODEL_B,PRESS_02,Normal,0,98.87,0,False
LOT007401,MODEL_C,PRESS_03,Normal,0,98.89,0,False
LOT007402,MODEL_A,PRESS_03,Delamination,1,94.0,2,True
LOT007403,MODEL_A,PRESS_01,Normal,0,98.2,0,False
LOT007404,MODEL_B,PRESS_01,Normal,0,98.65,0,False
LOT007405,MODEL_C,PRESS_02,Normal,0,99.02,0,False
LOT007406,MODEL_B,PRESS_02,Normal,0,98.67,0,False
LOT007407,MODEL_C,PRESS_03,Delamination,1,93.95,1,True
LOT007408,MODEL_B,PRESS_03,Delamination,1,93.92,1,True
LOT007409,MODEL_A,PRESS_02,Normal,0,98.27,0,False
LOT007410,MODEL_B,PRESS_01,Normal,0,97.89,0,False
LOT007411,MODEL_C,PRESS_01,Normal,0,98.67,0,False
LOT007412,MODEL_B,PRESS_01,Normal,0,98.25,0,False
LOT007413,MODEL_A,PRESS_02,Normal,0,99.21,0,False
LOT007414,MODEL_A,PRESS_01,Normal,0,98.76,0,False
LOT007415,MODEL_B,PRESS_01,Normal,0,98.94,0,False
LOT007416,MODEL_B,PRESS_03,Normal,0,98.6,0,False
LOT007417,MODEL_B,PRESS_03,Normal,0,98.67,0,False
LOT007418,MODEL_B,PRESS_02,Delamination,1,94.38,1,True
LOT007419,MODEL_B,PRESS_03,Normal,0,98.29,0,False
LOT007420,MODEL_B,PRESS_03,Normal,0,98.57,0,False
LOT007421,MODEL_A,PRESS_03,Normal,0,99.15,0,False
LOT007422,MODEL_B,PRESS_03,Normal,0,99.0,0,False
LOT007423,MODEL_B,PRESS_01,Normal,0,97.96,0,False
LOT007424,MODEL_C,PRESS_03,Normal,0,97.91,0,False
LOT007425,MODEL_C,PRESS_03,Normal,0,98.17,0,False
LOT007426,MODEL_B,PRESS_03,Normal,0,97.98,0,False
LOT007427,MODEL_A,PRESS_02,Delamination,2,89.75,1,True
LOT007428,MODEL_A,PRESS_03,Normal,0,98.68,1,True
LOT007429,MODEL_A,PRESS_03,Normal,0,98.58,0,False
LOT007430,MODEL_A,PRESS_03,Normal,0,98.75,0,False
LOT007431,MODEL_C,PRESS_03,Normal,0,98.76,0,False
LOT007432,MODEL_A,PRESS_03,Normal,0,98.8,0,False
LOT007433,MODEL_A,PRESS_02,Normal,0,98.92,0,False
LOT007434,MODEL_B,PRESS_03,Normal,0,99.07,0,False
LOT007435,MODEL_A,PRESS_02,Normal,0,98.86,0,False
LOT007436,MODEL_C,PRESS_03,Normal,0,98.15,0,False
LOT007437,MODEL_C,PRESS_03,Normal,0,99.15,0,False
LOT007438,MODEL_C,PRESS_03,Normal,0,99.23,0,False
LOT007439,MODEL_B,PRESS_02,Normal,0,98.58,0,False
LOT007440,MODEL_B,PRESS_02,Delamination,12,44.28,1,True
LOT007441,MODEL_B,PRESS_01,Normal,0,98.46,0,False
LOT007442,MODEL_A,PRESS_02,Normal,0,98.41,0,False
LOT007443,MODEL_B,PRESS_02,Normal,0,99.44,0,False
LOT007444,MODEL_C,PRESS_02,Normal,0,98.14,0,False
LOT007445,MODEL_A,PRESS_03,Normal,0,99.06,0,False
LOT007446,MODEL_A,PRESS_03,Normal,0,99.31,0,False
LOT007447,MODEL_B,PRESS_01,Normal,0,99.19,0,False
LOT007448,MODEL_B,PRESS_02,Normal,0,98.71,0,False
LOT007449,MODEL_C,PRESS_03,Normal,0,98.4,0,False
LOT007450,MODEL_C,PRESS_03,Normal,0,97.68,0,False
LOT007451,MODEL_C,PRESS_03,Normal,0,98.7,0,False
LOT007452,MODEL_B,PRESS_03,Delamination,1,94.06,1,True
LOT007453,MODEL_C,PRESS_03,Normal,0,98.44,0,False
LOT007454,MODEL_A,PRESS_03,Normal,0,98.54,0,False
LOT007455,MODEL_B,PRESS_02,Normal,0,98.83,0,False
LOT007456,MODEL_A,PRESS_01,Normal,0,97.58,0,False
LOT007457,MODEL_C,PRESS_02,Delamination,1,94.46,1,True
LOT007458,MODEL_B,PRESS_03,Normal,0,98.54,0,False
LOT007459,MODEL_B,PRESS_01,Normal,0,98.74,0,False
LOT007460,MODEL_A,PRESS_03,Normal,0,98.2,0,False
LOT007461,MODEL_C,PRESS_02,Normal,0,98.7,0,False
LOT007462,MODEL_B,PRESS_03,Normal,0,99.39,0,False
LOT007463,MODEL_C,PRESS_01,Normal,0,99.09,0,False
LOT007464,MODEL_B,PRESS_03,Delamination,2,89.11,1,True
LOT007465,MODEL_A,PRESS_02,Normal,0,98.55,0,False
LOT007466,MODEL_B,PRESS_02,Normal,0,98.82,0,False
LOT007467,MODEL_B,PRESS_02,Normal,0,99.1,0,False
LOT007468,MODEL_A,PRESS_02,Delamination,1,93.96,1,True
LOT007469,MODEL_A,PRESS_03,Normal,0,99.09,0,False
LOT007470,MODEL_C,PRESS_01,Delamination,1,93.74,1,True
LOT007471,MODEL_B,PRESS_03,Delamination,2,89.55,1,True
LOT007472,MODEL_B,PRESS_03,Normal,0,99.17,0,False
LOT007473,MODEL_B,PRESS_01,Normal,0,98.48,0,False
LOT007474,MODEL_C,PRESS_01,Normal,0,98.15,0,False
LOT007475,MODEL_A,PRESS_02,Delamination,1,94.26,1,True
LOT007476,MODEL_B,PRESS_03,Delamination,1,94.08,1,True
LOT007477,MODEL_A,PRESS_03,Normal,0,97.92,0,False
LOT007478,MODEL_A,PRESS_03,Normal,0,98.92,0,False
LOT007479,MODEL_A,PRESS_03,Normal,0,98.71,0,False
LOT007480,MODEL_B,PRESS_02,Normal,0,97.99,0,False
LOT007481,MODEL_B,PRESS_02,Delamination,27,0.0,2,True
LOT007482,MODEL_B,PRESS_01,Normal,0,98.7,0,False
LOT007483,MODEL_C,PRESS_02,Delamination,1,94.69,1,True
LOT007484,MODEL_B,PRESS_01,Normal,0,98.73,0,False
LOT007485,MODEL_B,PRESS_01,Normal,0,98.46,0,False
LOT007486,MODEL_C,PRESS_03,Delamination,2,89.62,1,True
LOT007487,MODEL_B,PRESS_03,Normal,0,98.59,0,False
LOT007488,MODEL_C,PRESS_02,Normal,0,98.71,0,False
LOT007489,MODEL_A,PRESS_01,Delamination,1,94.17,1,True
LOT007490,MODEL_C,PRESS_01,Normal,0,98.21,0,False
LOT007491,MODEL_C,PRESS_01,Normal,0,98.59,0,False
LOT007492,MODEL_B,PRESS_03,Normal,0,99.0,0,False
LOT007493,MODEL_A,PRESS_01,Normal,0,98.73,0,False
LOT007494,MODEL_B,PRESS_01,Normal,0,97.99,0,False
LOT007495,MODEL_C,PRESS_03,Normal,0,99.1,0,False
LOT007496,MODEL_B,PRESS_03,Normal,0,98.38,0,False
LOT007497,MODEL_A,PRESS_03,Normal,0,97.7,0,False
LOT007498,MODEL_A,PRESS_01,Normal,0,99.12,0,False
LOT007499,MODEL_B,PRESS_02,Normal,0,97.93,0,False
LOT007500,MODEL_C,PRESS_01,Normal,0,98.26,0,False
LOT007501,MODEL_B,PRESS_03,Normal,0,98.24,0,False
LOT007502,MODEL_C,PRESS_01,Normal,0,98.08,0,False
LOT007503,MODEL_C,PRESS_03,Normal,0,97.78,0,False
LOT007504,MODEL_A,PRESS_02,Normal,0,98.57,0,False
LOT007505,MODEL_A,PRESS_03,Normal,0,98.88,0,False
LOT007506,MODEL_C,PRESS_02,Delamination,2,90.27,1,True
LOT007507,MODEL_B,PRESS_01,Normal,0,98.8,0,False
LOT007508,MODEL_C,PRESS_03,Delamination,1,94.01,2,True
LOT007509,MODEL_C,PRESS_02,Normal,0,98.73,0,False
LOT007510,MODEL_B,PRESS_02,Normal,0,99.15,0,False
LOT007511,MODEL_A,PRESS_02,Normal,0,98.33,0,False
LOT007512,MODEL_C,PRESS_02,Normal,0,98.44,0,False
LOT007513,MODEL_B,PRESS_02,Normal,0,99.49,0,False
LOT007514,MODEL_A,PRESS_01,Normal,0,98.63,0,False
LOT007515,MODEL_B,PRESS_01,Normal,0,98.88,0,False
LOT007516,MODEL_A,PRESS_01,Normal,0,97.8,0,False
LOT007517,MODEL_A,PRESS_01,Normal,0,98.07,0,False
LOT007518,MODEL_B,PRESS_03,Delamination,1,94.82,1,True
LOT007519,MODEL_B,PRESS_01,Normal,0,98.8,0,False
LOT007520,MODEL_B,PRESS_01,Normal,0,97.56,0,False
LOT007521,MODEL_C,PRESS_01,Normal,0,98.45,0,False
LOT007522,MODEL_B,PRESS_03,Normal,0,98.85,0,False
LOT007523,MODEL_C,PRESS_02,Normal,0,98.04,0,False
LOT007524,MODEL_C,PRESS_01,Normal,0,98.25,0,False
LOT007525,MODEL_C,PRESS_02,Normal,0,98.41,0,False
LOT007526,MODEL_A,PRESS_01,Normal,0,98.59,0,False
LOT007527,MODEL_C,PRESS_01,Normal,0,98.44,0,False
LOT007528,MODEL_A,PRESS_01,Delamination,1,94.4,1,True
LOT007529,MODEL_B,PRESS_03,Normal,0,99.29,0,False
LOT007530,MODEL_B,PRESS_01,Normal,0,98.67,0,False
LOT007531,MODEL_A,PRESS_02,Delamination,1,94.02,1,True
LOT007532,MODEL_A,PRESS_03,Delamination,1,93.84,1,True
LOT007533,MODEL_C,PRESS_03,Delamination,1,93.98,1,True
LOT007534,MODEL_C,PRESS_02,Normal,0,98.75,0,False
LOT007535,MODEL_A,PRESS_01,Normal,0,98.51,0,False
LOT007536,MODEL_B,PRESS_02,Normal,0,98.76,0,False
LOT007537,MODEL_A,PRESS_01,Normal,0,98.81,0,False
LOT007538,MODEL_C,PRESS_02,Delamination,3,85.43,1,True
LOT007539,MODEL_C,PRESS_01,Delamination,1,94.47,1,True
LOT007540,MODEL_C,PRESS_02,Normal,0,99.29,0,False
LOT007541,MODEL_B,PRESS_02,Normal,0,98.04,0,False
LOT007542,MODEL_A,PRESS_03,Normal,0,98.44,0,False
LOT007543,MODEL_A,PRESS_02,Delamination,6,71.69,1,True
LOT007544,MODEL_A,PRESS_03,Normal,0,98.31,1,True
LOT007545,MODEL_C,PRESS_02,Normal,0,98.2,0,False
LOT007546,MODEL_A,PRESS_03,Normal,0,99.03,0,False
LOT007547,MODEL_C,PRESS_02,Normal,0,98.96,0,False
LOT007548,MODEL_C,PRESS_03,Delamination,1,94.21,1,True
LOT007549,MODEL_A,PRESS_02,Normal,0,98.62,0,False
LOT007550,MODEL_C,PRESS_03,Normal,0,99.0,0,False
LOT007551,MODEL_C,PRESS_02,Normal,0,99.02,0,False
LOT007552,MODEL_B,PRESS_02,Normal,0,98.29,0,False
LOT007553,MODEL_B,PRESS_02,Normal,0,98.61,0,False
LOT007554,MODEL_A,PRESS_03,Normal,0,98.72,1,True
LOT007555,MODEL_B,PRESS_02,Normal,0,98.45,0,False
LOT007556,MODEL_C,PRESS_01,Normal,0,98.18,0,False
LOT007557,MODEL_B,PRESS_03,Normal,0,97.92,0,False
LOT007558,MODEL_A,PRESS_03,Normal,0,98.81,0,False
LOT007559,MODEL_B,PRESS_01,Normal,0,98.33,0,False
LOT007560,MODEL_C,PRESS_03,Normal,0,98.62,0,False
LOT007561,MODEL_A,PRESS_02,Normal,0,98.66,0,False
LOT007562,MODEL_C,PRESS_01,Normal,0,98.78,0,False
LOT007563,MODEL_A,PRESS_02,Normal,0,98.56,0,False
LOT007564,MODEL_A,PRESS_03,Normal,0,98.63,0,False
LOT007565,MODEL_B,PRESS_01,Normal,0,98.15,0,False
LOT007566,MODEL_B,PRESS_03,Normal,0,98.27,0,False
LOT007567,MODEL_C,PRESS_02,Normal,0,98.81,0,False
LOT007568,MODEL_A,PRESS_01,Normal,0,98.38,0,False
LOT007569,MODEL_A,PRESS_02,Normal,0,98.38,0,False
LOT007570,MODEL_B,PRESS_02,Normal,0,99.27,0,False
LOT007571,MODEL_C,PRESS_03,Normal,0,98.78,0,False
LOT007572,MODEL_C,PRESS_03,Normal,0,98.64,0,False
LOT007573,MODEL_B,PRESS_01,Normal,0,98.71,0,False
LOT007574,MODEL_C,PRESS_03,Normal,0,98.76,0,False
LOT007575,MODEL_C,PRESS_02,Normal,0,99.0,0,False
LOT007576,MODEL_C,PRESS_01,Normal,0,99.07,0,False
LOT007577,MODEL_C,PRESS_03,Normal,0,99.2,0,False
LOT007578,MODEL_B,PRESS_02,Normal,0,98.45,0,False
LOT007579,MODEL_C,PRESS_02,Normal,0,98.75,0,False
LOT007580,MODEL_A,PRESS_03,Normal,0,98.79,0,False
LOT007581,MODEL_B,PRESS_01,Normal,0,99.68,0,False
LOT007582,MODEL_C,PRESS_01,Normal,0,99.01,0,False
LOT007583,MODEL_A,PRESS_03,Normal,0,98.94,0,False
LOT007584,MODEL_B,PRESS_01,Normal,0,98.44,0,False
LOT007585,MODEL_C,PRESS_01,Normal,0,98.18,0,False
LOT007586,MODEL_A,PRESS_01,Normal,0,98.98,0,False
LOT007587,MODEL_C,PRESS_03,Normal,0,99.16,0,False
LOT007588,MODEL_B,PRESS_01,Normal,0,98.8,0,False
LOT007589,MODEL_C,PRESS_01,Normal,0,98.12,0,False
LOT007590,MODEL_B,PRESS_02,Normal,0,98.81,0,False
LOT007591,MODEL_A,PRESS_01,Normal,0,98.91,0,False
LOT007592,MODEL_C,PRESS_02,Normal,0,98.14,0,False
LOT007593,MODEL_A,PRESS_02,Normal,0,99.05,0,False
LOT007594,MODEL_A,PRESS_02,Normal,0,98.67,0,False
LOT007595,MODEL_C,PRESS_02,Normal,0,99.22,0,False
LOT007596,MODEL_C,PRESS_03,Normal,0,97.91,1,True
LOT007597,MODEL_A,PRESS_02,Delamination,1,93.83,1,True
LOT007598,MODEL_B,PRESS_02,Delamination,1,94.26,1,True
LOT007599,MODEL_A,PRESS_01,Normal,0,99.53,0,False
LOT007600,MODEL_A,PRESS_01,Normal,0,99.12,0,False
LOT007601,MODEL_C,PRESS_01,Normal,0,98.13,0,False
LOT007602,MODEL_A,PRESS_01,Normal,0,98.16,0,False
LOT007603,MODEL_B,PRESS_01,Normal,0,98.8,0,False
LOT007604,MODEL_C,PRESS_01,Normal,0,98.36,0,False
LOT007605,MODEL_C,PRESS_01,Normal,0,97.91,0,False
LOT007606,MODEL_B,PRESS_01,Normal,0,98.54,0,False
LOT007607,MODEL_C,PRESS_02,Normal,0,98.82,0,False
LOT007608,MODEL_B,PRESS_01,Normal,0,98.44,0,False
LOT007609,MODEL_A,PRESS_01,Normal,0,98.61,0,False
LOT007610,MODEL_A,PRESS_01,Normal,0,98.58,0,False
LOT007611,MODEL_C,PRESS_01,Normal,0,98.61,0,False
LOT007612,MODEL_C,PRESS_01,Normal,0,98.53,0,False
LOT007613,MODEL_B,PRESS_02,Delamination,1,93.62,1,True
LOT007614,MODEL_C,PRESS_02,Normal,0,98.79,0,False
LOT007615,MODEL_C,PRESS_03,Normal,0,98.21,0,False
LOT007616,MODEL_B,PRESS_02,Delamination,13,39.95,1,True
LOT007617,MODEL_A,PRESS_02,Normal,0,98.55,0,False
LOT007618,MODEL_C,PRESS_03,Normal,0,98.11,0,False
LOT007619,MODEL_C,PRESS_01,Delamination,1,94.19,1,True
LOT007620,MODEL_A,PRESS_03,Delamination,1,93.76,1,True
LOT007621,MODEL_C,PRESS_03,Delamination,1,93.81,1,True
LOT007622,MODEL_A,PRESS_02,Delamination,1,93.94,1,True
LOT007623,MODEL_C,PRESS_03,Normal,0,99.57,0,False
LOT007624,MODEL_B,PRESS_01,Normal,0,98.72,0,False
LOT007625,MODEL_C,PRESS_03,Normal,0,99.28,0,False
LOT007626,MODEL_C,PRESS_02,Normal,0,98.26,0,False
LOT007627,MODEL_B,PRESS_01,Normal,0,98.88,0,False
LOT007628,MODEL_A,PRESS_01,Normal,0,98.33,0,False
LOT007629,MODEL_C,PRESS_03,Normal,0,98.65,0,False
LOT007630,MODEL_B,PRESS_02,Normal,0,98.15,0,False
LOT007631,MODEL_B,PRESS_01,Delamination,1,94.22,1,True
LOT007632,MODEL_A,PRESS_02,Normal,0,98.83,0,False
LOT007633,MODEL_A,PRESS_03,Normal,0,98.79,0,False
LOT007634,MODEL_B,PRESS_02,Normal,0,98.67,0,False
LOT007635,MODEL_B,PRESS_01,Normal,0,98.4,0,False
LOT007636,MODEL_B,PRESS_01,Normal,0,97.72,0,False
LOT007637,MODEL_B,PRESS_01,Normal,0,97.85,0,False
LOT007638,MODEL_C,PRESS_03,Normal,0,98.25,0,False
LOT007639,MODEL_C,PRESS_03,Normal,0,98.71,0,False
LOT007640,MODEL_B,PRESS_03,Delamination,1,93.68,1,True
LOT007641,MODEL_C,PRESS_02,Delamination,7,66.51,1,True
LOT007642,MODEL_B,PRESS_03,Normal,0,99.01,0,False
LOT007643,MODEL_B,PRESS_02,Normal,0,98.19,0,False
LOT007644,MODEL_B,PRESS_02,Delamination,1,93.88,1,True
LOT007645,MODEL_C,PRESS_01,Normal,0,98.72,0,False
LOT007646,MODEL_A,PRESS_02,Delamination,1,93.73,1,True
LOT007647,MODEL_B,PRESS_02,Normal,0,98.4,0,False
LOT007648,MODEL_A,PRESS_01,Normal,0,98.61,0,False
LOT007649,MODEL_B,PRESS_02,Normal,0,98.7,0,False
LOT007650,MODEL_C,PRESS_03,Normal,0,99.09,0,False
LOT007651,MODEL_B,PRESS_02,Normal,0,97.95,0,False
LOT007652,MODEL_A,PRESS_02,Normal,0,97.66,0,False
LOT007653,MODEL_C,PRESS_01,Normal,0,98.66,0,False
LOT007654,MODEL_C,PRESS_01,Normal,0,99.08,0,False
LOT007655,MODEL_B,PRESS_01,Normal,0,98.49,0,False
LOT007656,MODEL_A,PRESS_01,Normal,0,98.5,0,False
LOT007657,MODEL_B,PRESS_03,Normal,0,98.37,0,False
LOT007658,MODEL_C,PRESS_03,Normal,0,98.9,0,False
LOT007659,MODEL_B,PRESS_02,Normal,0,98.41,0,False
LOT007660,MODEL_A,PRESS_02,Normal,0,98.41,0,False
LOT007661,MODEL_A,PRESS_02,Delamination,1,94.07,1,True
LOT007662,MODEL_C,PRESS_02,Delamination,1,93.62,1,True
LOT007663,MODEL_B,PRESS_02,Normal,0,98.68,0,False
LOT007664,MODEL_C,PRESS_02,Normal,0,97.73,0,False
LOT007665,MODEL_B,PRESS_03,Normal,0,98.85,0,False
LOT007666,MODEL_A,PRESS_02,Normal,0,98.74,0,False
LOT007667,MODEL_B,PRESS_02,Normal,0,98.8,0,False
LOT007668,MODEL_C,PRESS_02,Delamination,1,93.73,1,True
LOT007669,MODEL_B,PRESS_01,Normal,0,98.96,0,False
LOT007670,MODEL_B,PRESS_01,Delamination,1,94.1,1,True
LOT007671,MODEL_B,PRESS_01,Normal,0,98.97,0,False
LOT007672,MODEL_B,PRESS_02,Normal,0,98.63,0,False
LOT007673,MODEL_A,PRESS_03,Normal,0,98.75,0,False
LOT007674,MODEL_A,PRESS_03,Normal,0,98.42,0,False
LOT007675,MODEL_A,PRESS_03,Normal,0,98.01,0,False
LOT007676,MODEL_C,PRESS_01,Normal,0,98.39,0,False
LOT007677,MODEL_B,PRESS_03,Normal,0,98.7,0,False
LOT007678,MODEL_C,PRESS_03,Normal,0,98.47,0,False
LOT007679,MODEL_A,PRESS_02,Normal,0,98.22,0,False
LOT007680,MODEL_A,PRESS_01,Normal,0,98.48,0,False
LOT007681,MODEL_C,PRESS_02,Delamination,1,93.85,1,True
LOT007682,MODEL_C,PRESS_03,Delamination,1,94.1,1,True
LOT007683,MODEL_B,PRESS_03,Delamination,1,94.67,1,True
LOT007684,MODEL_A,PRESS_02,Normal,0,99.31,0,False
LOT007685,MODEL_C,PRESS_02,Normal,0,98.41,0,False
LOT007686,MODEL_A,PRESS_02,Normal,0,98.61,0,False
LOT007687,MODEL_B,PRESS_01,Normal,0,97.65,0,False
LOT007688,MODEL_B,PRESS_02,Normal,0,98.56,0,False
LOT007689,MODEL_C,PRESS_01,Normal,0,98.21,0,False
LOT007690,MODEL_A,PRESS_03,Normal,0,98.62,1,True
LOT007691,MODEL_A,PRESS_03,Normal,0,97.83,0,False
LOT007692,MODEL_A,PRESS_02,Normal,0,98.35,0,False
LOT007693,MODEL_A,PRESS_02,Normal,0,97.88,0,False
LOT007694,MODEL_B,PRESS_03,Normal,0,98.38,0,False
LOT007695,MODEL_C,PRESS_02,Normal,0,99.44,0,False
LOT007696,MODEL_A,PRESS_03,Normal,0,98.09,0,False
LOT007697,MODEL_B,PRESS_02,Normal,0,98.05,0,False
LOT007698,MODEL_A,PRESS_01,Normal,0,98.46,0,False
LOT007699,MODEL_A,PRESS_01,Normal,0,98.12,0,False
LOT007700,MODEL_C,PRESS_01,Normal,0,98.98,0,False
LOT007701,MODEL_A,PRESS_02,Normal,0,98.11,0,False
LOT007702,MODEL_B,PRESS_02,Normal,0,97.89,0,False
LOT007703,MODEL_C,PRESS_02,Delamination,2,89.72,1,True
LOT007704,MODEL_C,PRESS_01,Normal,0,99.02,0,False
LOT007705,MODEL_A,PRESS_03,Normal,0,98.57,1,True
LOT007706,MODEL_B,PRESS_02,Normal,0,98.21,0,False
LOT007707,MODEL_C,PRESS_03,Normal,0,98.68,1,True
LOT007708,MODEL_B,PRESS_02,Normal,0,98.74,0,False
LOT007709,MODEL_A,PRESS_02,Normal,0,99.0,0,False
LOT007710,MODEL_A,PRESS_02,Normal,0,98.73,0,False
LOT007711,MODEL_C,PRESS_01,Normal,0,97.67,0,False
LOT007712,MODEL_C,PRESS_01,Normal,0,98.47,0,False
LOT007713,MODEL_A,PRESS_02,Normal,0,98.28,0,False
LOT007714,MODEL_A,PRESS_03,Normal,0,98.39,0,False
LOT007715,MODEL_A,PRESS_01,Normal,0,97.38,0,False
LOT007716,MODEL_A,PRESS_02,Normal,0,98.28,0,False
LOT007717,MODEL_C,PRESS_03,Normal,0,97.96,0,False
LOT007718,MODEL_C,PRESS_03,Normal,0,98.76,0,False
LOT007719,MODEL_A,PRESS_02,Normal,0,98.48,0,False
LOT007720,MODEL_C,PRESS_01,Normal,0,98.66,0,False
LOT007721,MODEL_C,PRESS_01,Normal,0,98.89,0,False
LOT007722,MODEL_B,PRESS_02,Normal,0,98.3,0,False
LOT007723,MODEL_C,PRESS_03,Normal,0,98.59,0,False
LOT007724,MODEL_A,PRESS_01,Normal,0,98.8,0,False
LOT007725,MODEL_C,PRESS_03,Normal,0,99.3,0,False
LOT007726,MODEL_A,PRESS_03,Normal,0,99.3,0,False
LOT007727,MODEL_C,PRESS_01,Normal,0,98.81,0,False
LOT007728,MODEL_B,PRESS_02,Normal,0,98.26,0,False
LOT007729,MODEL_A,PRESS_01,Normal,0,99.57,0,False
LOT007730,MODEL_C,PRESS_03,Delamination,1,94.58,2,True
LOT007731,MODEL_C,PRESS_02,Normal,0,99.03,0,False
LOT007732,MODEL_B,PRESS_01,Normal,0,99.14,0,False
LOT007733,MODEL_A,PRESS_01,Delamination,1,93.91,1,True
LOT007734,MODEL_A,PRESS_02,Normal,0,98.05,0,False
LOT007735,MODEL_C,PRESS_01,Normal,0,98.56,0,False
LOT007736,MODEL_A,PRESS_01,Normal,0,98.78,0,False
LOT007737,MODEL_C,PRESS_01,Normal,0,98.56,0,False
LOT007738,MODEL_B,PRESS_02,Normal,0,98.26,0,False
LOT007739,MODEL_C,PRESS_03,Normal,0,99.49,0,False
LOT007740,MODEL_C,PRESS_02,Delamination,1,94.52,1,True
LOT007741,MODEL_C,PRESS_01,Normal,0,98.46,0,False
LOT007742,MODEL_A,PRESS_02,Normal,0,99.81,0,False
LOT007743,MODEL_C,PRESS_03,Normal,0,97.88,0,False
LOT007744,MODEL_A,PRESS_01,Normal,0,98.16,0,False
LOT007745,MODEL_C,PRESS_01,Normal,0,99.0,0,False
LOT007746,MODEL_A,PRESS_01,Normal,0,98.92,0,False
LOT007747,MODEL_C,PRESS_03,Delamination,1,93.5,1,True
LOT007748,MODEL_A,PRESS_01,Normal,0,98.81,0,False
LOT007749,MODEL_B,PRESS_02,Delamination,10,53.31,1,True
LOT007750,MODEL_B,PRESS_03,Normal,0,98.11,0,False
LOT007751,MODEL_C,PRESS_02,Normal,0,99.04,0,False
LOT007752,MODEL_A,PRESS_02,Normal,0,98.3,0,False
LOT007753,MODEL_A,PRESS_01,Normal,0,98.74,0,False
LOT007754,MODEL_B,PRESS_01,Normal,0,97.96,0,False
LOT007755,MODEL_A,PRESS_01,Normal,0,97.57,0,False
LOT007756,MODEL_C,PRESS_03,Normal,0,97.43,0,False
LOT007757,MODEL_A,PRESS_01,Normal,0,98.89,0,False
LOT007758,MODEL_C,PRESS_01,Normal,0,98.24,0,False
LOT007759,MODEL_B,PRESS_03,Normal,0,98.33,0,False
LOT007760,MODEL_C,PRESS_02,Normal,0,98.34,0,False
LOT007761,MODEL_A,PRESS_02,Normal,0,98.26,0,False
LOT007762,MODEL_A,PRESS_03,Normal,0,98.59,0,False
LOT007763,MODEL_B,PRESS_02,Normal,0,99.1,0,False
LOT007764,MODEL_A,PRESS_03,Normal,0,97.97,0,False
LOT007765,MODEL_A,PRESS_02,Delamination,1,93.8,1,True
LOT007766,MODEL_A,PRESS_03,Delamination,1,94.57,1,True
LOT007767,MODEL_C,PRESS_03,Normal,0,98.07,0,False
LOT007768,MODEL_C,PRESS_02,Normal,0,98.32,0,False
LOT007769,MODEL_A,PRESS_01,Normal,0,98.6,0,False
LOT007770,MODEL_A,PRESS_03,Normal,0,98.32,0,False
LOT007771,MODEL_B,PRESS_01,Delamination,2,88.9,1,True
LOT007772,MODEL_B,PRESS_01,Normal,0,98.18,0,False
LOT007773,MODEL_C,PRESS_02,Normal,0,98.56,0,False
LOT007774,MODEL_A,PRESS_03,Normal,0,98.49,0,False
LOT007775,MODEL_B,PRESS_01,Normal,0,98.59,0,False
LOT007776,MODEL_A,PRESS_03,Normal,0,98.87,0,False
LOT007777,MODEL_A,PRESS_03,Normal,0,99.4,0,False
LOT007778,MODEL_C,PRESS_03,Normal,0,98.82,0,False
LOT007779,MODEL_B,PRESS_02,Normal,0,99.21,0,False
LOT007780,MODEL_B,PRESS_01,Normal,0,98.47,0,False
LOT007781,MODEL_A,PRESS_02,Normal,0,98.22,0,False
LOT007782,MODEL_B,PRESS_01,Normal,0,98.8,0,False
LOT007783,MODEL_B,PRESS_03,Normal,0,98.3,0,False
LOT007784,MODEL_C,PRESS_02,Normal,0,98.77,0,False
LOT007785,MODEL_B,PRESS_02,Normal,0,98.95,0,False
LOT007786,MODEL_A,PRESS_02,Normal,0,98.45,0,False
LOT007787,MODEL_C,PRESS_03,Normal,0,98.51,0,False
LOT007788,MODEL_A,PRESS_02,Normal,0,98.48,0,False
LOT007789,MODEL_C,PRESS_03,Normal,0,98.37,0,False
LOT007790,MODEL_B,PRESS_03,Normal,0,98.21,0,False
LOT007791,MODEL_C,PRESS_03,Normal,0,98.46,0,False
LOT007792,MODEL_B,PRESS_02,Normal,0,98.58,0,False
LOT007793,MODEL_B,PRESS_03,Normal,0,97.68,0,False
LOT007794,MODEL_B,PRESS_01,Normal,0,98.52,0,False
LOT007795,MODEL_A,PRESS_01,Normal,0,98.54,0,False
LOT007796,MODEL_A,PRESS_02,Normal,0,97.8,0,False
LOT007797,MODEL_C,PRESS_03,Delamination,1,94.41,1,True
LOT007798,MODEL_C,PRESS_01,Normal,0,99.01,0,False
LOT007799,MODEL_C,PRESS_02,Delamination,4,80.93,1,True
LOT007800,MODEL_A,PRESS_01,Normal,0,98.05,0,False
LOT007801,MODEL_B,PRESS_02,Delamination,2,90.37,1,True
LOT007802,MODEL_B,PRESS_01,Normal,0,98.4,0,False
LOT007803,MODEL_C,PRESS_03,Delamination,2,89.49,1,True
LOT007804,MODEL_B,PRESS_03,Normal,0,98.34,0,False
LOT007805,MODEL_C,PRESS_03,Delamination,3,84.88,1,True
LOT007806,MODEL_C,PRESS_03,Delamination,1,94.58,2,True
LOT007807,MODEL_B,PRESS_01,Normal,0,98.74,0,False
LOT007808,MODEL_B,PRESS_02,Normal,0,98.49,0,False
LOT007809,MODEL_B,PRESS_01,Normal,0,98.63,0,False
LOT007810,MODEL_C,PRESS_02,Delamination,1,92.96,1,True
LOT007811,MODEL_B,PRESS_02,Normal,0,98.49,0,False
LOT007812,MODEL_A,PRESS_03,Normal,0,98.11,0,False
LOT007813,MODEL_B,PRESS_01,Normal,0,98.22,0,False
LOT007814,MODEL_B,PRESS_03,Normal,0,98.83,0,False
LOT007815,MODEL_C,PRESS_02,Normal,0,98.77,0,False
LOT007816,MODEL_C,PRESS_03,Delamination,1,93.74,1,True
LOT007817,MODEL_A,PRESS_02,Normal,0,98.84,0,False
LOT007818,MODEL_B,PRESS_02,Normal,0,98.66,0,False
LOT007819,MODEL_A,PRESS_03,Normal,0,98.83,0,False
LOT007820,MODEL_B,PRESS_03,Normal,0,98.52,0,False
LOT007821,MODEL_C,PRESS_01,Normal,0,98.09,0,False
LOT007822,MODEL_C,PRESS_02,Normal,0,98.2,0,False
LOT007823,MODEL_A,PRESS_01,Normal,0,98.52,0,False
LOT007824,MODEL_A,PRESS_02,Normal,0,98.37,0,False
LOT007825,MODEL_C,PRESS_03,Normal,0,98.44,0,False
LOT007826,MODEL_B,PRESS_03,Normal,0,98.88,0,False
LOT007827,MODEL_B,PRESS_01,Normal,0,97.57,0,False
LOT007828,MODEL_C,PRESS_02,Normal,0,98.8,0,False
LOT007829,MODEL_C,PRESS_02,Normal,0,99.0,0,False
LOT007830,MODEL_C,PRESS_02,Normal,0,98.51,0,False
LOT007831,MODEL_C,PRESS_01,Normal,0,98.7,0,False
LOT007832,MODEL_C,PRESS_01,Normal,0,98.89,0,False
LOT007833,MODEL_C,PRESS_02,Normal,0,98.57,0,False
LOT007834,MODEL_C,PRESS_02,Normal,0,98.64,0,False
LOT007835,MODEL_B,PRESS_03,Delamination,1,93.87,1,True
LOT007836,MODEL_A,PRESS_02,Delamination,1,93.56,1,True
LOT007837,MODEL_C,PRESS_02,Normal,0,97.91,0,False
LOT007838,MODEL_C,PRESS_02,Delamination,1,94.46,1,True
LOT007839,MODEL_A,PRESS_03,Normal,0,98.32,0,False
LOT007840,MODEL_B,PRESS_02,Normal,0,98.36,1,True
LOT007841,MODEL_B,PRESS_02,Delamination,1,93.47,1,True
LOT007842,MODEL_B,PRESS_01,Normal,0,98.6,0,False
LOT007843,MODEL_C,PRESS_03,Normal,0,98.97,1,True
LOT007844,MODEL_B,PRESS_03,Normal,0,97.96,0,False
LOT007845,MODEL_C,PRESS_01,Normal,0,98.72,0,False
LOT007846,MODEL_C,PRESS_02,Normal,0,98.64,0,False
LOT007847,MODEL_C,PRESS_01,Normal,0,98.14,0,False
LOT007848,MODEL_B,PRESS_03,Normal,0,98.43,0,False
LOT007849,MODEL_A,PRESS_01,Normal,0,98.45,0,False
LOT007850,MODEL_C,PRESS_01,Normal,0,98.49,0,False
LOT007851,MODEL_A,PRESS_01,Normal,0,99.03,0,False
LOT007852,MODEL_A,PRESS_02,Normal,0,99.04,0,False
LOT007853,MODEL_A,PRESS_01,Normal,0,98.49,0,False
LOT007854,MODEL_A,PRESS_02,Normal,0,98.82,0,False
LOT007855,MODEL_C,PRESS_03,Normal,0,98.3,0,False
LOT007856,MODEL_B,PRESS_03,Normal,0,98.0,0,False
LOT007857,MODEL_A,PRESS_01,Normal,0,98.48,0,False
LOT007858,MODEL_A,PRESS_01,Normal,0,98.61,0,False
LOT007859,MODEL_A,PRESS_01,Normal,0,98.71,0,False
LOT007860,MODEL_C,PRESS_03,Normal,0,98.38,1,True
LOT007861,MODEL_C,PRESS_02,Normal,0,99.14,0,False
LOT007862,MODEL_A,PRESS_02,Normal,0,98.66,0,False
LOT007863,MODEL_A,PRESS_03,Normal,0,98.65,0,False
LOT007864,MODEL_B,PRESS_02,Normal,0,98.18,0,False
LOT007865,MODEL_C,PRESS_01,Normal,0,98.95,0,False
LOT007866,MODEL_A,PRESS_02,Normal,0,98.34,0,False
LOT007867,MODEL_C,PRESS_03,Normal,0,99.17,0,False
LOT007868,MODEL_A,PRESS_01,Normal,0,98.34,0,False
LOT007869,MODEL_A,PRESS_02,Normal,0,98.83,0,False
LOT007870,MODEL_B,PRESS_02,Delamination,1,95.07,0,True
LOT007871,MODEL_A,PRESS_01,Delamination,2,90.15,1,True
LOT007872,MODEL_A,PRESS_01,Normal,0,99.01,0,False
LOT007873,MODEL_A,PRESS_02,Delamination,2,89.98,1,True
LOT007874,MODEL_A,PRESS_02,Delamination,1,93.74,1,True
LOT007875,MODEL_C,PRESS_01,Normal,0,98.61,0,False
LOT007876,MODEL_A,PRESS_02,Normal,0,98.66,0,False
LOT007877,MODEL_A,PRESS_02,Normal,0,99.03,0,False
LOT007878,MODEL_A,PRESS_02,Normal,0,99.21,1,True
LOT007879,MODEL_A,PRESS_03,Normal,0,98.79,0,False
LOT007880,MODEL_B,PRESS_01,Normal,0,98.7,0,False
LOT007881,MODEL_C,PRESS_02,Delamination,2,89.34,1,True
LOT007882,MODEL_A,PRESS_01,Normal,0,98.55,0,False
LOT007883,MODEL_C,PRESS_03,Delamination,1,94.62,1,True
LOT007884,MODEL_B,PRESS_01,Delamination,1,94.02,1,True
LOT007885,MODEL_A,PRESS_03,Normal,0,98.1,0,False
LOT007886,MODEL_C,PRESS_01,Normal,0,98.76,0,False
LOT007887,MODEL_A,PRESS_01,Normal,0,98.66,0,False
LOT007888,MODEL_B,PRESS_02,Normal,0,98.79,0,False
LOT007889,MODEL_B,PRESS_03,Normal,0,98.43,0,False
LOT007890,MODEL_B,PRESS_01,Normal,0,98.21,0,False
LOT007891,MODEL_A,PRESS_01,Normal,0,98.6,0,False
LOT007892,MODEL_A,PRESS_03,Normal,0,98.72,0,False
LOT007893,MODEL_C,PRESS_01,Normal,0,99.21,0,False
LOT007894,MODEL_C,PRESS_01,Normal,0,98.81,0,False
LOT007895,MODEL_A,PRESS_03,Normal,0,98.8,0,False
LOT007896,MODEL_B,PRESS_01,Normal,0,98.65,0,False
LOT007897,MODEL_C,PRESS_03,Normal,0,98.25,0,False
LOT007898,MODEL_A,PRESS_03,Normal,0,98.49,0,False
LOT007899,MODEL_B,PRESS_03,Normal,0,98.54,0,False
LOT007900,MODEL_C,PRESS_01,Normal,0,99.19,0,False
LOT007901,MODEL_C,PRESS_01,Normal,0,98.1,0,False
LOT007902,MODEL_B,PRESS_02,Normal,0,98.67,0,False
LOT007903,MODEL_C,PRESS_02,Normal,0,98.21,0,False
LOT007904,MODEL_B,PRESS_03,Normal,0,98.89,0,False
LOT007905,MODEL_A,PRESS_02,Normal,0,98.34,0,False
LOT007906,MODEL_C,PRESS_03,Normal,0,98.96,0,False
LOT007907,MODEL_A,PRESS_03,Normal,0,98.98,0,False
LOT007908,MODEL_A,PRESS_03,Normal,0,98.5,0,False
LOT007909,MODEL_B,PRESS_01,Normal,0,98.53,0,False
LOT007910,MODEL_C,PRESS_01,Normal,0,98.53,0,False
LOT007911,MODEL_C,PRESS_01,Normal,0,98.45,0,False
LOT007912,MODEL_C,PRESS_02,Normal,0,98.28,0,False
LOT007913,MODEL_B,PRESS_01,Normal,0,98.86,0,False
LOT007914,MODEL_B,PRESS_03,Normal,0,99.24,0,False
LOT007915,MODEL_B,PRESS_01,Normal,0,98.86,0,False
LOT007916,MODEL_A,PRESS_03,Delamination,1,94.36,1,True
LOT007917,MODEL_B,PRESS_03,Normal,0,98.63,0,False
LOT007918,MODEL_A,PRESS_01,Normal,0,98.7,0,False
LOT007919,MODEL_A,PRESS_01,Normal,0,98.44,0,False
LOT007920,MODEL_C,PRESS_02,Delamination,1,94.46,1,True
LOT007921,MODEL_C,PRESS_02,Delamination,1,94.16,1,True
LOT007922,MODEL_A,PRESS_01,Normal,0,98.89,0,False
LOT007923,MODEL_A,PRESS_02,Normal,0,99.3,0,False
LOT007924,MODEL_A,PRESS_01,Normal,0,98.77,0,False
LOT007925,MODEL_A,PRESS_01,Normal,0,98.76,0,False
LOT007926,MODEL_C,PRESS_03,Normal,0,98.31,0,False
LOT007927,MODEL_C,PRESS_03,Normal,0,98.89,0,False
LOT007928,MODEL_C,PRESS_01,Normal,0,98.35,0,False
LOT007929,MODEL_B,PRESS_03,Delamination,1,94.33,1,True
LOT007930,MODEL_A,PRESS_02,Normal,0,98.93,0,False
LOT007931,MODEL_A,PRESS_02,Normal,0,98.99,0,False
LOT007932,MODEL_C,PRESS_01,Normal,0,98.97,0,False
LOT007933,MODEL_C,PRESS_02,Normal,0,98.47,0,False
LOT007934,MODEL_B,PRESS_02,Normal,0,98.17,0,False
LOT007935,MODEL_B,PRESS_02,Normal,0,99.01,0,False
LOT007936,MODEL_C,PRESS_01,Delamination,1,94.38,1,True
LOT007937,MODEL_C,PRESS_01,Normal,0,98.14,0,False
LOT007938,MODEL_A,PRESS_02,Normal,0,99.31,0,False
LOT007939,MODEL_B,PRESS_01,Normal,0,98.79,0,False
LOT007940,MODEL_A,PRESS_01,Normal,0,98.77,0,False
LOT007941,MODEL_B,PRESS_02,Delamination,1,93.57,1,True
LOT007942,MODEL_B,PRESS_03,Normal,0,98.08,0,False
LOT007943,MODEL_A,PRESS_02,Normal,0,99.07,0,False
LOT007944,MODEL_A,PRESS_01,Normal,0,98.86,0,False
LOT007945,MODEL_B,PRESS_03,Normal,0,99.28,0,False
LOT007946,MODEL_B,PRESS_02,Delamination,6,72.22,2,True
LOT007947,MODEL_C,PRESS_03,Delamination,1,93.49,1,True
LOT007948,MODEL_A,PRESS_01,Normal,0,98.3,0,False
LOT007949,MODEL_A,PRESS_02,Normal,0,98.17,0,False
LOT007950,MODEL_C,PRESS_01,Normal,0,97.86,0,False
LOT007951,MODEL_C,PRESS_02,Normal,0,98.76,0,False
LOT007952,MODEL_C,PRESS_01,Normal,0,97.83,0,False
LOT007953,MODEL_C,PRESS_03,Normal,0,98.72,0,False
LOT007954,MODEL_C,PRESS_01,Normal,0,99.2,0,False
LOT007955,MODEL_B,PRESS_02,Normal,0,98.51,0,False
LOT007956,MODEL_C,PRESS_01,Normal,0,99.22,0,False
LOT007957,MODEL_B,PRESS_03,Normal,0,99.01,0,False
LOT007958,MODEL_C,PRESS_02,Normal,0,98.43,0,False
LOT007959,MODEL_B,PRESS_03,Normal,0,98.97,0,False
LOT007960,MODEL_B,PRESS_02,Normal,0,99.18,0,False
LOT007961,MODEL_C,PRESS_02,Normal,0,99.97,0,False
LOT007962,MODEL_B,PRESS_01,Normal,0,98.7,0,False
LOT007963,MODEL_A,PRESS_02,Delamination,1,94.26,1,True
LOT007964,MODEL_C,PRESS_02,Normal,0,99.37,0,False
LOT007965,MODEL_B,PRESS_01,Normal,0,98.61,0,False
LOT007966,MODEL_C,PRESS_02,Delamination,2,90.02,1,True
LOT007967,MODEL_B,PRESS_01,Normal,0,98.67,0,False
LOT007968,MODEL_C,PRESS_01,Normal,0,98.87,0,False
LOT007969,MODEL_B,PRESS_01,Delamination,1,93.45,1,True
LOT007970,MODEL_C,PRESS_02,Normal,0,99.03,0,False
LOT007971,MODEL_C,PRESS_01,Delamination,1,93.92,1,True
LOT007972,MODEL_A,PRESS_01,Normal,0,99.33,0,False
LOT007973,MODEL_C,PRESS_02,Normal,0,98.14,0,False
LOT007974,MODEL_C,PRESS_01,Normal,0,99.13,0,False
LOT007975,MODEL_B,PRESS_01,Normal,0,98.94,0,False
LOT007976,MODEL_C,PRESS_02,Normal,0,98.98,0,False
LOT007977,MODEL_C,PRESS_01,Normal,0,98.98,0,False
LOT007978,MODEL_B,PRESS_03,Normal,0,98.06,0,False
LOT007979,MODEL_B,PRESS_02,Normal,0,98.92,0,False
LOT007980,MODEL_C,PRESS_03,Normal,0,98.83,0,False
LOT007981,MODEL_A,PRESS_03,Normal,0,98.68,0,False
LOT007982,MODEL_B,PRESS_03,Normal,0,98.3,0,False
LOT007983,MODEL_C,PRESS_02,Normal,0,98.19,0,False
LOT007984,MODEL_C,PRESS_02,Normal,0,98.31,0,False
LOT007985,MODEL_A,PRESS_03,Delamination,1,93.78,2,True
LOT007986,MODEL_A,PRESS_01,Normal,0,98.84,0,False
LOT007987,MODEL_B,PRESS_03,Normal,0,98.6,0,False
LOT007988,MODEL_C,PRESS_01,Normal,0,98.61,0,False
LOT007989,MODEL_B,PRESS_01,Normal,0,99.22,0,False
LOT007990,MODEL_A,PRESS_01,Normal,0,98.73,0,False
LOT007991,MODEL_A,PRESS_01,Normal,0,98.84,0,False
LOT007992,MODEL_B,PRESS_01,Normal,0,98.98,0,False
LOT007993,MODEL_B,PRESS_03,Delamination,1,94.58,1,True
LOT007994,MODEL_A,PRESS_01,Normal,0,99.15,0,False
LOT007995,MODEL_B,PRESS_03,Normal,0,98.81,1,True
LOT007996,MODEL_B,PRESS_02,Normal,0,98.91,0,False
LOT007997,MODEL_A,PRESS_03,Delamination,1,94.41,2,True
LOT007998,MODEL_A,PRESS_02,Normal,0,98.9,0,False
LOT007999,MODEL_B,PRESS_01,Normal,0,97.49,0,False
LOT008000,MODEL_C,PRESS_01,Normal,0,98.37,0,False
